Time	Open	High	Low	Close	Volume
2025.06.20 00:00	402.581	402.581	402.581	402.581	1
2025.06.20 00:01	ERROR	ERROR	ERROR	ERROR	ERROR
2025.06.20 00:02	ERROR	ERROR	ERROR	ERROR	ERROR
2025.06.20 00:03	ERROR	ERROR	ERROR	ERROR	ERROR
2025.06.20 00:04	ERROR	ERROR	ERROR	ERROR	ERROR
2025.06.20 00:05	ERROR	ERROR	ERROR	ERROR	ERROR
2025.06.20 00:06	402.587	402.587	402.587	402.587	1
2025.06.20 00:07	402.587	402.62	402.514	402.592	11
2025.06.20 00:08	402.509	402.621	402.509	402.593	48
2025.06.20 00:09	402.622	402.622	402.515	402.593	5
2025.06.20 00:10	402.51	402.621	402.51	402.593	69
2025.06.20 00:11	402.516	402.633	402.516	402.633	165
2025.06.20 00:12	402.522	402.633	402.519	402.522	157
2025.06.20 00:13	402.633	402.633	402.511	402.522	168
2025.06.20 00:14	402.633	402.633	402.511	402.633	196
2025.06.20 00:15	402.522	402.638	402.492	402.526	51
2025.06.20 00:16	402.528	402.545	402.506	402.523	32
2025.06.20 00:17	402.517	402.527	402.517	402.525	5
2025.06.20 00:18	ERROR	ERROR	ERROR	ERROR	ERROR
2025.06.20 00:19	ERROR	ERROR	ERROR	ERROR	ERROR
2025.06.20 00:20	ERROR	ERROR	ERROR	ERROR	ERROR
2025.06.20 00:21	ERROR	ERROR	ERROR	ERROR	ERROR
2025.06.20 00:22	ERROR	ERROR	ERROR	ERROR	ERROR
2025.06.20 00:23	ERROR	ERROR	ERROR	ERROR	ERROR
2025.06.20 00:24	ERROR	ERROR	ERROR	ERROR	ERROR
2025.06.20 00:25	ERROR	ERROR	ERROR	ERROR	ERROR
2025.06.20 00:26	ERROR	ERROR	ERROR	ERROR	ERROR
2025.06.20 00:27	ERROR	ERROR	ERROR	ERROR	ERROR
2025.06.20 00:28	ERROR	ERROR	ERROR	ERROR	ERROR
2025.06.20 00:29	ERROR	ERROR	ERROR	ERROR	ERROR
2025.06.20 00:30	402.519	402.633	402.515	402.522	47
2025.06.20 00:31	ERROR	ERROR	ERROR	ERROR	ERROR
2025.06.20 00:32	ERROR	ERROR	ERROR	ERROR	ERROR
2025.06.20 00:33	402.525	402.622	402.481	402.509	64
2025.06.20 00:34	402.524	402.639	402.49	402.523	75
2025.06.20 00:35	402.52	402.525	402.51	402.525	5
2025.06.20 00:36	402.525	402.525	402.525	402.525	1
2025.06.20 00:37	402.504	402.522	402.504	402.522	2
2025.06.20 00:38	402.595	402.595	402.484	402.52	34
2025.06.20 00:39	402.518	402.519	402.5	402.519	7
2025.06.20 00:40	ERROR	ERROR	ERROR	ERROR	ERROR
2025.06.20 00:41	402.519	402.519	402.519	402.519	1
2025.06.20 00:42	ERROR	ERROR	ERROR	ERROR	ERROR
2025.06.20 00:43	402.496	402.513	402.496	402.502	8
2025.06.20 00:44	402.495	402.633	402.489	402.505	96
2025.06.20 00:45	402.523	402.523	402.5	402.503	4
2025.06.20 00:46	402.524	402.525	402.491	402.498	7
2025.06.20 00:47	402.518	402.639	402.488	402.52	111
2025.06.20 00:48	402.532	402.532	402.532	402.532	1
2025.06.20 00:49	ERROR	ERROR	ERROR	ERROR	ERROR
2025.06.20 00:50	402.51	402.631	402.482	402.499	89
2025.06.20 00:51	402.523	402.526	402.495	402.497	18
2025.06.20 00:52	402.503	402.634	402.494	402.504	12
2025.06.20 00:53	402.5	402.638	402.483	402.497	25
2025.06.20 00:54	402.509	402.635	402.488	402.509	93
2025.06.20 00:55	402.504	402.628	402.5	402.619	105
2025.06.20 00:56	402.523	402.638	402.494	402.522	196
2025.06.20 00:57	402.519	402.641	402.496	402.503	137
2025.06.20 00:58	402.521	402.635	402.493	402.52	102
2025.06.20 00:59	402.52	402.521	402.501	402.52	22
2025.06.20 01:00	402.23	402.32	402.04	402.213	40
2025.06.20 01:01	402.213	402.304	402.213	402.213	8
2025.06.20 01:02	402.213	402.213	402.213	402.213	1
2025.06.20 01:03	402.213	402.213	402.213	402.213	1
2025.06.20 01:04	402.213	402.213	402.213	402.213	1
2025.06.20 01:05	402.213	402.294	402.213	402.213	3
2025.06.20 01:06	402.213	402.213	401.998	402.213	3
2025.06.20 01:07	402.213	402.294	402.071	402.294	4
2025.06.20 01:08	402.375	402.375	402.195	402.375	5
2025.06.20 01:09	ERROR	ERROR	ERROR	ERROR	ERROR
2025.06.20 01:10	402.375	402.375	402.138	402.294	3
2025.06.20 01:11	401.998	402.294	401.998	402.294	2
2025.06.20 01:12	402.213	402.294	402.052	402.294	4
2025.06.20 01:13	402.188	402.294	402.188	402.294	2
2025.06.20 01:14	402.294	402.294	402.075	402.294	5
2025.06.20 01:15	402.294	402.294	402.076	402.294	3
2025.06.20 01:16	402.294	402.294	402.101	402.101	2
2025.06.20 01:17	402.294	402.294	402.092	402.213	3
2025.06.20 01:18	402.213	402.213	402.213	402.213	1
2025.06.20 01:19	402.213	402.294	402.213	402.294	2
2025.06.20 01:20	402.213	402.294	402.213	402.294	2
2025.06.20 01:21	402.294	402.294	402.213	402.213	2
2025.06.20 01:22	402.213	402.294	402.018	402.294	5
2025.06.20 01:23	402.294	402.294	402.062	402.213	3
2025.06.20 01:24	402.294	402.294	402.294	402.294	1
2025.06.20 01:25	ERROR	ERROR	ERROR	ERROR	ERROR
2025.06.20 01:26	402.05	402.213	402.05	402.213	3
2025.06.20 01:27	402.213	402.294	402.015	402.213	6
2025.06.20 01:28	ERROR	ERROR	ERROR	ERROR	ERROR
2025.06.20 01:29	ERROR	ERROR	ERROR	ERROR	ERROR
2025.06.20 01:30	ERROR	ERROR	ERROR	ERROR	ERROR
2025.06.20 01:31	ERROR	ERROR	ERROR	ERROR	ERROR
2025.06.20 01:32	ERROR	ERROR	ERROR	ERROR	ERROR
2025.06.20 01:33	401.999	402.213	401.999	402.132	4
2025.06.20 01:34	402.03	402.167	402.03	402.155	4
2025.06.20 01:35	402.132	402.213	402.132	402.213	2
2025.06.20 01:36	402.213	402.213	402.213	402.213	1
2025.06.20 01:37	402.132	402.213	402.072	402.132	4
2025.06.20 01:38	402.072	402.213	402.072	402.132	10
2025.06.20 01:39	402.213	402.213	402.086	402.213	6
2025.06.20 01:40	ERROR	ERROR	ERROR	ERROR	ERROR
2025.06.20 01:41	ERROR	ERROR	ERROR	ERROR	ERROR
2025.06.20 01:42	ERROR	ERROR	ERROR	ERROR	ERROR
2025.06.20 01:43	ERROR	ERROR	ERROR	ERROR	ERROR
2025.06.20 01:44	ERROR	ERROR	ERROR	ERROR	ERROR
2025.06.20 01:45	401.998	402.213	401.998	402.213	2
2025.06.20 01:46	ERROR	ERROR	ERROR	ERROR	ERROR
2025.06.20 01:47	402.294	402.294	402.294	402.294	1
2025.06.20 01:48	402.07	402.294	402.07	402.294	9
2025.06.20 01:49	402.202	402.294	402.058	402.294	14
2025.06.20 01:50	402.294	402.294	401.998	402.294	11
2025.06.20 01:51	402.294	402.294	402.062	402.294	4
2025.06.20 01:52	402.294	402.375	402.294	402.375	2
2025.06.20 01:53	402.375	402.375	402.294	402.294	2
2025.06.20 01:54	402.375	402.375	402.294	402.294	2
2025.06.20 01:55	402.294	402.294	402.294	402.294	1
2025.06.20 01:56	402.294	402.294	402.294	402.294	1
2025.06.20 01:57	402.294	402.294	402.294	402.294	1
2025.06.20 01:58	402.294	402.294	402.294	402.294	1
2025.06.20 01:59	402.294	402.294	402.294	402.294	1
2025.06.20 02:00	402.294	402.294	402.294	402.294	1
2025.06.20 02:01	402.294	402.294	402.294	402.294	1
2025.06.20 02:02	402.294	402.294	402.294	402.294	1
2025.06.20 02:03	402.294	402.294	402.294	402.294	1
2025.06.20 02:04	402.294	402.375	402.294	402.375	2
2025.06.20 02:05	ERROR	ERROR	ERROR	ERROR	ERROR
2025.06.20 02:06	402.294	402.375	402.294	402.375	2
2025.06.20 02:07	402.214	402.375	402.214	402.375	2
2025.06.20 02:08	ERROR	ERROR	ERROR	ERROR	ERROR
2025.06.20 02:09	402.375	402.375	402.375	402.375	1
2025.06.20 02:10	402.375	402.375	402.375	402.375	1
2025.06.20 02:11	ERROR	ERROR	ERROR	ERROR	ERROR
2025.06.20 02:12	402.375	402.375	402.375	402.375	1
2025.06.20 02:13	402.456	402.456	402.375	402.375	2
2025.06.20 02:14	402.375	402.375	402.375	402.375	1
2025.06.20 02:15	ERROR	ERROR	ERROR	ERROR	ERROR
2025.06.20 02:16	402.456	402.537	402.194	402.537	5
2025.06.20 02:17	402.537	402.537	402.537	402.537	1
2025.06.20 02:18	402.537	402.537	402.143	402.537	6
2025.06.20 02:19	402.537	402.537	402.101	402.537	5
2025.06.20 02:20	402.537	402.537	402.537	402.537	1
2025.06.20 02:21	402.537	402.537	402.537	402.537	1
2025.06.20 02:22	402.537	402.635	402.537	402.618	7
2025.06.20 02:23	402.633	402.699	402.432	402.618	8
2025.06.20 02:24	402.618	402.699	402.069	402.699	36
2025.06.20 02:25	402.699	402.78	401.989	402.699	18
2025.06.20 02:26	402.699	402.731	402.544	402.704	13
2025.06.20 02:27	402.705	402.712	402.272	402.463	41
2025.06.20 02:28	402.699	402.718	402.381	402.618	37
2025.06.20 02:29	402.461	402.714	402.251	402.618	45
2025.06.20 02:30	402.715	402.733	401.858	402.301	50
2025.06.20 02:31	402.274	402.699	401.834	402.699	4
2025.06.20 02:32	402.699	402.71	402.52	402.64	15
2025.06.20 02:33	402.639	402.78	402.233	402.703	27
2025.06.20 02:34	402.44	402.72	402.295	402.72	66
2025.06.20 02:35	402.704	402.704	402.18	402.586	38
2025.06.20 02:36	402.587	402.717	402.411	402.699	51
2025.06.20 02:37	402.702	402.728	402.423	402.71	76
2025.06.20 02:38	402.71	402.716	402.488	402.699	40
2025.06.20 02:39	402.703	402.732	402.212	402.625	34
2025.06.20 02:40	402.636	402.699	402.574	402.639	34
2025.06.20 02:41	402.617	402.699	402.286	402.63	47
2025.06.20 02:42	402.699	402.699	402.221	402.699	62
2025.06.20 02:43	402.453	402.699	402.183	402.699	24
2025.06.20 02:44	402.699	402.78	402.153	402.699	28
2025.06.20 02:45	402.78	402.78	401.958	402.78	45
2025.06.20 02:46	402.78	402.78	402.208	402.208	15
2025.06.20 02:47	402.208	402.208	402.034	402.117	8
2025.06.20 02:48	402.117	402.233	402.098	402.233	10
2025.06.20 02:49	402.233	402.244	401.785	402.244	20
2025.06.20 02:50	401.953	402.286	401.912	402.275	50
2025.06.20 02:51	402.299	402.549	402.275	402.304	62
2025.06.20 02:52	402.399	402.549	402.272	402.272	65
2025.06.20 02:53	402.295	402.549	402.295	402.295	58
2025.06.20 02:54	402.299	402.549	402.253	402.257	49
2025.06.20 02:55	402.265	402.549	402.265	402.549	48
2025.06.20 02:56	402.295	402.549	402.295	402.295	53
2025.06.20 02:57	402.295	402.549	402.295	402.549	55
2025.06.20 02:58	402.385	402.549	402.295	402.295	69
2025.06.20 02:59	402.295	402.549	402.295	402.448	48
2025.06.20 03:00	402.54	403.079	402.505	403.006	71
2025.06.20 03:01	403.017	403.055	402.968	403.017	20
2025.06.20 03:02	403.027	403.097	403.002	403.097	40
2025.06.20 03:03	403.113	403.113	402.979	403.028	49
2025.06.20 03:04	403.029	403.089	402.801	403.064	52
2025.06.20 03:05	403.049	403.081	403.048	403.055	18
2025.06.20 03:06	403.056	403.086	403.023	403.086	41
2025.06.20 03:07	403.076	403.09	403.065	403.086	22
2025.06.20 03:08	403.085	403.126	402.912	403.092	24
2025.06.20 03:09	403.074	403.089	402.91	403.044	14
2025.06.20 03:10	403.032	403.085	403.032	403.038	31
2025.06.20 03:11	403.049	403.086	403.049	403.069	12
2025.06.20 03:12	403.087	403.115	403.01	403.089	26
2025.06.20 03:13	403.078	403.089	402.887	403.041	19
2025.06.20 03:14	403.027	403.054	403.001	403.02	16
2025.06.20 03:15	403.03	403.065	402.91	403.021	12
2025.06.20 03:16	403.01	403.085	403.01	403.026	18
2025.06.20 03:17	402.89	403.1	402.89	403.046	18
2025.06.20 03:18	403.085	403.12	403.036	403.076	24
2025.06.20 03:19	403.076	403.107	403.044	403.056	13
2025.06.20 03:20	403.059	403.071	403.057	403.071	4
2025.06.20 03:21	402.94	403.132	402.94	403.132	11
2025.06.20 03:22	403.094	403.137	402.883	403.137	15
2025.06.20 03:23	403.146	403.147	403.072	403.074	11
2025.06.20 03:24	403.112	403.174	403.112	403.148	8
2025.06.20 03:25	403.15	403.166	403.148	403.149	10
2025.06.20 03:26	403.137	403.15	402.954	403.12	12
2025.06.20 03:27	403.118	403.135	402.99	403.12	10
2025.06.20 03:28	403.082	403.121	403.07	403.121	7
2025.06.20 03:29	403.131	403.142	402.99	403.142	9
2025.06.20 03:30	403.139	403.144	402.98	403.14	9
2025.06.20 03:31	403.0	403.143	403.0	403.141	10
2025.06.20 03:32	403.141	403.166	403.02	403.145	7
2025.06.20 03:33	403.158	403.159	403.094	403.116	17
2025.06.20 03:34	403.101	403.112	403.092	403.104	7
2025.06.20 03:35	403.112	403.112	403.096	403.096	4
2025.06.20 03:36	403.084	403.147	403.082	403.138	18
2025.06.20 03:37	403.114	403.133	403.0	403.133	8
2025.06.20 03:38	403.133	403.133	402.925	403.12	9
2025.06.20 03:39	402.99	403.134	402.89	403.116	20
2025.06.20 03:40	403.116	403.246	403.015	403.175	19
2025.06.20 03:41	403.191	403.191	402.936	403.176	4
2025.06.20 03:42	403.215	403.215	402.824	403.166	13
2025.06.20 03:43	403.205	403.205	402.843	403.153	5
2025.06.20 03:44	403.192	403.204	403.122	403.187	13
2025.06.20 03:45	403.177	403.195	403.13	403.195	18
2025.06.20 03:46	402.981	403.193	402.981	403.155	15
2025.06.20 03:47	402.925	403.2	402.925	403.185	10
2025.06.20 03:48	402.939	403.183	402.939	403.142	17
2025.06.20 03:49	402.923	403.185	402.923	403.166	15
2025.06.20 03:50	403.05	403.186	402.936	403.186	7
2025.06.20 03:51	403.197	403.211	403.167	403.183	12
2025.06.20 03:52	403.215	403.239	403.06	403.211	12
2025.06.20 03:53	403.223	403.251	403.114	403.126	32
2025.06.20 03:54	403.141	403.273	403.083	403.262	75
2025.06.20 03:55	403.273	403.286	403.097	403.22	12
2025.06.20 03:56	403.244	403.27	403.216	403.227	6
2025.06.20 03:57	403.189	403.239	403.055	403.196	15
2025.06.20 03:58	403.085	403.211	403.034	403.189	8
2025.06.20 03:59	403.199	403.221	403.087	403.216	5
2025.06.20 04:00	403.192	403.228	403.047	403.216	21
2025.06.20 04:01	403.226	403.233	403.067	403.195	17
2025.06.20 04:02	403.198	403.246	403.187	403.216	22
2025.06.20 04:03	403.041	403.213	403.035	403.197	14
2025.06.20 04:04	403.186	403.27	403.144	403.26	50
2025.06.20 04:05	403.225	403.248	403.2	403.248	16
2025.06.20 04:06	403.249	403.261	403.207	403.209	21
2025.06.20 04:07	403.194	403.208	403.05	403.167	12
2025.06.20 04:08	403.167	403.181	403.055	403.15	7
2025.06.20 04:09	403.165	403.165	403.037	403.151	8
2025.06.20 04:10	403.027	403.224	403.027	403.178	20
2025.06.20 04:11	403.158	403.191	403.138	403.177	16
2025.06.20 04:12	403.177	403.197	403.123	403.123	20
2025.06.20 04:13	403.162	403.217	403.134	403.141	16
2025.06.20 04:14	403.153	403.23	403.024	403.219	22
2025.06.20 04:15	403.207	403.221	403.105	403.186	16
2025.06.20 04:16	403.147	403.15	403.104	403.104	17
2025.06.20 04:17	403.105	403.159	403.104	403.123	19
2025.06.20 04:18	403.121	403.138	403.105	403.105	7
2025.06.20 04:19	403.12	403.18	403.024	403.139	15
2025.06.20 04:20	403.132	403.178	403.027	403.173	13
2025.06.20 04:21	403.192	403.237	403.105	403.214	15
2025.06.20 04:22	403.195	403.257	403.195	403.252	17
2025.06.20 04:23	403.253	403.255	403.105	403.203	22
2025.06.20 04:24	403.204	403.257	403.105	403.244	28
2025.06.20 04:25	403.243	403.243	403.165	403.206	19
2025.06.20 04:26	403.211	403.224	403.17	403.186	7
2025.06.20 04:27	403.186	403.223	403.186	403.223	3
2025.06.20 04:28	403.212	403.212	403.186	403.186	20
2025.06.20 04:29	403.186	403.186	403.186	403.186	1
2025.06.20 04:30	403.186	403.186	403.186	403.186	1
2025.06.20 04:31	403.186	403.186	403.108	403.172	21
2025.06.20 04:32	403.133	403.198	403.133	403.136	11
2025.06.20 04:33	403.188	403.188	403.105	403.132	9
2025.06.20 04:34	403.105	403.132	403.105	403.121	6
2025.06.20 04:35	403.135	403.181	403.001	403.105	25
2025.06.20 04:36	403.105	403.131	403.105	403.112	10
2025.06.20 04:37	403.105	403.138	403.089	403.128	11
2025.06.20 04:38	403.132	403.157	403.132	403.152	34
2025.06.20 04:39	403.143	403.156	403.105	403.138	48
2025.06.20 04:40	403.142	403.148	403.049	403.145	18
2025.06.20 04:41	403.145	403.15	403.048	403.146	11
2025.06.20 04:42	403.151	403.156	403.148	403.156	16
2025.06.20 04:43	403.156	403.156	403.058	403.148	16
2025.06.20 04:44	403.149	403.156	403.049	403.087	54
2025.06.20 04:45	403.136	403.158	403.092	403.152	58
2025.06.20 04:46	403.111	403.174	403.111	403.147	71
2025.06.20 04:47	403.153	403.161	403.105	403.105	78
2025.06.20 04:48	403.142	403.156	403.105	403.147	45
2025.06.20 04:49	403.154	403.161	403.105	403.159	125
2025.06.20 04:50	403.16	403.166	403.136	403.16	36
2025.06.20 04:51	403.161	403.161	403.158	403.158	3
2025.06.20 04:52	403.157	403.163	403.073	403.149	20
2025.06.20 04:53	403.15	403.154	403.048	403.149	26
2025.06.20 04:54	403.151	403.154	403.049	403.147	30
2025.06.20 04:55	403.153	403.153	403.114	403.15	7
2025.06.20 04:56	403.057	403.146	403.057	403.146	8
2025.06.20 04:57	403.146	403.159	403.146	403.15	14
2025.06.20 04:58	403.15	403.158	403.049	403.15	7
2025.06.20 04:59	403.15	403.159	403.15	403.151	5
2025.06.20 05:00	403.15	403.157	403.15	403.157	3
2025.06.20 05:01	403.113	403.157	403.113	403.154	10
2025.06.20 05:02	403.154	403.155	403.08	403.154	11
2025.06.20 05:03	403.153	403.154	403.139	403.145	10
2025.06.20 05:04	403.14	403.162	403.05	403.154	35
2025.06.20 05:05	403.153	403.154	403.139	403.143	24
2025.06.20 05:06	403.142	403.146	403.122	403.122	9
2025.06.20 05:07	403.12	403.12	403.12	403.12	1
2025.06.20 05:08	403.12	403.12	403.113	403.116	6
2025.06.20 05:09	403.113	403.12	403.09	403.097	16
2025.06.20 05:10	403.098	403.131	403.017	403.118	61
2025.06.20 05:11	403.116	403.13	403.116	403.119	8
2025.06.20 05:12	403.116	403.146	403.116	403.146	10
2025.06.20 05:13	403.145	403.156	403.133	403.133	6
2025.06.20 05:14	403.136	403.136	403.133	403.133	2
2025.06.20 05:15	403.146	403.148	403.131	403.135	4
2025.06.20 05:16	403.131	403.145	403.131	403.14	25
2025.06.20 05:17	403.116	403.15	403.116	403.136	9
2025.06.20 05:18	403.136	403.136	403.136	403.136	1
2025.06.20 05:19	403.135	403.135	403.131	403.131	2
2025.06.20 05:20	403.11	403.131	403.105	403.131	3
2025.06.20 05:21	ERROR	ERROR	ERROR	ERROR	ERROR
2025.06.20 05:22	403.131	403.14	403.11	403.139	9
2025.06.20 05:23	403.15	403.151	403.117	403.121	21
2025.06.20 05:24	403.123	403.123	403.116	403.116	3
2025.06.20 05:25	403.11	403.135	403.11	403.135	8
2025.06.20 05:26	403.128	403.153	403.128	403.141	21
2025.06.20 05:27	403.153	403.153	403.139	403.144	5
2025.06.20 05:28	403.143	403.147	403.131	403.131	8
2025.06.20 05:29	403.131	403.131	403.105	403.131	6
2025.06.20 05:30	403.105	403.131	403.104	403.131	3
2025.06.20 05:31	403.121	403.121	403.088	403.121	8
2025.06.20 05:32	403.118	403.118	403.046	403.108	34
2025.06.20 05:33	403.108	403.163	403.052	403.163	113
2025.06.20 05:34	403.156	403.168	403.143	403.16	37
2025.06.20 05:35	403.162	403.175	403.132	403.172	85
2025.06.20 05:36	403.164	403.182	403.126	403.17	66
2025.06.20 05:37	403.163	403.187	403.126	403.187	36
2025.06.20 05:38	403.176	403.191	403.105	403.191	53
2025.06.20 05:39	403.187	403.203	403.065	403.202	57
2025.06.20 05:40	403.105	403.204	403.105	403.185	50
2025.06.20 05:41	403.184	403.19	403.105	403.152	75
2025.06.20 05:42	403.153	403.162	403.134	403.148	39
2025.06.20 05:43	403.15	403.151	403.143	403.143	5
2025.06.20 05:44	403.149	403.164	403.105	403.143	16
2025.06.20 05:45	403.149	403.149	403.143	403.143	4
2025.06.20 05:46	403.148	403.17	403.143	403.17	11
2025.06.20 05:47	403.176	403.176	403.14	403.15	23
2025.06.20 05:48	403.16	403.164	403.153	403.159	9
2025.06.20 05:49	403.163	403.175	403.098	403.142	45
2025.06.20 05:50	403.144	403.158	403.096	403.155	18
2025.06.20 05:51	403.154	403.166	403.146	403.16	30
2025.06.20 05:52	403.157	403.181	403.095	403.16	51
2025.06.20 05:53	403.173	403.173	403.156	403.159	36
2025.06.20 05:54	403.16	403.16	403.128	403.159	15
2025.06.20 05:55	403.149	403.16	403.069	403.138	43
2025.06.20 05:56	403.139	403.151	403.137	403.151	20
2025.06.20 05:57	403.17	403.172	403.105	403.165	17
2025.06.20 05:58	403.166	403.17	403.069	403.153	47
2025.06.20 05:59	403.148	403.155	403.148	403.155	19
2025.06.20 06:00	403.153	403.153	403.151	403.151	8
2025.06.20 06:01	403.152	403.153	403.151	403.151	6
2025.06.20 06:02	403.14	403.152	403.14	403.152	2
2025.06.20 06:03	403.151	403.152	403.151	403.151	3
2025.06.20 06:04	403.15	403.153	403.071	403.153	30
2025.06.20 06:05	403.148	403.153	403.081	403.153	35
2025.06.20 06:06	403.095	403.157	403.091	403.153	10
2025.06.20 06:07	403.152	403.153	403.152	403.153	6
2025.06.20 06:08	403.152	403.153	403.152	403.152	5
2025.06.20 06:09	403.153	403.231	403.098	403.198	91
2025.06.20 06:10	403.2	403.268	403.07	403.146	86
2025.06.20 06:11	403.148	403.148	403.069	403.135	8
2025.06.20 06:12	403.133	403.145	403.07	403.145	9
2025.06.20 06:13	403.139	403.145	403.127	403.131	13
2025.06.20 06:14	403.131	403.132	403.13	403.13	8
2025.06.20 06:15	403.13	403.13	403.13	403.13	1
2025.06.20 06:16	403.13	403.132	403.07	403.131	9
2025.06.20 06:17	403.131	403.133	403.13	403.13	4
2025.06.20 06:18	403.131	403.137	403.131	403.134	18
2025.06.20 06:19	403.116	403.116	403.103	403.104	8
2025.06.20 06:20	403.103	403.104	403.103	403.104	2
2025.06.20 06:21	403.085	403.104	403.085	403.104	2
2025.06.20 06:22	403.078	403.103	403.078	403.101	5
2025.06.20 06:23	403.102	403.102	403.074	403.102	10
2025.06.20 06:24	403.101	403.102	403.101	403.101	5
2025.06.20 06:25	403.089	403.156	403.089	403.101	5
2025.06.20 06:26	403.093	403.101	403.069	403.101	5
2025.06.20 06:27	403.102	403.102	403.101	403.101	2
2025.06.20 06:28	403.071	403.102	403.061	403.09	17
2025.06.20 06:29	403.094	403.1	403.093	403.097	11
2025.06.20 06:30	403.088	403.097	403.088	403.097	13
2025.06.20 06:31	403.069	403.097	403.069	403.097	3
2025.06.20 06:32	403.096	403.097	403.096	403.097	4
2025.06.20 06:33	403.113	403.118	403.113	403.118	4
2025.06.20 06:34	403.118	403.118	403.118	403.118	1
2025.06.20 06:35	403.118	403.118	403.117	403.117	2
2025.06.20 06:36	403.117	403.117	403.107	403.107	5
2025.06.20 06:37	403.062	403.106	403.062	403.106	3
2025.06.20 06:38	403.065	403.106	403.064	403.106	3
2025.06.20 06:39	ERROR	ERROR	ERROR	ERROR	ERROR
2025.06.20 06:40	403.106	403.106	403.106	403.106	1
2025.06.20 06:41	ERROR	ERROR	ERROR	ERROR	ERROR
2025.06.20 06:42	ERROR	ERROR	ERROR	ERROR	ERROR
2025.06.20 06:43	ERROR	ERROR	ERROR	ERROR	ERROR
2025.06.20 06:44	ERROR	ERROR	ERROR	ERROR	ERROR
2025.06.20 06:45	ERROR	ERROR	ERROR	ERROR	ERROR
2025.06.20 06:46	403.107	403.113	403.106	403.112	5
2025.06.20 06:47	403.112	403.113	403.006	403.085	10
2025.06.20 06:48	403.085	403.087	403.017	403.084	10
2025.06.20 06:49	ERROR	ERROR	ERROR	ERROR	ERROR
2025.06.20 06:50	403.085	403.085	403.085	403.085	1
2025.06.20 06:51	ERROR	ERROR	ERROR	ERROR	ERROR
2025.06.20 06:52	ERROR	ERROR	ERROR	ERROR	ERROR
2025.06.20 06:53	403.087	403.094	403.087	403.093	5
2025.06.20 06:54	403.093	403.109	403.084	403.109	7
2025.06.20 06:55	403.109	403.109	403.109	403.109	1
2025.06.20 06:56	403.109	403.109	403.107	403.109	6
2025.06.20 06:57	403.109	403.119	403.104	403.104	14
2025.06.20 06:58	403.103	403.109	403.103	403.109	8
2025.06.20 06:59	403.108	403.108	403.108	403.108	1
2025.06.20 07:00	403.107	403.139	403.107	403.124	24
2025.06.20 07:01	403.127	403.13	403.123	403.123	9
2025.06.20 07:02	403.064	403.133	403.064	403.133	8
2025.06.20 07:03	403.133	403.133	403.123	403.123	4
2025.06.20 07:04	403.071	403.125	403.071	403.123	6
2025.06.20 07:05	ERROR	ERROR	ERROR	ERROR	ERROR
2025.06.20 07:06	403.122	403.122	403.112	403.113	4
2025.06.20 07:07	403.113	403.113	403.108	403.108	2
2025.06.20 07:08	403.06	403.107	403.06	403.103	5
2025.06.20 07:09	403.096	403.096	403.091	403.091	3
2025.06.20 07:10	403.073	403.073	403.066	403.066	2
2025.06.20 07:11	403.066	403.066	403.002	403.024	23
2025.06.20 07:12	403.02	403.036	403.02	403.036	7
2025.06.20 07:13	403.03	403.03	403.027	403.028	3
2025.06.20 07:14	403.026	403.026	403.026	403.026	1
2025.06.20 07:15	403.033	403.033	402.899	403.023	4
2025.06.20 07:16	403.023	403.023	403.017	403.017	6
2025.06.20 07:17	403.017	403.017	403.015	403.015	2
2025.06.20 07:18	402.944	403.01	402.944	403.01	5
2025.06.20 07:19	403.01	403.017	403.01	403.017	3
2025.06.20 07:20	403.017	403.017	403.017	403.017	1
2025.06.20 07:21	403.013	403.013	403.012	403.012	2
2025.06.20 07:22	403.012	403.027	403.012	403.027	5
2025.06.20 07:23	403.034	403.041	403.005	403.041	4
2025.06.20 07:24	403.041	403.047	403.041	403.047	3
2025.06.20 07:25	403.012	403.047	403.012	403.047	6
2025.06.20 07:26	403.048	403.048	403.04	403.04	2
2025.06.20 07:27	403.021	403.04	403.021	403.04	3
2025.06.20 07:28	403.04	403.048	403.04	403.048	3
2025.06.20 07:29	403.046	403.056	403.046	403.056	2
2025.06.20 07:30	403.046	403.046	403.024	403.043	5
2025.06.20 07:31	ERROR	ERROR	ERROR	ERROR	ERROR
2025.06.20 07:32	403.043	403.05	403.043	403.05	2
2025.06.20 07:33	403.052	403.052	403.041	403.041	5
2025.06.20 07:34	403.039	403.039	402.999	403.032	7
2025.06.20 07:35	403.032	403.032	403.032	403.032	1
2025.06.20 07:36	403.022	403.032	403.022	403.032	2
2025.06.20 07:37	403.021	403.042	403.021	403.042	4
2025.06.20 07:38	403.046	403.046	403.044	403.044	4
2025.06.20 07:39	403.044	403.044	403.044	403.044	1
2025.06.20 07:40	403.044	403.044	403.042	403.042	2
2025.06.20 07:41	403.042	403.042	403.042	403.042	1
2025.06.20 07:42	403.016	403.042	403.016	403.042	4
2025.06.20 07:43	403.042	403.042	403.042	403.042	1
2025.06.20 07:44	403.042	403.042	403.042	403.042	1
2025.06.20 07:45	ERROR	ERROR	ERROR	ERROR	ERROR
2025.06.20 07:46	403.042	403.042	403.042	403.042	1
2025.06.20 07:47	403.042	403.042	403.042	403.042	1
2025.06.20 07:48	403.042	403.042	403.042	403.042	1
2025.06.20 07:49	403.042	403.042	403.042	403.042	1
2025.06.20 07:50	403.042	403.042	403.042	403.042	1
2025.06.20 07:51	403.042	403.042	403.042	403.042	1
2025.06.20 07:52	ERROR	ERROR	ERROR	ERROR	ERROR
2025.06.20 07:53	403.042	403.042	403.041	403.042	3
2025.06.20 07:54	ERROR	ERROR	ERROR	ERROR	ERROR
2025.06.20 07:55	403.042	403.042	403.042	403.042	1
2025.06.20 07:56	403.042	403.042	403.042	403.042	1
2025.06.20 07:57	403.042	403.042	403.042	403.042	1
2025.06.20 07:58	403.042	403.048	403.042	403.045	7
2025.06.20 07:59	403.045	403.083	402.986	403.081	7
2025.06.20 08:00	403.081	403.082	402.999	403.064	28
2025.06.20 08:01	403.062	403.081	403.06	403.081	16
2025.06.20 08:02	403.081	403.1	403.081	403.087	15
2025.06.20 08:03	403.087	403.1	403.029	403.084	17
2025.06.20 08:04	403.084	403.098	403.075	403.098	23
2025.06.20 08:05	403.095	403.096	403.095	403.095	3
2025.06.20 08:06	403.051	403.119	403.051	403.092	25
2025.06.20 08:07	403.09	403.096	403.009	403.076	19
2025.06.20 08:08	403.073	403.097	403.073	403.097	8
2025.06.20 08:09	403.097	403.108	403.09	403.092	16
2025.06.20 08:10	403.09	403.09	403.09	403.09	1
2025.06.20 08:11	403.09	403.092	403.088	403.088	3
2025.06.20 08:12	403.088	403.119	403.083	403.104	24
2025.06.20 08:13	403.105	403.115	403.105	403.113	10
2025.06.20 08:14	403.114	403.128	403.113	403.12	12
2025.06.20 08:15	403.117	403.117	403.108	403.109	8
2025.06.20 08:16	403.117	403.117	403.104	403.104	9
2025.06.20 08:17	403.105	403.105	403.104	403.105	7
2025.06.20 08:18	403.104	403.118	403.104	403.118	7
2025.06.20 08:19	403.117	403.119	403.104	403.109	16
2025.06.20 08:20	403.108	403.109	403.083	403.095	14
2025.06.20 08:21	403.095	403.099	403.088	403.089	5
2025.06.20 08:22	403.084	403.098	403.084	403.092	10
2025.06.20 08:23	403.091	403.092	403.087	403.092	12
2025.06.20 08:24	403.092	403.094	403.092	403.094	2
2025.06.20 08:25	ERROR	ERROR	ERROR	ERROR	ERROR
2025.06.20 08:26	403.096	403.12	403.096	403.111	9
2025.06.20 08:27	403.111	403.143	403.111	403.13	87
2025.06.20 08:28	403.124	403.17	403.113	403.13	88
2025.06.20 08:29	403.133	403.149	403.077	403.124	22
2025.06.20 08:30	403.116	403.123	403.079	403.112	90
2025.06.20 08:31	403.106	403.118	403.099	403.103	39
2025.06.20 08:32	403.102	403.112	403.022	403.112	46
2025.06.20 08:33	403.112	403.128	403.07	403.08	47
2025.06.20 08:34	403.069	403.124	403.04	403.085	69
2025.06.20 08:35	403.085	403.12	403.031	403.112	28
2025.06.20 08:36	403.061	403.19	403.061	403.108	42
2025.06.20 08:37	403.118	403.131	402.999	403.101	6
2025.06.20 08:38	403.008	403.097	403.008	403.091	6
2025.06.20 08:39	402.999	403.102	402.999	402.999	7
2025.06.20 08:40	403.102	403.152	403.007	403.152	8
2025.06.20 08:41	403.02	403.153	403.02	403.136	9
2025.06.20 08:42	403.124	403.146	403.124	403.146	5
2025.06.20 08:43	403.134	403.175	403.035	403.161	13
2025.06.20 08:44	403.171	403.171	403.028	403.153	13
2025.06.20 08:45	403.163	403.167	403.118	403.133	27
2025.06.20 08:46	403.122	403.151	403.105	403.106	9
2025.06.20 08:47	403.116	403.125	402.999	403.111	15
2025.06.20 08:48	403.075	403.144	402.999	403.144	17
2025.06.20 08:49	403.155	403.155	403.117	403.127	8
2025.06.20 08:50	402.999	403.14	402.999	403.096	10
2025.06.20 08:51	403.11	403.2	403.001	403.197	19
2025.06.20 08:52	403.197	403.22	402.999	403.189	28
2025.06.20 08:53	403.189	403.199	402.999	403.183	17
2025.06.20 08:54	403.0	403.2	403.0	403.155	14
2025.06.20 08:55	403.144	403.19	403.074	403.188	27
2025.06.20 08:56	403.2	403.212	403.027	403.177	29
2025.06.20 08:57	403.155	403.191	403.031	403.182	14
2025.06.20 08:58	403.162	403.192	403.161	403.192	8
2025.06.20 08:59	403.171	403.197	403.03	403.03	33
2025.06.20 09:00	403.03	403.139	403.029	403.083	77
2025.06.20 09:01	403.068	403.071	402.975	402.979	25
2025.06.20 09:02	403.028	403.208	403.028	403.193	179
2025.06.20 09:03	403.192	403.278	403.153	403.171	167
2025.06.20 09:04	403.17	403.17	403.058	403.066	159
2025.06.20 09:05	403.067	403.075	402.943	402.972	92
2025.06.20 09:06	402.971	403.025	402.971	403.001	13
2025.06.20 09:07	403.001	403.058	402.978	403.033	11
2025.06.20 09:08	403.022	403.049	403.022	403.049	4
2025.06.20 09:09	403.036	403.124	403.036	403.112	12
2025.06.20 09:10	403.109	403.12	403.064	403.064	7
2025.06.20 09:11	403.131	403.131	402.998	403.053	15
2025.06.20 09:12	403.054	403.079	403.009	403.044	7
2025.06.20 09:13	403.045	403.078	403.045	403.078	6
2025.06.20 09:14	403.081	403.154	403.022	403.145	29
2025.06.20 09:15	403.163	403.254	403.163	403.224	31
2025.06.20 09:16	403.225	403.228	403.194	403.194	15
2025.06.20 09:17	403.179	403.212	403.096	403.117	24
2025.06.20 09:18	403.136	403.139	403.095	403.101	15
2025.06.20 09:19	403.101	403.101	403.041	403.07	33
2025.06.20 09:20	403.07	403.073	402.933	403.065	232
2025.06.20 09:21	403.062	403.083	403.007	403.064	186
2025.06.20 09:22	403.064	403.096	403.007	403.066	163
2025.06.20 09:23	403.046	403.1	403.021	403.093	169
2025.06.20 09:24	403.097	403.133	403.047	403.097	229
2025.06.20 09:25	403.102	403.144	403.063	403.131	57
2025.06.20 09:26	403.116	403.19	403.116	403.177	25
2025.06.20 09:27	403.186	403.186	403.129	403.136	14
2025.06.20 09:28	403.136	403.148	403.086	403.147	19
2025.06.20 09:29	403.156	403.161	403.12	403.133	24
2025.06.20 09:30	403.126	403.15	403.123	403.15	22
2025.06.20 09:31	403.15	403.219	403.141	403.187	35
2025.06.20 09:32	403.187	403.264	403.171	403.261	141
2025.06.20 09:33	403.239	403.268	403.199	403.255	147
2025.06.20 09:34	403.251	403.268	403.201	403.249	210
2025.06.20 09:35	403.253	403.301	403.145	403.223	170
2025.06.20 09:36	403.223	403.243	403.138	403.212	152
2025.06.20 09:37	403.2	403.214	403.13	403.195	119
2025.06.20 09:38	403.195	403.2	403.102	403.189	112
2025.06.20 09:39	403.191	403.198	403.112	403.144	134
2025.06.20 09:40	403.144	403.167	403.056	403.126	229
2025.06.20 09:41	403.097	403.137	403.072	403.107	147
2025.06.20 09:42	403.106	403.106	403.043	403.073	127
2025.06.20 09:43	403.073	403.125	403.016	403.11	187
2025.06.20 09:44	403.114	403.119	403.045	403.115	168
2025.06.20 09:45	403.115	403.115	403.07	403.07	2
2025.06.20 09:46	403.052	403.052	403.006	403.006	2
2025.06.20 09:47	402.998	402.998	402.476	402.476	9
2025.06.20 09:48	402.484	402.905	402.484	402.905	20
2025.06.20 09:49	402.905	403.008	402.905	403.007	84
2025.06.20 09:50	403.007	403.056	402.928	403.051	149
2025.06.20 09:51	403.054	403.175	403.015	403.13	222
2025.06.20 09:52	403.116	403.13	403.068	403.1	152
2025.06.20 09:53	403.089	403.118	403.043	403.096	164
2025.06.20 09:54	403.096	403.105	403.031	403.086	172
2025.06.20 09:55	403.086	403.129	403.066	403.119	100
2025.06.20 09:56	403.124	403.135	403.057	403.091	108
2025.06.20 09:57	403.087	403.139	403.072	403.131	197
2025.06.20 09:58	403.131	403.181	403.102	403.153	170
2025.06.20 09:59	403.153	403.208	403.133	403.205	148
2025.06.20 10:00	403.192	403.3	403.086	403.266	100
2025.06.20 10:01	403.299	403.343	403.246	403.314	113
2025.06.20 10:02	403.334	403.406	403.307	403.347	79
2025.06.20 10:03	403.346	403.347	403.243	403.266	96
2025.06.20 10:04	403.27	403.318	403.258	403.298	82
2025.06.20 10:05	403.314	403.341	403.282	403.289	103
2025.06.20 10:06	403.304	403.304	403.272	403.283	31
2025.06.20 10:07	403.272	403.273	403.227	403.231	57
2025.06.20 10:08	403.226	403.226	402.863	402.902	98
2025.06.20 10:09	402.902	402.973	402.902	402.97	39
2025.06.20 10:10	402.959	402.959	402.928	402.928	9
2025.06.20 10:11	402.937	402.937	402.93	402.93	6
2025.06.20 10:12	402.925	402.927	402.891	402.927	4
2025.06.20 10:13	402.93	402.943	402.904	402.928	13
2025.06.20 10:14	402.923	402.923	402.896	402.901	7
2025.06.20 10:15	402.893	402.9	402.871	402.871	7
2025.06.20 10:16	402.839	402.947	402.839	402.947	45
2025.06.20 10:17	402.96	402.98	402.921	402.921	23
2025.06.20 10:18	402.906	402.921	402.906	402.921	5
2025.06.20 10:19	402.912	402.912	402.907	402.911	15
2025.06.20 10:20	402.914	402.929	402.913	402.913	8
2025.06.20 10:21	402.912	402.912	402.895	402.895	17
2025.06.20 10:22	402.896	402.898	402.895	402.895	4
2025.06.20 10:23	402.896	402.91	402.895	402.91	10
2025.06.20 10:24	402.913	402.913	402.906	402.906	4
2025.06.20 10:25	402.904	402.904	402.757	402.757	10
2025.06.20 10:26	402.754	402.754	402.651	402.704	43
2025.06.20 10:27	402.698	402.706	402.698	402.706	16
2025.06.20 10:28	402.702	402.77	402.702	402.75	19
2025.06.20 10:29	402.745	402.745	402.724	402.724	8
2025.06.20 10:30	402.711	402.711	402.678	402.678	8
2025.06.20 10:31	402.74	402.74	402.713	402.715	9
2025.06.20 10:32	402.716	402.72	402.625	402.626	18
2025.06.20 10:33	402.644	402.754	402.644	402.733	63
2025.06.20 10:34	402.73	402.73	402.674	402.685	56
2025.06.20 10:35	402.685	402.686	402.639	402.661	46
2025.06.20 10:36	402.659	402.659	402.628	402.635	14
2025.06.20 10:37	402.632	402.707	402.602	402.655	39
2025.06.20 10:38	402.656	402.854	402.656	402.853	71
2025.06.20 10:39	402.853	402.854	402.775	402.807	48
2025.06.20 10:40	402.812	402.842	402.809	402.822	17
2025.06.20 10:41	402.83	402.875	402.822	402.875	7
2025.06.20 10:42	402.872	402.94	402.867	402.925	13
2025.06.20 10:43	402.929	402.945	402.929	402.945	3
2025.06.20 10:44	402.945	402.951	402.905	402.919	15
2025.06.20 10:45	402.926	402.952	402.925	402.951	12
2025.06.20 10:46	402.966	402.966	402.79	402.791	19
2025.06.20 10:47	402.792	402.795	402.791	402.792	4
2025.06.20 10:48	402.791	402.792	402.791	402.791	3
2025.06.20 10:49	402.673	402.673	402.636	402.652	6
2025.06.20 10:50	402.651	402.687	402.626	402.628	26
2025.06.20 10:51	402.611	402.664	402.603	402.664	12
2025.06.20 10:52	402.674	402.68	402.662	402.68	5
2025.06.20 10:53	402.68	402.725	402.68	402.725	9
2025.06.20 10:54	402.728	402.747	402.716	402.716	9
2025.06.20 10:55	402.711	402.744	402.675	402.726	15
2025.06.20 10:56	402.706	402.713	402.672	402.68	15
2025.06.20 10:57	402.686	402.714	402.686	402.709	16
2025.06.20 10:58	402.711	402.725	402.672	402.72	26
2025.06.20 10:59	402.7	402.719	402.673	402.673	33
2025.06.20 11:00	402.677	402.741	402.672	402.74	14
2025.06.20 11:01	402.74	402.74	402.679	402.71	38
2025.06.20 11:02	402.712	402.712	402.69	402.704	16
2025.06.20 11:03	402.706	402.737	402.697	402.723	11
2025.06.20 11:04	402.716	402.716	402.681	402.682	17
2025.06.20 11:05	402.672	402.673	402.602	402.64	23
2025.06.20 11:06	ERROR	ERROR	ERROR	ERROR	ERROR
2025.06.20 11:07	402.651	402.651	402.648	402.649	5
2025.06.20 11:08	402.65	402.651	402.649	402.649	3
2025.06.20 11:09	402.65	402.65	402.621	402.645	4
2025.06.20 11:10	402.646	402.672	402.646	402.653	9
2025.06.20 11:11	402.649	402.649	402.622	402.626	7
2025.06.20 11:12	402.622	402.627	402.614	402.616	7
2025.06.20 11:13	402.615	402.615	402.475	402.559	90
2025.06.20 11:14	402.559	402.583	402.545	402.562	27
2025.06.20 11:15	402.559	402.603	402.555	402.598	11
2025.06.20 11:16	402.594	402.617	402.594	402.616	13
2025.06.20 11:17	402.582	402.619	402.582	402.619	2
2025.06.20 11:18	402.59	402.648	402.588	402.648	17
2025.06.20 11:19	402.658	402.658	402.651	402.658	3
2025.06.20 11:20	402.664	402.664	402.664	402.664	1
2025.06.20 11:21	402.647	402.662	402.646	402.662	4
2025.06.20 11:22	402.659	402.662	402.554	402.582	14
2025.06.20 11:23	402.588	402.593	402.553	402.559	7
2025.06.20 11:24	402.558	402.561	402.548	402.557	9
2025.06.20 11:25	402.555	402.555	402.535	402.535	11
2025.06.20 11:26	402.443	402.49	402.403	402.479	47
2025.06.20 11:27	402.489	402.535	402.486	402.523	17
2025.06.20 11:28	402.526	402.551	402.518	402.525	35
2025.06.20 11:29	402.528	402.576	402.523	402.576	61
2025.06.20 11:30	402.57	402.61	402.56	402.568	13
2025.06.20 11:31	402.573	402.573	402.506	402.523	19
2025.06.20 11:32	402.528	402.54	402.512	402.517	7
2025.06.20 11:33	402.51	402.51	402.498	402.503	3
2025.06.20 11:34	402.5	402.545	402.5	402.545	5
2025.06.20 11:35	402.534	402.534	402.504	402.504	4
2025.06.20 11:36	402.504	402.514	402.504	402.514	2
2025.06.20 11:37	402.514	402.514	402.514	402.514	1
2025.06.20 11:38	402.514	402.514	402.474	402.478	12
2025.06.20 11:39	402.484	402.494	402.484	402.494	2
2025.06.20 11:40	402.503	402.509	402.494	402.494	4
2025.06.20 11:41	402.468	402.498	402.453	402.498	41
2025.06.20 11:42	402.496	402.496	402.424	402.449	17
2025.06.20 11:43	402.453	402.592	402.426	402.592	28
2025.06.20 11:44	402.582	402.653	402.541	402.62	59
2025.06.20 11:45	402.625	402.655	402.625	402.645	33
2025.06.20 11:46	402.644	402.657	402.64	402.657	8
2025.06.20 11:47	402.651	402.696	402.651	402.668	20
2025.06.20 11:48	402.676	402.704	402.664	402.696	18
2025.06.20 11:49	402.682	402.697	402.676	402.676	7
2025.06.20 11:50	402.679	402.71	402.679	402.708	7
2025.06.20 11:51	402.718	402.77	402.703	402.724	16
2025.06.20 11:52	402.688	402.724	402.688	402.709	5
2025.06.20 11:53	402.719	402.737	402.714	402.737	8
2025.06.20 11:54	402.742	402.742	402.582	402.629	58
2025.06.20 11:55	402.628	402.629	402.612	402.627	18
2025.06.20 11:56	402.621	402.65	402.594	402.629	79
2025.06.20 11:57	402.636	402.658	402.628	402.634	75
2025.06.20 11:58	402.627	402.694	402.611	402.691	27
2025.06.20 11:59	402.721	402.756	402.668	402.674	20
2025.06.20 12:00	402.672	402.672	402.626	402.631	10
2025.06.20 12:01	402.63	402.654	402.627	402.648	18
2025.06.20 12:02	402.637	402.646	402.626	402.635	8
2025.06.20 12:03	402.64	402.645	402.618	402.627	15
2025.06.20 12:04	402.625	402.629	402.59	402.629	7
2025.06.20 12:05	402.593	402.655	402.589	402.623	10
2025.06.20 12:06	402.629	402.638	402.59	402.61	20
2025.06.20 12:07	402.623	402.629	402.602	402.618	10
2025.06.20 12:08	402.613	402.623	402.595	402.597	12
2025.06.20 12:09	402.589	402.59	402.562	402.57	27
2025.06.20 12:10	402.557	402.557	402.51	402.527	20
2025.06.20 12:11	402.501	402.512	402.501	402.512	4
2025.06.20 12:12	402.503	402.527	402.503	402.522	8
2025.06.20 12:13	402.493	402.528	402.493	402.527	3
2025.06.20 12:14	402.51	402.513	402.505	402.505	5
2025.06.20 12:15	402.492	402.495	402.469	402.495	4
2025.06.20 12:16	402.499	402.521	402.499	402.521	7
2025.06.20 12:17	402.519	402.521	402.516	402.516	5
2025.06.20 12:18	402.524	402.532	402.516	402.532	7
2025.06.20 12:19	402.533	402.533	402.511	402.511	7
2025.06.20 12:20	402.516	402.516	402.464	402.48	13
2025.06.20 12:21	402.482	402.526	402.481	402.515	17
2025.06.20 12:22	402.516	402.524	402.515	402.524	5
2025.06.20 12:23	402.526	402.527	402.516	402.523	13
2025.06.20 12:24	402.531	402.531	402.529	402.529	2
2025.06.20 12:25	402.541	402.578	402.536	402.574	15
2025.06.20 12:26	402.564	402.582	402.562	402.574	15
2025.06.20 12:27	402.579	402.588	402.566	402.583	39
2025.06.20 12:28	402.595	402.6	402.57	402.571	23
2025.06.20 12:29	402.565	402.584	402.565	402.567	7
2025.06.20 12:30	402.574	402.574	402.567	402.567	2
2025.06.20 12:31	402.565	402.566	402.553	402.564	10
2025.06.20 12:32	402.558	402.562	402.538	402.562	18
2025.06.20 12:33	402.558	402.564	402.521	402.526	16
2025.06.20 12:34	402.515	402.515	402.414	402.439	10
2025.06.20 12:35	402.417	402.419	402.417	402.419	2
2025.06.20 12:36	402.412	402.415	402.396	402.396	14
2025.06.20 12:37	402.399	402.407	402.399	402.407	2
2025.06.20 12:38	402.42	402.429	402.416	402.428	6
2025.06.20 12:39	402.43	402.439	402.405	402.405	16
2025.06.20 12:40	402.395	402.427	402.383	402.383	9
2025.06.20 12:41	402.373	402.381	402.355	402.379	7
2025.06.20 12:42	402.386	402.394	402.386	402.394	2
2025.06.20 12:43	402.398	402.433	402.398	402.432	10
2025.06.20 12:44	402.424	402.427	402.389	402.415	20
2025.06.20 12:45	402.42	402.443	402.42	402.435	5
2025.06.20 12:46	402.414	402.47	402.402	402.47	17
2025.06.20 12:47	402.457	402.463	402.432	402.45	10
2025.06.20 12:48	402.414	402.45	402.414	402.45	3
2025.06.20 12:49	402.43	402.489	402.43	402.485	16
2025.06.20 12:50	402.493	402.493	402.385	402.404	20
2025.06.20 12:51	402.375	402.41	402.375	402.402	17
2025.06.20 12:52	402.391	402.416	402.383	402.393	26
2025.06.20 12:53	402.395	402.422	402.387	402.398	27
2025.06.20 12:54	402.396	402.399	402.383	402.388	17
2025.06.20 12:55	402.371	402.413	402.371	402.401	20
2025.06.20 12:56	402.405	402.417	402.384	402.385	22
2025.06.20 12:57	402.388	402.408	402.357	402.395	32
2025.06.20 12:58	402.387	402.389	402.38	402.38	47
2025.06.20 12:59	402.388	402.396	402.367	402.38	19
2025.06.20 13:00	402.396	402.396	402.355	402.385	34
2025.06.20 13:01	402.39	402.411	402.382	402.388	30
2025.06.20 13:02	402.393	402.413	402.392	402.401	45
2025.06.20 13:03	402.392	402.409	402.392	402.401	5
2025.06.20 13:04	402.405	402.405	402.39	402.391	13
2025.06.20 13:05	402.388	402.392	402.384	402.387	8
2025.06.20 13:06	402.39	402.4	402.385	402.388	7
2025.06.20 13:07	402.387	402.492	402.387	402.431	65
2025.06.20 13:08	402.436	402.446	402.432	402.441	28
2025.06.20 13:09	402.446	402.45	402.446	402.45	3
2025.06.20 13:10	402.451	402.451	402.397	402.407	10
2025.06.20 13:11	402.414	402.49	402.414	402.472	19
2025.06.20 13:12	402.473	402.477	402.473	402.477	2
2025.06.20 13:13	402.49	402.49	402.486	402.486	3
2025.06.20 13:14	402.485	402.488	402.472	402.488	10
2025.06.20 13:15	402.482	402.589	402.482	402.589	13
2025.06.20 13:16	402.59	402.629	402.59	402.627	16
2025.06.20 13:17	402.614	402.623	402.589	402.594	11
2025.06.20 13:18	402.598	402.636	402.598	402.623	12
2025.06.20 13:19	402.621	402.721	402.621	402.712	26
2025.06.20 13:20	402.718	402.718	402.669	402.676	11
2025.06.20 13:21	402.686	402.73	402.686	402.73	7
2025.06.20 13:22	402.735	402.744	402.728	402.736	8
2025.06.20 13:23	402.75	402.82	402.75	402.781	65
2025.06.20 13:24	402.782	402.872	402.775	402.872	15
2025.06.20 13:25	402.862	402.897	402.861	402.893	29
2025.06.20 13:26	402.896	402.912	402.891	402.912	26
2025.06.20 13:27	402.898	402.924	402.898	402.912	14
2025.06.20 13:28	402.922	402.935	402.913	402.927	16
2025.06.20 13:29	402.935	402.94	402.867	402.906	80
2025.06.20 13:30	402.913	402.92	402.875	402.885	33
2025.06.20 13:31	402.885	402.885	402.862	402.869	11
2025.06.20 13:32	402.869	402.869	402.713	402.717	25
2025.06.20 13:33	402.742	402.746	402.676	402.7	29
2025.06.20 13:34	402.702	402.716	402.658	402.71	170
2025.06.20 13:35	402.694	402.713	402.691	402.693	38
2025.06.20 13:36	402.696	402.717	402.686	402.702	84
2025.06.20 13:37	402.705	402.729	402.695	402.729	53
2025.06.20 13:38	402.729	402.753	402.643	402.68	92
2025.06.20 13:39	402.679	402.695	402.514	402.561	182
2025.06.20 13:40	402.556	402.578	402.529	402.536	107
2025.06.20 13:41	402.529	402.596	402.525	402.587	91
2025.06.20 13:42	402.583	402.633	402.583	402.633	6
2025.06.20 13:43	402.631	402.667	402.631	402.66	10
2025.06.20 13:44	402.651	402.673	402.651	402.673	5
2025.06.20 13:45	402.673	402.674	402.659	402.66	24
2025.06.20 13:46	402.67	402.671	402.65	402.666	27
2025.06.20 13:47	402.666	402.673	402.656	402.66	23
2025.06.20 13:48	402.659	402.671	402.627	402.627	27
2025.06.20 13:49	402.628	402.628	402.616	402.616	5
2025.06.20 13:50	402.616	402.625	402.6	402.624	19
2025.06.20 13:51	402.624	402.626	402.618	402.623	6
2025.06.20 13:52	402.626	402.626	402.61	402.626	3
2025.06.20 13:53	402.608	402.629	402.601	402.618	47
2025.06.20 13:54	402.62	402.62	402.581	402.598	106
2025.06.20 13:55	402.598	402.598	402.569	402.576	74
2025.06.20 13:56	402.577	402.598	402.573	402.581	115
2025.06.20 13:57	402.586	402.606	402.573	402.588	94
2025.06.20 13:58	402.585	402.619	402.574	402.614	49
2025.06.20 13:59	402.61	402.631	402.597	402.61	142
2025.06.20 14:00	402.61	402.633	402.61	402.623	19
2025.06.20 14:01	402.62	402.624	402.62	402.624	2
2025.06.20 14:02	402.62	402.639	402.596	402.639	12
2025.06.20 14:03	402.655	402.675	402.655	402.659	13
2025.06.20 14:04	402.66	402.67	402.62	402.62	12
2025.06.20 14:05	402.62	402.621	402.606	402.609	23
2025.06.20 14:06	402.615	402.615	402.574	402.584	21
2025.06.20 14:07	402.593	402.617	402.585	402.603	10
2025.06.20 14:08	402.612	402.64	402.596	402.612	24
2025.06.20 14:09	402.617	402.618	402.591	402.611	11
2025.06.20 14:10	402.607	402.614	402.598	402.614	10
2025.06.20 14:11	402.606	402.606	402.587	402.597	8
2025.06.20 14:12	402.599	402.636	402.599	402.617	10
2025.06.20 14:13	402.619	402.741	402.619	402.718	45
2025.06.20 14:14	402.721	402.737	402.721	402.737	4
2025.06.20 14:15	402.739	402.774	402.736	402.768	55
2025.06.20 14:16	402.769	402.776	402.731	402.738	51
2025.06.20 14:17	402.744	402.744	402.738	402.739	9
2025.06.20 14:18	402.737	402.74	402.696	402.711	20
2025.06.20 14:19	402.708	402.727	402.7	402.727	12
2025.06.20 14:20	402.715	402.731	402.712	402.731	5
2025.06.20 14:21	402.739	402.739	402.731	402.731	3
2025.06.20 14:22	402.739	402.744	402.729	402.735	7
2025.06.20 14:23	402.737	402.766	402.737	402.762	30
2025.06.20 14:24	402.764	402.814	402.763	402.814	26
2025.06.20 14:25	402.81	402.826	402.803	402.825	28
2025.06.20 14:26	402.818	402.825	402.818	402.822	64
2025.06.20 14:27	402.821	402.826	402.815	402.821	41
2025.06.20 14:28	402.813	402.813	402.806	402.81	6
2025.06.20 14:29	402.815	402.829	402.805	402.81	26
2025.06.20 14:30	402.813	402.826	402.813	402.821	31
2025.06.20 14:31	402.815	402.833	402.815	402.824	63
2025.06.20 14:32	402.827	402.827	402.811	402.817	17
2025.06.20 14:33	402.822	402.833	402.809	402.832	13
2025.06.20 14:34	402.827	402.831	402.825	402.825	3
2025.06.20 14:35	402.819	402.819	402.802	402.819	15
2025.06.20 14:36	402.813	402.819	402.781	402.807	14
2025.06.20 14:37	402.8	402.801	402.788	402.801	6
2025.06.20 14:38	402.788	402.801	402.788	402.801	4
2025.06.20 14:39	402.8	402.87	402.798	402.84	11
2025.06.20 14:40	402.842	402.855	402.813	402.836	13
2025.06.20 14:41	402.835	402.873	402.835	402.868	18
2025.06.20 14:42	402.873	402.907	402.873	402.891	10
2025.06.20 14:43	402.898	402.898	402.857	402.891	5
2025.06.20 14:44	402.857	402.923	402.857	402.895	18
2025.06.20 14:45	402.894	402.894	402.78	402.78	40
2025.06.20 14:46	402.728	402.728	402.399	402.444	15
2025.06.20 14:47	402.444	402.444	402.346	402.396	16
2025.06.20 14:48	402.418	402.429	402.411	402.423	16
2025.06.20 14:49	402.424	402.424	402.415	402.422	8
2025.06.20 14:50	402.415	402.457	402.415	402.443	37
2025.06.20 14:51	402.444	402.468	402.332	402.39	46
2025.06.20 14:52	402.395	402.517	402.395	402.465	27
2025.06.20 14:53	402.465	402.531	402.465	402.515	19
2025.06.20 14:54	402.512	402.548	402.499	402.548	15
2025.06.20 14:55	402.553	402.578	402.553	402.572	9
2025.06.20 14:56	402.577	402.588	402.577	402.588	3
2025.06.20 14:57	402.598	402.598	402.538	402.59	16
2025.06.20 14:58	402.57	402.594	402.543	402.582	48
2025.06.20 14:59	402.594	402.6	402.558	402.568	53
2025.06.20 15:00	402.56	402.662	402.552	402.661	25
2025.06.20 15:01	402.653	402.71	402.653	402.71	16
2025.06.20 15:02	402.719	402.719	402.698	402.712	9
2025.06.20 15:03	402.696	402.696	402.608	402.611	11
2025.06.20 15:04	402.612	402.645	402.596	402.605	12
2025.06.20 15:05	402.596	402.617	402.587	402.608	9
2025.06.20 15:06	402.605	402.636	402.6	402.6	24
2025.06.20 15:07	402.594	402.594	402.494	402.544	18
2025.06.20 15:08	402.544	402.544	402.544	402.544	1
2025.06.20 15:09	402.544	402.545	402.53	402.545	3
2025.06.20 15:10	402.543	402.543	402.508	402.524	5
2025.06.20 15:11	402.508	402.513	402.508	402.513	2
2025.06.20 15:12	402.513	402.534	402.454	402.46	60
2025.06.20 15:13	402.464	402.465	402.29	402.357	133
2025.06.20 15:14	402.354	402.51	402.354	402.483	37
2025.06.20 15:15	402.484	402.544	402.474	402.544	46
2025.06.20 15:16	402.542	402.553	402.53	402.541	25
2025.06.20 15:17	402.544	402.553	402.54	402.548	24
2025.06.20 15:18	402.553	402.553	402.49	402.507	92
2025.06.20 15:19	402.511	402.516	402.493	402.51	82
2025.06.20 15:20	402.515	402.54	402.469	402.505	43
2025.06.20 15:21	402.5	402.511	402.483	402.489	22
2025.06.20 15:22	402.481	402.523	402.481	402.514	24
2025.06.20 15:23	402.515	402.56	402.51	402.56	31
2025.06.20 15:24	402.559	402.598	402.541	402.597	22
2025.06.20 15:25	402.597	402.675	402.585	402.669	23
2025.06.20 15:26	402.673	402.688	402.673	402.679	10
2025.06.20 15:27	402.68	402.692	402.677	402.692	31
2025.06.20 15:28	402.682	402.683	402.681	402.682	8
2025.06.20 15:29	402.681	402.681	402.476	402.476	43
2025.06.20 15:30	402.513	402.546	402.384	402.531	77
2025.06.20 15:31	402.541	402.565	402.513	402.515	24
2025.06.20 15:32	402.5	402.5	402.459	402.459	57
2025.06.20 15:33	402.462	402.484	402.407	402.409	55
2025.06.20 15:34	402.406	402.431	402.402	402.431	15
2025.06.20 15:35	402.431	402.481	402.428	402.458	31
2025.06.20 15:36	402.453	402.474	402.453	402.474	8
2025.06.20 15:37	402.474	402.496	402.472	402.477	16
2025.06.20 15:38	402.46	402.493	402.46	402.473	22
2025.06.20 15:39	402.474	402.478	402.442	402.442	7
2025.06.20 15:40	402.431	402.471	402.418	402.433	13
2025.06.20 15:41	402.437	402.471	402.427	402.427	17
2025.06.20 15:42	402.429	402.469	402.427	402.466	22
2025.06.20 15:43	402.474	402.528	402.468	402.528	36
2025.06.20 15:44	402.505	402.527	402.505	402.525	5
2025.06.20 15:45	402.503	402.532	402.499	402.525	10
2025.06.20 15:46	402.529	402.538	402.515	402.519	6
2025.06.20 15:47	402.539	402.608	402.537	402.603	25
2025.06.20 15:48	402.613	402.613	402.585	402.597	6
2025.06.20 15:49	402.584	402.597	402.547	402.55	13
2025.06.20 15:50	402.556	402.556	402.48	402.48	21
2025.06.20 15:51	402.489	402.494	402.434	402.457	50
2025.06.20 15:52	402.445	402.476	402.445	402.476	19
2025.06.20 15:53	402.476	402.478	402.45	402.471	17
2025.06.20 15:54	402.468	402.479	402.468	402.479	2
2025.06.20 15:55	402.459	402.489	402.43	402.448	60
2025.06.20 15:56	402.461	402.474	402.431	402.444	72
2025.06.20 15:57	402.444	402.471	402.409	402.434	97
2025.06.20 15:58	402.43	402.48	402.427	402.473	93
2025.06.20 15:59	402.479	402.488	402.45	402.463	135
2025.06.20 16:00	402.444	402.451	402.412	402.418	83
2025.06.20 16:01	402.421	402.441	402.397	402.406	126
2025.06.20 16:02	402.406	402.413	402.361	402.383	187
2025.06.20 16:03	402.386	402.423	402.376	402.4	84
2025.06.20 16:04	402.402	402.413	402.395	402.395	9
2025.06.20 16:05	402.398	402.432	402.398	402.417	9
2025.06.20 16:06	402.415	402.423	402.404	402.405	8
2025.06.20 16:07	402.397	402.421	402.372	402.421	62
2025.06.20 16:08	402.413	402.416	402.386	402.395	15
2025.06.20 16:09	402.403	402.403	402.395	402.395	2
2025.06.20 16:10	402.366	402.366	402.339	402.358	13
2025.06.20 16:11	402.341	402.35	402.224	402.226	61
2025.06.20 16:12	402.233	402.252	402.106	402.207	81
2025.06.20 16:13	402.213	402.215	402.171	402.171	18
2025.06.20 16:14	402.176	402.178	402.167	402.169	5
2025.06.20 16:15	402.172	402.231	402.17	402.226	30
2025.06.20 16:16	402.234	402.269	402.234	402.26	14
2025.06.20 16:17	402.265	402.311	402.265	402.283	21
2025.06.20 16:18	402.282	402.282	402.268	402.277	20
2025.06.20 16:19	402.281	402.315	402.27	402.276	62
2025.06.20 16:20	402.279	402.287	402.276	402.281	40
2025.06.20 16:21	402.284	402.316	402.278	402.291	21
2025.06.20 16:22	402.293	402.319	402.293	402.313	35
2025.06.20 16:23	402.314	402.314	402.304	402.304	26
2025.06.20 16:24	402.291	402.467	402.291	402.444	128
2025.06.20 16:25	402.446	402.467	402.411	402.44	126
2025.06.20 16:26	402.44	402.465	402.437	402.451	113
2025.06.20 16:27	402.452	402.465	402.446	402.447	85
2025.06.20 16:28	402.448	402.45	402.402	402.406	62
2025.06.20 16:29	402.407	402.407	402.357	402.402	35
2025.06.20 16:30	402.409	402.491	402.409	402.473	66
2025.06.20 16:31	402.463	402.485	402.463	402.479	14
2025.06.20 16:32	402.482	402.517	402.475	402.499	18
2025.06.20 16:33	402.497	402.514	402.497	402.502	24
2025.06.20 16:34	402.494	402.505	402.459	402.469	33
2025.06.20 16:35	402.467	402.469	402.456	402.456	31
2025.06.20 16:36	402.457	402.48	402.421	402.428	18
2025.06.20 16:37	402.425	402.432	402.398	402.41	15
2025.06.20 16:38	402.415	402.425	402.415	402.417	8
2025.06.20 16:39	402.424	402.439	402.416	402.418	30
2025.06.20 16:40	402.425	402.428	402.398	402.412	13
2025.06.20 16:41	402.413	402.413	402.397	402.412	9
2025.06.20 16:42	402.404	402.414	402.38	402.414	17
2025.06.20 16:43	402.399	402.444	402.399	402.43	39
2025.06.20 16:44	402.431	402.431	402.41	402.414	9
2025.06.20 16:45	402.397	402.415	402.386	402.412	15
2025.06.20 16:46	402.405	402.415	402.396	402.396	8
2025.06.20 16:47	402.388	402.413	402.386	402.411	19
2025.06.20 16:48	402.415	402.422	402.372	402.372	11
2025.06.20 16:49	402.378	402.388	402.373	402.386	21
2025.06.20 16:50	402.387	402.404	402.374	402.404	15
2025.06.20 16:51	402.396	402.413	402.395	402.413	6
2025.06.20 16:52	402.408	402.417	402.379	402.388	39
2025.06.20 16:53	402.389	402.413	402.378	402.387	58
2025.06.20 16:54	402.378	402.403	402.363	402.389	108
2025.06.20 16:55	402.386	402.396	402.384	402.392	41
2025.06.20 16:56	402.391	402.396	402.368	402.388	55
2025.06.20 16:57	402.387	402.393	402.336	402.354	95
2025.06.20 16:58	402.357	402.395	402.341	402.354	102
2025.06.20 16:59	402.357	402.385	402.344	402.376	77
2025.06.20 17:00	402.36	402.384	402.31	402.342	196
2025.06.20 17:01	402.338	402.381	402.3	402.35	259
2025.06.20 17:02	402.334	402.571	402.326	402.533	141
2025.06.20 17:03	402.533	402.605	402.533	402.598	57
2025.06.20 17:04	402.593	402.597	402.593	402.595	8
2025.06.20 17:05	402.616	402.637	402.613	402.627	12
2025.06.20 17:06	402.628	402.638	402.627	402.627	4
2025.06.20 17:07	402.636	402.69	402.636	402.69	10
2025.06.20 17:08	402.681	402.818	402.681	402.788	19
2025.06.20 17:09	402.769	402.772	402.734	402.743	35
2025.06.20 17:10	402.74	402.742	402.728	402.733	10
2025.06.20 17:11	402.718	402.733	402.718	402.733	7
2025.06.20 17:12	402.741	402.75	402.741	402.75	3
2025.06.20 17:13	402.73	402.774	402.73	402.754	18
2025.06.20 17:14	402.751	402.766	402.751	402.766	6
2025.06.20 17:15	402.772	402.798	402.764	402.798	9
2025.06.20 17:16	402.788	402.788	402.766	402.772	6
2025.06.20 17:17	402.79	402.838	402.778	402.801	23
2025.06.20 17:18	402.788	402.831	402.784	402.831	11
2025.06.20 17:19	402.814	402.814	402.793	402.795	9
2025.06.20 17:20	402.8	402.879	402.795	402.854	23
2025.06.20 17:21	402.856	402.94	402.851	402.911	23
2025.06.20 17:22	402.911	402.941	402.908	402.927	31
2025.06.20 17:23	402.928	403.02	402.896	403.017	37
2025.06.20 17:24	403.023	403.064	403.016	403.044	67
2025.06.20 17:25	403.052	403.053	402.971	402.975	59
2025.06.20 17:26	402.974	402.975	402.91	402.941	84
2025.06.20 17:27	402.939	402.947	402.905	402.906	50
2025.06.20 17:28	402.895	402.906	402.894	402.895	33
2025.06.20 17:29	402.895	402.929	402.891	402.922	96
2025.06.20 17:30	402.922	403.021	402.917	403.019	66
2025.06.20 17:31	403.016	403.016	402.963	402.982	105
2025.06.20 17:32	402.975	403.006	402.964	402.987	71
2025.06.20 17:33	402.984	403.022	402.975	403.022	88
2025.06.20 17:34	403.017	403.03	403.011	403.018	26
2025.06.20 17:35	403.027	403.03	403.008	403.021	14
2025.06.20 17:36	403.024	403.03	403.001	403.008	22
2025.06.20 17:37	403.009	403.014	403.002	403.002	14
2025.06.20 17:38	403.003	403.008	403.0	403.004	17
2025.06.20 17:39	403.005	403.011	402.998	402.999	17
2025.06.20 17:40	402.998	403.027	402.961	403.024	31
2025.06.20 17:41	403.025	403.074	403.024	403.056	12
2025.06.20 17:42	403.057	403.057	403.033	403.057	13
2025.06.20 17:43	403.033	403.052	403.033	403.048	4
2025.06.20 17:44	403.046	403.046	403.014	403.019	8
2025.06.20 17:45	403.013	403.028	403.013	403.028	7
2025.06.20 17:46	403.026	403.053	403.015	403.023	23
2025.06.20 17:47	403.049	403.09	403.049	403.075	19
2025.06.20 17:48	403.098	403.098	403.079	403.081	13
2025.06.20 17:49	403.077	403.093	403.056	403.068	23
2025.06.20 17:50	403.076	403.083	403.068	403.083	5
2025.06.20 17:51	403.073	403.073	403.045	403.069	6
2025.06.20 17:52	403.063	403.092	403.063	403.081	10
2025.06.20 17:53	403.078	403.078	402.933	402.939	75
2025.06.20 17:54	402.966	403.048	402.951	402.956	61
2025.06.20 17:55	402.965	403.015	402.928	402.94	140
2025.06.20 17:56	402.941	402.973	402.918	402.965	72
2025.06.20 17:57	402.964	402.99	402.916	402.983	143
2025.06.20 17:58	402.99	403.028	402.918	403.016	135
2025.06.20 17:59	403.031	403.067	403.005	403.057	136
2025.06.20 18:00	403.059	403.08	403.024	403.065	153
2025.06.20 18:01	403.065	403.065	403.023	403.027	116
2025.06.20 18:02	403.027	403.034	402.924	402.924	74
2025.06.20 18:03	402.92	402.941	402.895	402.915	34
2025.06.20 18:04	402.914	402.979	402.914	402.942	42
2025.06.20 18:05	402.945	402.945	402.846	402.846	50
2025.06.20 18:06	402.844	402.845	402.744	402.744	46
2025.06.20 18:07	402.744	402.837	402.744	402.83	104
2025.06.20 18:08	402.83	402.836	402.737	402.738	138
2025.06.20 18:09	402.739	402.771	402.734	402.744	111
2025.06.20 18:10	402.745	402.762	402.732	402.74	75
2025.06.20 18:11	402.742	402.755	402.731	402.732	48
2025.06.20 18:12	402.731	402.738	402.722	402.73	118
2025.06.20 18:13	402.731	402.74	402.725	402.738	82
2025.06.20 18:14	402.737	402.746	402.725	402.732	70
2025.06.20 18:15	402.731	402.755	402.726	402.747	102
2025.06.20 18:16	402.745	402.763	402.734	402.753	75
2025.06.20 18:17	402.743	402.753	402.737	402.742	62
2025.06.20 18:18	402.741	402.742	402.674	402.682	95
2025.06.20 18:19	402.682	402.682	402.672	402.677	105
2025.06.20 18:20	402.678	402.736	402.672	402.727	85
2025.06.20 18:21	402.723	402.758	402.723	402.732	81
2025.06.20 18:22	402.733	402.751	402.706	402.71	62
2025.06.20 18:23	402.705	402.719	402.691	402.696	85
2025.06.20 18:24	402.699	402.699	402.673	402.678	102
2025.06.20 18:25	402.678	402.678	402.656	402.669	127
2025.06.20 18:26	402.667	402.681	402.667	402.677	100
2025.06.20 18:27	402.678	402.689	402.662	402.683	151
2025.06.20 18:28	402.687	402.703	402.659	402.669	137
2025.06.20 18:29	402.668	402.684	402.651	402.654	154
2025.06.20 18:30	402.653	402.701	402.638	402.694	121
2025.06.20 18:31	402.699	402.701	402.623	402.646	173
2025.06.20 18:32	402.635	402.702	402.625	402.671	168
2025.06.20 18:33	402.667	402.686	402.64	402.661	138
2025.06.20 18:34	402.673	402.694	402.637	402.663	128
2025.06.20 18:35	402.664	402.664	402.597	402.602	121
2025.06.20 18:36	402.6	402.615	402.598	402.615	160
2025.06.20 18:37	402.615	402.615	402.491	402.498	87
2025.06.20 18:38	402.497	402.501	402.465	402.467	43
2025.06.20 18:39	402.478	402.49	402.467	402.476	29
2025.06.20 18:40	402.476	402.532	402.464	402.526	48
2025.06.20 18:41	402.525	402.611	402.515	402.611	48
2025.06.20 18:42	402.623	402.647	402.577	402.636	35
2025.06.20 18:43	402.637	402.637	402.572	402.598	35
2025.06.20 18:44	402.588	402.599	402.553	402.581	86
2025.06.20 18:45	402.581	402.618	402.578	402.587	79
2025.06.20 18:46	402.587	402.613	402.566	402.587	72
2025.06.20 18:47	402.585	402.633	402.55	402.621	118
2025.06.20 18:48	402.621	402.696	402.551	402.62	148
2025.06.20 18:49	402.615	402.619	402.582	402.585	114
2025.06.20 18:50	402.593	402.609	402.561	402.606	122
2025.06.20 18:51	402.597	402.677	402.592	402.677	81
2025.06.20 18:52	402.611	402.684	402.611	402.661	19
2025.06.20 18:53	402.651	402.678	402.592	402.611	46
2025.06.20 18:54	402.609	402.674	402.609	402.673	42
2025.06.20 18:55	402.666	402.684	402.65	402.671	34
2025.06.20 18:56	402.684	402.685	402.644	402.65	19
2025.06.20 18:57	402.658	402.675	402.613	402.673	60
2025.06.20 18:58	402.674	402.72	402.603	402.714	13
2025.06.20 18:59	402.714	402.825	402.666	402.789	143
2025.06.20 19:00	402.815	402.88	402.731	402.778	139
2025.06.20 19:01	402.807	402.819	402.77	402.819	35
2025.06.20 19:02	402.812	402.83	402.792	402.819	64
2025.06.20 19:03	402.82	402.823	402.777	402.793	45
2025.06.20 19:04	402.799	402.803	402.771	402.778	68
2025.06.20 19:05	402.778	402.789	402.76	402.778	94
2025.06.20 19:06	402.776	402.787	402.764	402.785	77
2025.06.20 19:07	402.786	402.786	402.732	402.744	66
2025.06.20 19:08	402.744	402.771	402.73	402.754	72
2025.06.20 19:09	402.753	402.795	402.731	402.769	61
2025.06.20 19:10	402.739	402.787	402.738	402.787	29
2025.06.20 19:11	402.791	402.801	402.775	402.784	28
2025.06.20 19:12	402.77	402.836	402.77	402.798	29
2025.06.20 19:13	402.8	402.886	402.798	402.852	30
2025.06.20 19:14	402.852	402.855	402.799	402.828	51
2025.06.20 19:15	402.828	402.86	402.789	402.845	50
2025.06.20 19:16	402.844	402.865	402.826	402.865	14
2025.06.20 19:17	402.852	402.867	402.838	402.849	19
2025.06.20 19:18	402.849	402.858	402.79	402.846	56
2025.06.20 19:19	402.847	402.847	402.784	402.814	46
2025.06.20 19:20	402.814	402.847	402.805	402.843	71
2025.06.20 19:21	402.839	402.842	402.813	402.829	72
2025.06.20 19:22	402.825	402.844	402.811	402.828	81
2025.06.20 19:23	402.831	402.864	402.799	402.855	65
2025.06.20 19:24	402.842	402.842	402.801	402.829	37
2025.06.20 19:25	402.832	402.849	402.814	402.842	32
2025.06.20 19:26	402.842	402.847	402.761	402.788	38
2025.06.20 19:27	402.801	402.801	402.772	402.791	14
2025.06.20 19:28	402.816	402.818	402.75	402.796	41
2025.06.20 19:29	402.798	402.812	402.794	402.801	35
2025.06.20 19:30	402.798	402.82	402.782	402.811	56
2025.06.20 19:31	402.81	402.824	402.756	402.788	42
2025.06.20 19:32	402.783	402.792	402.768	402.781	34
2025.06.20 19:33	402.781	402.836	402.781	402.83	49
2025.06.20 19:34	402.829	402.845	402.798	402.837	45
2025.06.20 19:35	402.81	402.855	402.785	402.848	24
2025.06.20 19:36	402.848	402.875	402.839	402.874	15
2025.06.20 19:37	402.863	402.92	402.851	402.91	25
2025.06.20 19:38	402.909	402.926	402.891	402.891	66
2025.06.20 19:39	402.879	402.902	402.865	402.892	21
2025.06.20 19:40	402.892	402.909	402.857	402.88	23
2025.06.20 19:41	402.909	402.922	402.897	402.91	27
2025.06.20 19:42	402.91	402.915	402.858	402.903	35
2025.06.20 19:43	402.892	402.918	402.837	402.868	56
2025.06.20 19:44	402.868	402.868	402.816	402.818	10
2025.06.20 19:45	402.818	402.826	402.808	402.819	6
2025.06.20 19:46	402.807	402.831	402.806	402.812	8
2025.06.20 19:47	402.831	402.856	402.808	402.836	12
2025.06.20 19:48	402.836	402.853	402.805	402.848	31
2025.06.20 19:49	402.847	402.849	402.819	402.847	12
2025.06.20 19:50	402.847	402.889	402.825	402.825	28
2025.06.20 19:51	402.828	402.866	402.82	402.844	46
2025.06.20 19:52	402.844	402.846	402.781	402.822	64
2025.06.20 19:53	402.825	402.864	402.818	402.818	36
2025.06.20 19:54	402.831	402.831	402.792	402.798	32
2025.06.20 19:55	402.796	402.843	402.792	402.842	37
2025.06.20 19:56	402.842	402.852	402.81	402.825	52
2025.06.20 19:57	402.825	402.843	402.824	402.838	43
2025.06.20 19:58	402.837	402.853	402.827	402.837	37
2025.06.20 19:59	402.833	402.834	402.807	402.827	24
2025.06.20 20:00	402.837	402.889	402.837	402.854	38
2025.06.20 20:01	402.854	402.854	402.815	402.815	10
2025.06.20 20:02	402.817	402.868	402.815	402.833	24
2025.06.20 20:03	402.833	402.843	402.803	402.829	10
2025.06.20 20:04	402.829	402.865	402.818	402.864	11
2025.06.20 20:05	402.864	402.874	402.837	402.874	6
2025.06.20 20:06	402.846	402.871	402.844	402.844	11
2025.06.20 20:07	402.844	402.857	402.838	402.845	7
2025.06.20 20:08	402.845	402.845	402.835	402.845	8
2025.06.20 20:09	402.845	402.846	402.821	402.846	11
2025.06.20 20:10	402.833	402.846	402.819	402.824	12
2025.06.20 20:11	402.824	402.834	402.813	402.834	10
2025.06.20 20:12	402.834	402.834	402.825	402.834	8
2025.06.20 20:13	402.834	402.834	402.827	402.834	5
2025.06.20 20:14	402.829	402.834	402.822	402.833	9
2025.06.20 20:15	402.836	402.841	402.812	402.812	13
2025.06.20 20:16	402.815	402.839	402.803	402.837	20
2025.06.20 20:17	402.839	402.868	402.834	402.868	33
2025.06.20 20:18	402.872	402.872	402.85	402.861	28
2025.06.20 20:19	402.861	402.861	402.835	402.851	24
2025.06.20 20:20	402.851	402.857	402.85	402.854	9
2025.06.20 20:21	402.848	402.861	402.83	402.854	22
2025.06.20 20:22	402.854	402.868	402.824	402.86	31
2025.06.20 20:23	402.856	402.866	402.856	402.866	11
2025.06.20 20:24	402.866	402.869	402.802	402.857	14
2025.06.20 20:25	402.857	402.857	402.81	402.819	25
2025.06.20 20:26	402.818	402.856	402.81	402.856	20
2025.06.20 20:27	402.856	402.864	402.844	402.854	32
2025.06.20 20:28	402.853	402.863	402.84	402.863	25
2025.06.20 20:29	402.863	402.863	402.843	402.86	31
2025.06.20 20:30	402.856	402.874	402.821	402.821	50
2025.06.20 20:31	402.821	402.84	402.806	402.836	57
2025.06.20 20:32	402.835	402.845	402.794	402.794	56
2025.06.20 20:33	402.794	402.844	402.78	402.83	51
2025.06.20 20:34	402.829	402.848	402.828	402.843	19
2025.06.20 20:35	402.84	402.86	402.839	402.849	20
2025.06.20 20:36	402.849	402.865	402.844	402.86	29
2025.06.20 20:37	402.86	402.89	402.86	402.875	28
2025.06.20 20:38	402.87	402.87	402.859	402.863	11
2025.06.20 20:39	402.877	402.881	402.867	402.877	27
2025.06.20 20:40	402.875	402.885	402.865	402.867	30
2025.06.20 20:41	402.867	402.873	402.858	402.868	23
2025.06.20 20:42	402.86	402.88	402.834	402.864	28
2025.06.20 20:43	402.864	402.864	402.827	402.851	26
2025.06.20 20:44	402.85	402.856	402.843	402.855	7
2025.06.20 20:45	402.858	402.859	402.847	402.847	7
2025.06.20 20:46	402.847	402.881	402.843	402.881	9
2025.06.20 20:47	402.861	402.88	402.844	402.871	16
2025.06.20 20:48	402.871	402.902	402.866	402.886	32
2025.06.20 20:49	402.883	402.883	402.868	402.881	15
2025.06.20 20:50	402.878	402.905	402.866	402.872	25
2025.06.20 20:51	402.873	402.873	402.871	402.873	3
2025.06.20 20:52	402.873	402.881	402.873	402.881	2
2025.06.20 20:53	402.866	402.867	402.866	402.866	5
2025.06.20 20:54	402.869	402.87	402.869	402.87	2
2025.06.20 20:55	402.876	402.876	402.817	402.876	4
2025.06.20 20:56	402.882	402.883	402.882	402.883	4
2025.06.20 20:57	402.882	402.883	402.88	402.88	18
2025.06.20 20:58	402.88	402.932	402.841	402.932	13
2025.06.20 20:59	402.932	402.945	402.932	402.938	3
2025.06.20 21:00	402.947	402.967	402.923	402.939	43
2025.06.20 21:01	402.96	402.976	402.958	402.964	22
2025.06.20 21:02	402.967	402.968	402.905	402.911	23
2025.06.20 21:03	402.911	402.915	402.899	402.899	21
2025.06.20 21:04	402.895	402.911	402.895	402.906	11
2025.06.20 21:05	402.902	402.92	402.901	402.91	25
2025.06.20 21:06	402.914	402.925	402.907	402.914	27
2025.06.20 21:07	402.906	402.911	402.9	402.904	11
2025.06.20 21:08	402.904	402.912	402.902	402.909	8
2025.06.20 21:09	402.908	402.951	402.902	402.951	43
2025.06.20 21:10	402.951	402.951	402.944	402.944	6
2025.06.20 21:11	402.944	402.95	402.944	402.947	6
2025.06.20 21:12	402.95	402.95	402.948	402.948	3
2025.06.20 21:13	402.948	402.953	402.948	402.953	4
2025.06.20 21:14	402.952	402.952	402.931	402.931	6
2025.06.20 21:15	402.93	402.93	402.877	402.913	9
2025.06.20 21:16	402.916	402.924	402.915	402.923	8
2025.06.20 21:17	402.925	402.932	402.766	402.766	41
2025.06.20 21:18	402.779	402.78	402.741	402.77	12
2025.06.20 21:19	402.741	402.767	402.741	402.741	6
2025.06.20 21:20	402.757	402.769	402.651	402.676	31
2025.06.20 21:21	402.651	402.694	402.543	402.543	21
2025.06.20 21:22	402.554	402.613	402.554	402.613	24
2025.06.20 21:23	402.606	402.609	402.575	402.589	19
2025.06.20 21:24	402.561	402.594	402.561	402.578	14
2025.06.20 21:25	402.59	402.601	402.578	402.601	9
2025.06.20 21:26	402.563	402.63	402.563	402.63	5
2025.06.20 21:27	402.563	402.644	402.563	402.644	12
2025.06.20 21:28	402.662	402.692	402.644	402.692	10
2025.06.20 21:29	402.682	402.705	402.663	402.705	6
2025.06.20 21:30	402.692	402.692	402.663	402.667	7
2025.06.20 21:31	402.663	402.694	402.613	402.656	16
2025.06.20 21:32	402.662	402.708	402.563	402.692	17
2025.06.20 21:33	402.614	402.708	402.614	402.708	7
2025.06.20 21:34	402.697	402.708	402.686	402.688	6
2025.06.20 21:35	402.698	402.701	402.604	402.695	12
2025.06.20 21:36	402.694	402.694	402.646	402.678	14
2025.06.20 21:37	402.689	402.702	402.592	402.684	13
2025.06.20 21:38	402.573	402.735	402.573	402.724	8
2025.06.20 21:39	402.652	402.733	402.65	402.65	13
2025.06.20 21:40	402.66	402.729	402.627	402.699	23
2025.06.20 21:41	402.699	402.714	402.636	402.636	16
2025.06.20 21:42	402.563	402.681	402.563	402.644	11
2025.06.20 21:43	402.563	402.659	402.563	402.648	7
2025.06.20 21:44	402.563	402.637	402.563	402.563	5
2025.06.20 21:45	402.637	402.637	402.563	402.637	4
2025.06.20 21:46	402.563	402.691	402.563	402.677	7
2025.06.20 21:47	402.592	402.727	402.563	402.704	13
2025.06.20 21:48	402.601	402.723	402.601	402.694	4
2025.06.20 21:49	402.596	402.705	402.596	402.696	10
2025.06.20 21:50	402.724	402.733	402.569	402.733	7
2025.06.20 21:51	402.657	402.723	402.581	402.712	8
2025.06.20 21:52	402.722	402.723	402.598	402.72	7
2025.06.20 21:53	402.629	402.722	402.563	402.705	12
2025.06.20 21:54	402.695	402.695	402.563	402.684	9
2025.06.20 21:55	402.606	402.697	402.563	402.697	8
2025.06.20 21:56	402.71	402.756	402.71	402.756	10
2025.06.20 21:57	402.746	402.781	402.663	402.739	16
2025.06.20 21:58	402.663	402.76	402.663	402.76	18
2025.06.20 21:59	402.731	402.731	402.682	402.69	7
2025.06.20 22:00	402.679	402.709	402.663	402.663	26
2025.06.20 22:01	ERROR	ERROR	ERROR	ERROR	ERROR
2025.06.20 22:02	402.676	402.676	402.663	402.663	2
2025.06.20 22:03	402.676	402.676	402.663	402.663	2
2025.06.20 22:04	402.676	402.676	402.663	402.663	2
2025.06.20 22:05	ERROR	ERROR	ERROR	ERROR	ERROR
2025.06.20 22:06	402.674	402.674	402.663	402.663	2
2025.06.20 22:07	ERROR	ERROR	ERROR	ERROR	ERROR
2025.06.20 22:08	ERROR	ERROR	ERROR	ERROR	ERROR
2025.06.20 22:09	402.663	402.663	402.663	402.663	1
2025.06.20 22:10	402.674	402.674	402.644	402.652	6
2025.06.20 22:11	402.658	402.718	402.652	402.661	7
2025.06.20 22:12	402.639	402.639	402.613	402.613	2
2025.06.20 22:13	402.619	402.665	402.619	402.619	4
2025.06.20 22:14	ERROR	ERROR	ERROR	ERROR	ERROR
2025.06.20 22:15	402.616	402.702	402.616	402.702	5
2025.06.20 22:16	402.667	402.702	402.659	402.702	6
2025.06.20 22:17	402.685	402.705	402.669	402.705	4
2025.06.20 22:18	402.669	402.705	402.649	402.705	3
2025.06.20 22:19	402.664	402.705	402.653	402.705	4
2025.06.20 22:20	402.664	402.705	402.664	402.705	2
2025.06.20 22:21	402.664	402.705	402.664	402.705	2
2025.06.20 22:22	ERROR	ERROR	ERROR	ERROR	ERROR
2025.06.20 22:23	402.65	402.682	402.65	402.682	3
2025.06.20 22:24	402.684	402.692	402.663	402.682	4
2025.06.20 22:25	402.663	402.682	402.663	402.682	2
2025.06.20 22:26	402.664	402.682	402.664	402.682	3
2025.06.20 22:27	402.665	402.692	402.656	402.692	8
2025.06.20 22:28	402.657	402.692	402.641	402.692	6
2025.06.20 22:29	402.642	402.692	402.642	402.692	2
2025.06.20 22:30	402.642	402.692	402.642	402.692	2
2025.06.20 22:31	402.675	402.675	402.642	402.675	6
2025.06.20 22:32	402.701	402.702	402.683	402.695	5
2025.06.20 22:33	402.695	402.7	402.695	402.7	2
2025.06.20 22:34	402.692	402.702	402.692	402.692	5
2025.06.20 22:35	402.653	402.697	402.648	402.692	7
2025.06.20 22:36	402.648	402.692	402.648	402.692	2
2025.06.20 22:37	402.658	402.692	402.639	402.691	5
2025.06.20 22:38	402.702	402.702	402.639	402.702	4
2025.06.20 22:39	402.695	402.695	402.642	402.695	3
2025.06.20 22:40	402.643	402.695	402.643	402.695	2
2025.06.20 22:41	402.702	402.702	402.702	402.702	1
2025.06.20 22:42	402.643	402.702	402.643	402.702	2
2025.06.20 22:43	402.645	402.702	402.645	402.702	2
2025.06.20 22:44	402.697	402.697	402.636	402.697	5
2025.06.20 22:45	402.693	402.697	402.692	402.697	3
2025.06.20 22:46	402.686	402.686	402.686	402.686	1
2025.06.20 22:47	402.682	402.71	402.682	402.71	4
2025.06.20 22:48	402.71	402.71	402.691	402.704	6
2025.06.20 22:49	402.705	402.706	402.657	402.706	4
2025.06.20 22:50	402.706	402.706	402.706	402.706	1
2025.06.20 22:51	402.7	402.705	402.688	402.705	4
2025.06.20 22:52	402.707	402.728	402.692	402.727	18
2025.06.20 22:53	402.711	402.728	402.711	402.711	3
2025.06.20 22:54	402.708	402.708	402.658	402.707	7
2025.06.20 22:55	402.703	402.704	402.636	402.704	5
2025.06.20 22:56	402.649	402.704	402.649	402.704	2
2025.06.20 22:57	402.646	402.704	402.646	402.704	7
2025.06.20 22:58	402.643	402.704	402.643	402.704	4
2025.06.20 22:59	402.643	402.704	402.643	402.704	8
2025.06.20 23:00	402.682	402.699	402.661	402.661	7
2025.06.20 23:01	402.703	402.703	402.661	402.661	7
2025.06.20 23:02	402.7	402.7	402.661	402.661	7
2025.06.20 23:03	ERROR	ERROR	ERROR	ERROR	ERROR
2025.06.20 23:04	402.744	402.744	402.661	402.661	8
2025.06.20 23:05	402.689	402.717	402.661	402.661	9
2025.06.20 23:06	402.661	402.661	402.661	402.661	1
2025.06.20 23:07	402.716	402.784	402.661	402.661	6
2025.06.20 23:08	ERROR	ERROR	ERROR	ERROR	ERROR
2025.06.20 23:09	ERROR	ERROR	ERROR	ERROR	ERROR
2025.06.20 23:10	ERROR	ERROR	ERROR	ERROR	ERROR
2025.06.20 23:11	402.734	402.735	402.661	402.661	5
2025.06.20 23:12	402.724	402.726	402.661	402.661	6
2025.06.20 23:13	402.735	402.817	402.661	402.661	5
2025.06.20 23:14	ERROR	ERROR	ERROR	ERROR	ERROR
2025.06.20 23:15	402.661	402.661	402.661	402.661	1
2025.06.20 23:16	402.711	402.787	402.661	402.661	9
2025.06.20 23:17	ERROR	ERROR	ERROR	ERROR	ERROR
2025.06.20 23:18	ERROR	ERROR	ERROR	ERROR	ERROR
2025.06.20 23:19	402.717	402.766	402.661	402.661	6
2025.06.20 23:20	ERROR	ERROR	ERROR	ERROR	ERROR
2025.06.20 23:21	402.776	402.776	402.661	402.661	3
2025.06.20 23:22	402.743	402.796	402.661	402.661	5
2025.06.20 23:23	ERROR	ERROR	ERROR	ERROR	ERROR
2025.06.20 23:24	402.737	402.739	402.661	402.661	5
2025.06.20 23:25	402.726	402.733	402.661	402.661	3
2025.06.20 23:26	ERROR	ERROR	ERROR	ERROR	ERROR
2025.06.20 23:27	402.741	402.744	402.661	402.661	7
2025.06.20 23:28	ERROR	ERROR	ERROR	ERROR	ERROR
2025.06.20 23:29	402.733	402.733	402.661	402.661	4
2025.06.20 23:30	402.661	402.757	402.661	402.661	3
2025.06.20 23:31	402.792	402.792	402.661	402.661	3
2025.06.20 23:32	402.74	402.792	402.661	402.661	16
2025.06.20 23:33	ERROR	ERROR	ERROR	ERROR	ERROR
2025.06.20 23:34	402.661	402.661	402.661	402.661	1
2025.06.20 23:35	402.757	402.757	402.661	402.661	2
2025.06.20 23:36	402.772	402.772	402.661	402.661	2
2025.06.20 23:37	ERROR	ERROR	ERROR	ERROR	ERROR
2025.06.20 23:38	ERROR	ERROR	ERROR	ERROR	ERROR
2025.06.20 23:39	ERROR	ERROR	ERROR	ERROR	ERROR
2025.06.20 23:40	ERROR	ERROR	ERROR	ERROR	ERROR
2025.06.20 23:41	ERROR	ERROR	ERROR	ERROR	ERROR
2025.06.20 23:42	ERROR	ERROR	ERROR	ERROR	ERROR
2025.06.20 23:43	ERROR	ERROR	ERROR	ERROR	ERROR
2025.06.20 23:44	ERROR	ERROR	ERROR	ERROR	ERROR
2025.06.20 23:45	402.297	402.378	402.297	402.378	4
2025.06.20 23:46	402.378	402.378	402.151	402.297	5
2025.06.20 23:47	402.297	402.297	402.297	402.297	1
2025.06.20 23:48	402.297	402.297	402.297	402.297	1
2025.06.20 23:49	402.297	402.297	402.151	402.297	11
2025.06.20 23:50	402.297	402.297	401.761	402.297	10
2025.06.20 23:51	401.992	402.297	401.992	402.297	7
2025.06.20 23:52	402.297	402.378	401.934	402.378	6
2025.06.20 23:53	402.378	402.378	402.297	402.297	2
2025.06.20 23:54	402.297	402.297	402.297	402.297	1
2025.06.20 23:55	402.297	402.378	402.028	402.028	4
2025.06.20 23:56	402.051	402.378	402.017	402.297	11
2025.06.20 23:57	402.017	402.297	402.017	402.297	7
2025.06.20 23:58	402.378	402.378	402.017	402.297	3
2025.06.20 23:59	ERROR	ERROR	ERROR	ERROR	ERROR
