Time	Open	High	Low	Close	Volume
2025.08.01 00:00	0.52104	0.52179	0.52102	0.52165	78
2025.08.01 00:01	ERROR	ERROR	ERROR	ERROR	ERROR
2025.08.01 00:02	ERROR	ERROR	ERROR	ERROR	ERROR
2025.08.01 00:03	0.52151	0.52151	0.52151	0.52151	1
2025.08.01 00:04	ERROR	ERROR	ERROR	ERROR	ERROR
2025.08.01 00:05	0.52151	0.5216	0.52151	0.5216	2
2025.08.01 00:06	0.52166	0.52166	0.52166	0.52166	1
2025.08.01 00:07	0.52155	0.52155	0.52155	0.52155	1
2025.08.01 00:08	0.52155	0.52155	0.52155	0.52155	1
2025.08.01 00:09	0.52155	0.52155	0.52155	0.52155	1
2025.08.01 00:10	0.52155	0.52155	0.52154	0.52154	2
2025.08.01 00:11	0.52154	0.52155	0.52154	0.52155	2
2025.08.01 00:12	0.52155	0.52155	0.52155	0.52155	1
2025.08.01 00:13	0.52155	0.52155	0.52155	0.52155	1
2025.08.01 00:14	0.52155	0.52156	0.52155	0.52156	2
2025.08.01 00:15	0.52156	0.52156	0.52156	0.52156	1
2025.08.01 00:16	0.52156	0.52156	0.52156	0.52156	1
2025.08.01 00:17	0.52156	0.52156	0.52147	0.52147	3
2025.08.01 00:18	0.52147	0.52147	0.52143	0.52144	3
2025.08.01 00:19	0.52144	0.52144	0.52135	0.52135	4
2025.08.01 00:20	0.52132	0.5214	0.52132	0.52138	15
2025.08.01 00:21	0.52138	0.52138	0.52134	0.52136	6
2025.08.01 00:22	0.52134	0.52136	0.52134	0.52134	3
2025.08.01 00:23	0.52132	0.52134	0.52132	0.52132	3
2025.08.01 00:24	0.5213	0.52132	0.5213	0.52132	11
2025.08.01 00:25	0.52132	0.52134	0.52132	0.52132	5
2025.08.01 00:26	0.52132	0.52132	0.52128	0.52128	4
2025.08.01 00:27	0.52128	0.52128	0.5212	0.52122	6
2025.08.01 00:28	0.52118	0.52118	0.52116	0.52116	5
2025.08.01 00:29	0.52115	0.52116	0.52115	0.52115	7
2025.08.01 00:30	0.52116	0.52116	0.52112	0.52116	4
2025.08.01 00:31	0.52116	0.52122	0.52116	0.52122	3
2025.08.01 00:32	0.52128	0.5213	0.52124	0.52126	7
2025.08.01 00:33	0.52126	0.52126	0.5211	0.5211	6
2025.08.01 00:34	0.52108	0.52122	0.52108	0.5212	19
2025.08.01 00:35	0.5212	0.52122	0.52114	0.5212	12
2025.08.01 00:36	0.5212	0.52133	0.52117	0.52128	46
2025.08.01 00:37	0.52128	0.52132	0.52125	0.52127	22
2025.08.01 00:38	0.52127	0.52138	0.52126	0.52135	55
2025.08.01 00:39	0.52136	0.52141	0.5213	0.52131	36
2025.08.01 00:40	0.52133	0.52144	0.52128	0.52144	20
2025.08.01 00:41	0.52144	0.52144	0.52119	0.52125	49
2025.08.01 00:42	0.5212	0.52125	0.52086	0.52098	55
2025.08.01 00:43	0.52097	0.52116	0.52095	0.52103	36
2025.08.01 00:44	0.52103	0.52113	0.52098	0.52108	15
2025.08.01 00:45	0.5211	0.52111	0.52104	0.52111	25
2025.08.01 00:46	0.52119	0.5212	0.52106	0.52112	13
2025.08.01 00:47	0.52112	0.5212	0.52112	0.52118	8
2025.08.01 00:48	0.52118	0.5212	0.52114	0.52115	16
2025.08.01 00:49	0.52118	0.52122	0.52116	0.52122	7
2025.08.01 00:50	0.52122	0.52122	0.52116	0.52118	11
2025.08.01 00:51	0.52112	0.52124	0.5211	0.52123	26
2025.08.01 00:52	0.52123	0.52125	0.5212	0.52121	8
2025.08.01 00:53	0.52125	0.52127	0.52121	0.52123	6
2025.08.01 00:54	0.52123	0.5213	0.52116	0.52119	15
2025.08.01 00:55	0.52119	0.5212	0.52111	0.52114	42
2025.08.01 00:56	0.52114	0.52116	0.52106	0.52111	13
2025.08.01 00:57	0.52108	0.52113	0.52108	0.52111	10
2025.08.01 00:58	0.52109	0.52116	0.52106	0.52109	10
2025.08.01 00:59	0.5211	0.52126	0.5211	0.52126	13
2025.08.01 01:00	0.52148	0.52148	0.5211	0.5212	72
2025.08.01 01:01	0.5213	0.52135	0.52119	0.52134	50
2025.08.01 01:02	0.52134	0.52149	0.52132	0.52143	33
2025.08.01 01:03	0.52143	0.52147	0.5213	0.52137	30
2025.08.01 01:04	0.52137	0.52149	0.52137	0.52149	10
2025.08.01 01:05	0.52149	0.52151	0.52142	0.52144	17
2025.08.01 01:06	0.52143	0.52143	0.52137	0.52141	25
2025.08.01 01:07	0.52142	0.52147	0.5214	0.5214	17
2025.08.01 01:08	0.52139	0.5214	0.52138	0.5214	9
2025.08.01 01:09	0.52137	0.52144	0.52137	0.52143	14
2025.08.01 01:10	0.52143	0.52144	0.52135	0.52135	29
2025.08.01 01:11	0.52134	0.52139	0.52134	0.52136	100
2025.08.01 01:12	0.52136	0.5214	0.52134	0.5214	139
2025.08.01 01:13	0.52139	0.52141	0.52133	0.52136	131
2025.08.01 01:14	0.52136	0.52143	0.52135	0.52142	103
2025.08.01 01:15	0.52141	0.5215	0.52139	0.52147	97
2025.08.01 01:16	0.52146	0.52152	0.52145	0.52148	47
2025.08.01 01:17	0.52149	0.5215	0.52148	0.5215	30
2025.08.01 01:18	0.5215	0.52156	0.52149	0.52156	25
2025.08.01 01:19	0.52153	0.52156	0.52147	0.52149	22
2025.08.01 01:20	0.52149	0.52153	0.52142	0.52142	32
2025.08.01 01:21	0.52142	0.52148	0.52138	0.52148	45
2025.08.01 01:22	0.52149	0.52152	0.52146	0.5215	25
2025.08.01 01:23	0.52149	0.52151	0.52144	0.52148	26
2025.08.01 01:24	0.52149	0.52152	0.52146	0.52152	31
2025.08.01 01:25	0.52151	0.52153	0.52149	0.52152	20
2025.08.01 01:26	0.52153	0.52158	0.52153	0.52158	18
2025.08.01 01:27	0.52158	0.52161	0.52156	0.52159	18
2025.08.01 01:28	0.52158	0.52163	0.52153	0.52156	28
2025.08.01 01:29	0.52157	0.52158	0.5215	0.52155	26
2025.08.01 01:30	0.52157	0.52164	0.52157	0.52162	40
2025.08.01 01:31	0.52163	0.52166	0.52159	0.5216	27
2025.08.01 01:32	0.5216	0.52166	0.5216	0.52166	30
2025.08.01 01:33	0.52167	0.52174	0.52166	0.52169	22
2025.08.01 01:34	0.52169	0.52172	0.52163	0.5217	18
2025.08.01 01:35	0.5217	0.52172	0.52159	0.52165	20
2025.08.01 01:36	0.52165	0.52167	0.52159	0.52159	26
2025.08.01 01:37	0.5216	0.52164	0.52159	0.52163	22
2025.08.01 01:38	0.52163	0.52169	0.5216	0.52167	28
2025.08.01 01:39	0.52167	0.52169	0.52163	0.52165	35
2025.08.01 01:40	0.52165	0.52169	0.52162	0.52162	33
2025.08.01 01:41	0.52161	0.52164	0.52158	0.52161	30
2025.08.01 01:42	0.52162	0.52174	0.52162	0.52173	27
2025.08.01 01:43	0.52172	0.52177	0.52167	0.52173	33
2025.08.01 01:44	0.52173	0.52178	0.52172	0.52177	49
2025.08.01 01:45	0.5218	0.52181	0.52176	0.52179	28
2025.08.01 01:46	0.5218	0.52182	0.52178	0.52181	15
2025.08.01 01:47	0.52181	0.52185	0.5218	0.52183	37
2025.08.01 01:48	0.52183	0.52187	0.52182	0.52186	18
2025.08.01 01:49	0.52187	0.52189	0.52185	0.52187	24
2025.08.01 01:50	0.52187	0.52198	0.52185	0.52197	32
2025.08.01 01:51	0.52197	0.52198	0.52191	0.52197	17
2025.08.01 01:52	0.52197	0.52202	0.52192	0.52202	34
2025.08.01 01:53	0.52202	0.52207	0.522	0.52207	45
2025.08.01 01:54	0.52206	0.5221	0.52202	0.52202	28
2025.08.01 01:55	0.52202	0.52205	0.52188	0.5219	29
2025.08.01 01:56	0.52189	0.52189	0.52177	0.52184	28
2025.08.01 01:57	0.52185	0.52187	0.52172	0.52182	59
2025.08.01 01:58	0.52182	0.52189	0.52177	0.52179	57
2025.08.01 01:59	0.5218	0.52188	0.52176	0.5218	57
2025.08.01 02:00	0.52179	0.5219	0.52173	0.52188	79
2025.08.01 02:01	0.52188	0.52198	0.52178	0.52197	26
2025.08.01 02:02	0.52201	0.52215	0.52197	0.52215	34
2025.08.01 02:03	0.52215	0.52217	0.52204	0.52205	58
2025.08.01 02:04	0.52206	0.52216	0.52205	0.52216	52
2025.08.01 02:05	0.52217	0.52224	0.5221	0.52224	47
2025.08.01 02:06	0.52224	0.52224	0.52218	0.52222	29
2025.08.01 02:07	0.52222	0.52224	0.52212	0.52214	41
2025.08.01 02:08	0.52218	0.52225	0.52216	0.52222	52
2025.08.01 02:09	0.52225	0.52225	0.52211	0.52211	37
2025.08.01 02:10	0.52212	0.52212	0.52201	0.52209	49
2025.08.01 02:11	0.52208	0.52266	0.52203	0.52232	110
2025.08.01 02:12	0.52231	0.52258	0.52224	0.52247	76
2025.08.01 02:13	0.52246	0.52281	0.52244	0.52255	74
2025.08.01 02:14	0.52256	0.52265	0.52243	0.52259	67
2025.08.01 02:15	0.5226	0.52261	0.52244	0.52253	33
2025.08.01 02:16	0.52254	0.52267	0.5225	0.52266	35
2025.08.01 02:17	0.52266	0.52274	0.52259	0.52272	57
2025.08.01 02:18	0.52272	0.52272	0.52243	0.52245	43
2025.08.01 02:19	0.52246	0.52251	0.52243	0.52246	29
2025.08.01 02:20	0.52246	0.52258	0.52237	0.52254	35
2025.08.01 02:21	0.52254	0.5226	0.52244	0.52258	50
2025.08.01 02:22	0.5226	0.52267	0.52255	0.52262	36
2025.08.01 02:23	0.52262	0.52279	0.52261	0.52272	49
2025.08.01 02:24	0.52272	0.52277	0.52267	0.52273	43
2025.08.01 02:25	0.52275	0.5228	0.52266	0.52267	37
2025.08.01 02:26	0.52268	0.52269	0.52262	0.52264	43
2025.08.01 02:27	0.52264	0.52267	0.52257	0.5226	32
2025.08.01 02:28	0.52264	0.52266	0.52258	0.52265	38
2025.08.01 02:29	0.52265	0.52273	0.52265	0.52272	31
2025.08.01 02:30	0.52276	0.52276	0.52263	0.52274	53
2025.08.01 02:31	0.52274	0.52278	0.5227	0.52274	29
2025.08.01 02:32	0.52282	0.52296	0.52279	0.52295	49
2025.08.01 02:33	0.52295	0.5231	0.52295	0.5231	40
2025.08.01 02:34	0.52311	0.52312	0.52297	0.52301	40
2025.08.01 02:35	0.52302	0.52302	0.52295	0.52297	31
2025.08.01 02:36	0.52296	0.52297	0.52286	0.52292	31
2025.08.01 02:37	0.52291	0.52308	0.5229	0.52308	44
2025.08.01 02:38	0.52308	0.52309	0.52301	0.52306	47
2025.08.01 02:39	0.52306	0.52317	0.52306	0.52315	37
2025.08.01 02:40	0.52317	0.52326	0.52312	0.52312	28
2025.08.01 02:41	0.52312	0.52312	0.523	0.52305	32
2025.08.01 02:42	0.52304	0.52309	0.52301	0.52309	22
2025.08.01 02:43	0.52309	0.52311	0.52302	0.52302	26
2025.08.01 02:44	0.52302	0.52305	0.52296	0.52301	46
2025.08.01 02:45	0.523	0.52305	0.52297	0.52302	43
2025.08.01 02:46	0.52302	0.5231	0.52301	0.52309	38
2025.08.01 02:47	0.5231	0.5232	0.5231	0.52316	33
2025.08.01 02:48	0.52316	0.52316	0.52301	0.52301	23
2025.08.01 02:49	0.52301	0.52302	0.52291	0.52301	23
2025.08.01 02:50	0.52302	0.52314	0.52301	0.52311	34
2025.08.01 02:51	0.52312	0.52312	0.52297	0.52307	48
2025.08.01 02:52	0.52307	0.52312	0.523	0.52312	54
2025.08.01 02:53	0.52312	0.52325	0.52309	0.52323	41
2025.08.01 02:54	0.52323	0.52323	0.52309	0.52312	27
2025.08.01 02:55	0.52312	0.52314	0.52307	0.5231	28
2025.08.01 02:56	0.52312	0.52313	0.523	0.52303	45
2025.08.01 02:57	0.52302	0.52309	0.52294	0.52307	33
2025.08.01 02:58	0.52307	0.52309	0.52297	0.52304	50
2025.08.01 02:59	0.52304	0.52305	0.52297	0.52301	36
2025.08.01 03:00	0.52301	0.52308	0.52291	0.52295	102
2025.08.01 03:01	0.52294	0.52298	0.52277	0.52291	101
2025.08.01 03:02	0.52288	0.52294	0.52282	0.5229	90
2025.08.01 03:03	0.52291	0.52302	0.5229	0.52302	56
2025.08.01 03:04	0.52301	0.52302	0.52286	0.52287	56
2025.08.01 03:05	0.52288	0.52303	0.52287	0.52303	63
2025.08.01 03:06	0.52302	0.52304	0.52284	0.5229	64
2025.08.01 03:07	0.5229	0.52297	0.52285	0.52294	59
2025.08.01 03:08	0.52292	0.52301	0.5229	0.52295	40
2025.08.01 03:09	0.52296	0.52299	0.52287	0.52289	25
2025.08.01 03:10	0.52289	0.52289	0.5227	0.52271	53
2025.08.01 03:11	0.52272	0.52288	0.52272	0.52279	64
2025.08.01 03:12	0.52279	0.52281	0.52271	0.52279	53
2025.08.01 03:13	0.52279	0.52283	0.52274	0.52279	56
2025.08.01 03:14	0.52278	0.52278	0.52265	0.52265	45
2025.08.01 03:15	0.52263	0.52267	0.52251	0.52259	71
2025.08.01 03:16	0.5226	0.52266	0.5225	0.52252	58
2025.08.01 03:17	0.52252	0.52273	0.52252	0.52272	61
2025.08.01 03:18	0.52272	0.52286	0.52269	0.52284	60
2025.08.01 03:19	0.52285	0.52294	0.52285	0.52291	47
2025.08.01 03:20	0.5229	0.52298	0.52284	0.52285	64
2025.08.01 03:21	0.52284	0.52286	0.52276	0.52276	25
2025.08.01 03:22	0.52275	0.52275	0.52255	0.52259	62
2025.08.01 03:23	0.52259	0.52263	0.52255	0.52259	45
2025.08.01 03:24	0.52259	0.52265	0.52254	0.5226	48
2025.08.01 03:25	0.52261	0.52265	0.52257	0.52258	46
2025.08.01 03:26	0.52258	0.52263	0.52252	0.52259	63
2025.08.01 03:27	0.52258	0.52259	0.52244	0.5225	99
2025.08.01 03:28	0.52249	0.52252	0.5224	0.52245	64
2025.08.01 03:29	0.52245	0.52252	0.5224	0.52252	44
2025.08.01 03:30	0.5225	0.52253	0.52243	0.52246	55
2025.08.01 03:31	0.52247	0.52265	0.52243	0.52263	52
2025.08.01 03:32	0.52263	0.52264	0.52257	0.52259	43
2025.08.01 03:33	0.52258	0.52274	0.52258	0.52271	42
2025.08.01 03:34	0.5227	0.52278	0.52266	0.52276	57
2025.08.01 03:35	0.52275	0.52275	0.52262	0.52265	32
2025.08.01 03:36	0.52264	0.52266	0.52255	0.52257	51
2025.08.01 03:37	0.52258	0.52262	0.5225	0.52251	35
2025.08.01 03:38	0.52251	0.52258	0.52248	0.52254	52
2025.08.01 03:39	0.52255	0.52265	0.52252	0.52261	54
2025.08.01 03:40	0.52262	0.52271	0.52261	0.52268	61
2025.08.01 03:41	0.52268	0.52272	0.52266	0.52268	37
2025.08.01 03:42	0.52268	0.52273	0.52268	0.52271	39
2025.08.01 03:43	0.52271	0.52275	0.52267	0.5227	52
2025.08.01 03:44	0.5227	0.52279	0.5227	0.52272	54
2025.08.01 03:45	0.52272	0.52273	0.52261	0.52264	41
2025.08.01 03:46	0.52263	0.52268	0.52257	0.52262	62
2025.08.01 03:47	0.52261	0.52267	0.52257	0.52261	36
2025.08.01 03:48	0.52259	0.5226	0.5225	0.52253	46
2025.08.01 03:49	0.52252	0.52255	0.5225	0.52253	62
2025.08.01 03:50	0.52256	0.5226	0.52252	0.52257	72
2025.08.01 03:51	0.52256	0.52268	0.52256	0.52268	51
2025.08.01 03:52	0.52269	0.52271	0.52261	0.52264	51
2025.08.01 03:53	0.52264	0.52265	0.5226	0.52265	65
2025.08.01 03:54	0.52266	0.52279	0.52266	0.52271	82
2025.08.01 03:55	0.52264	0.52269	0.52249	0.5225	55
2025.08.01 03:56	0.52251	0.52266	0.52251	0.52256	64
2025.08.01 03:57	0.52256	0.52264	0.52254	0.5226	66
2025.08.01 03:58	0.52261	0.52265	0.52258	0.52263	43
2025.08.01 03:59	0.52263	0.52264	0.52259	0.52261	51
2025.08.01 04:00	0.52261	0.52261	0.52239	0.52248	83
2025.08.01 04:01	0.52248	0.52259	0.52247	0.52256	81
2025.08.01 04:02	0.52257	0.52274	0.52256	0.52272	80
2025.08.01 04:03	0.52273	0.52286	0.52272	0.52283	68
2025.08.01 04:04	0.52282	0.52289	0.5228	0.52284	71
2025.08.01 04:05	0.52284	0.52295	0.52284	0.5229	71
2025.08.01 04:06	0.5229	0.52291	0.52277	0.52288	56
2025.08.01 04:07	0.52289	0.52295	0.52287	0.52294	44
2025.08.01 04:08	0.52294	0.52299	0.52289	0.52298	69
2025.08.01 04:09	0.52299	0.5231	0.52295	0.52306	65
2025.08.01 04:10	0.52307	0.52315	0.52306	0.52315	59
2025.08.01 04:11	0.52315	0.52321	0.52311	0.52313	68
2025.08.01 04:12	0.52314	0.52314	0.52296	0.52296	58
2025.08.01 04:13	0.52295	0.52304	0.52288	0.52304	56
2025.08.01 04:14	0.52304	0.52313	0.52303	0.52311	67
2025.08.01 04:15	0.52312	0.52323	0.5231	0.52317	62
2025.08.01 04:16	0.52315	0.52324	0.52312	0.52321	38
2025.08.01 04:17	0.52321	0.52325	0.52316	0.52322	43
2025.08.01 04:18	0.52321	0.52323	0.52316	0.52321	52
2025.08.01 04:19	0.52321	0.52326	0.52318	0.52323	44
2025.08.01 04:20	0.52324	0.52333	0.52324	0.52332	46
2025.08.01 04:21	0.52332	0.52341	0.52331	0.52339	53
2025.08.01 04:22	0.52336	0.5234	0.52331	0.5234	58
2025.08.01 04:23	0.52341	0.52342	0.52326	0.52329	70
2025.08.01 04:24	0.52328	0.52342	0.52328	0.52342	52
2025.08.01 04:25	0.52343	0.52351	0.5234	0.52343	50
2025.08.01 04:26	0.52342	0.52348	0.52339	0.52342	57
2025.08.01 04:27	0.52343	0.52345	0.52338	0.52338	45
2025.08.01 04:28	0.52338	0.52338	0.52327	0.52329	48
2025.08.01 04:29	0.52328	0.52335	0.52326	0.5233	55
2025.08.01 04:30	0.52332	0.52332	0.52322	0.52325	42
2025.08.01 04:31	0.52326	0.5234	0.52325	0.5234	53
2025.08.01 04:32	0.5234	0.5234	0.52326	0.52328	73
2025.08.01 04:33	0.52329	0.52332	0.52321	0.52329	92
2025.08.01 04:34	0.52329	0.52337	0.52327	0.52331	69
2025.08.01 04:35	0.52331	0.52334	0.52324	0.52324	44
2025.08.01 04:36	0.52325	0.52337	0.52324	0.52331	49
2025.08.01 04:37	0.52331	0.52344	0.52331	0.52338	43
2025.08.01 04:38	0.52338	0.52341	0.52326	0.5233	71
2025.08.01 04:39	0.52329	0.5233	0.52305	0.52311	82
2025.08.01 04:40	0.52311	0.52318	0.52309	0.52317	69
2025.08.01 04:41	0.52317	0.52317	0.52307	0.52313	85
2025.08.01 04:42	0.52313	0.52329	0.52312	0.52325	59
2025.08.01 04:43	0.52323	0.52324	0.52309	0.52314	64
2025.08.01 04:44	0.52315	0.52315	0.52307	0.52309	44
2025.08.01 04:45	0.52308	0.52313	0.523	0.52306	63
2025.08.01 04:46	0.52306	0.52313	0.52301	0.52312	62
2025.08.01 04:47	0.52312	0.52319	0.52309	0.52313	77
2025.08.01 04:48	0.52314	0.5232	0.52311	0.52315	62
2025.08.01 04:49	0.52316	0.52323	0.52315	0.52322	58
2025.08.01 04:50	0.52322	0.52324	0.52311	0.52312	61
2025.08.01 04:51	0.52312	0.5232	0.52299	0.52306	67
2025.08.01 04:52	0.52306	0.52307	0.52294	0.52299	62
2025.08.01 04:53	0.52299	0.52309	0.52299	0.52306	57
2025.08.01 04:54	0.52306	0.52311	0.52301	0.52307	76
2025.08.01 04:55	0.52306	0.52318	0.52304	0.52317	76
2025.08.01 04:56	0.52315	0.52327	0.52315	0.52322	61
2025.08.01 04:57	0.5232	0.5233	0.52316	0.52329	60
2025.08.01 04:58	0.52328	0.52329	0.52323	0.52328	58
2025.08.01 04:59	0.52329	0.52333	0.52324	0.52325	81
2025.08.01 05:00	0.52325	0.52337	0.52325	0.52335	73
2025.08.01 05:01	0.52335	0.52339	0.52318	0.52318	103
2025.08.01 05:02	0.52317	0.52324	0.52315	0.52316	65
2025.08.01 05:03	0.52318	0.52326	0.52315	0.52323	66
2025.08.01 05:04	0.52323	0.52326	0.52309	0.52309	80
2025.08.01 05:05	0.52308	0.52315	0.52308	0.52308	80
2025.08.01 05:06	0.52309	0.52313	0.52301	0.52313	64
2025.08.01 05:07	0.52313	0.52315	0.52304	0.52305	61
2025.08.01 05:08	0.52305	0.52313	0.52305	0.52312	51
2025.08.01 05:09	0.52312	0.52314	0.52298	0.52301	38
2025.08.01 05:10	0.52303	0.52305	0.52296	0.52298	49
2025.08.01 05:11	0.52298	0.52306	0.52297	0.52304	57
2025.08.01 05:12	0.52304	0.52309	0.52301	0.52305	41
2025.08.01 05:13	0.52306	0.52309	0.52302	0.52309	34
2025.08.01 05:14	0.52309	0.5231	0.52306	0.52307	42
2025.08.01 05:15	0.52307	0.52312	0.52306	0.52307	43
2025.08.01 05:16	0.52308	0.52315	0.52303	0.52305	47
2025.08.01 05:17	0.52305	0.52307	0.52301	0.52305	44
2025.08.01 05:18	0.52308	0.52309	0.52299	0.52305	33
2025.08.01 05:19	0.52307	0.52315	0.52306	0.52308	51
2025.08.01 05:20	0.52308	0.52314	0.52303	0.52311	55
2025.08.01 05:21	0.52311	0.52314	0.52306	0.52312	49
2025.08.01 05:22	0.52313	0.52314	0.52303	0.52306	41
2025.08.01 05:23	0.52306	0.52315	0.52305	0.52312	40
2025.08.01 05:24	0.52311	0.52321	0.52309	0.5231	59
2025.08.01 05:25	0.52311	0.52321	0.52311	0.52315	22
2025.08.01 05:26	0.52315	0.52319	0.52314	0.52317	28
2025.08.01 05:27	0.52317	0.52327	0.52317	0.52322	51
2025.08.01 05:28	0.52321	0.52327	0.52318	0.52321	50
2025.08.01 05:29	0.52322	0.52325	0.52317	0.52319	57
2025.08.01 05:30	0.52318	0.52319	0.52306	0.52316	58
2025.08.01 05:31	0.52315	0.52316	0.52309	0.52309	41
2025.08.01 05:32	0.52309	0.52313	0.52301	0.52302	54
2025.08.01 05:33	0.52304	0.52313	0.52303	0.5231	57
2025.08.01 05:34	0.52309	0.52315	0.52307	0.52314	52
2025.08.01 05:35	0.52313	0.52315	0.52306	0.52313	57
2025.08.01 05:36	0.52313	0.52314	0.52307	0.52314	25
2025.08.01 05:37	0.52313	0.52313	0.52304	0.52312	29
2025.08.01 05:38	0.52312	0.52319	0.52312	0.52317	30
2025.08.01 05:39	0.52317	0.5233	0.52316	0.52329	77
2025.08.01 05:40	0.5233	0.5233	0.52314	0.52319	48
2025.08.01 05:41	0.52319	0.5232	0.52309	0.52315	37
2025.08.01 05:42	0.52316	0.5232	0.52312	0.5232	39
2025.08.01 05:43	0.52319	0.52319	0.52312	0.52317	27
2025.08.01 05:44	0.52316	0.52319	0.52311	0.52318	33
2025.08.01 05:45	0.52319	0.52319	0.52307	0.52313	39
2025.08.01 05:46	0.52314	0.52318	0.5231	0.52315	36
2025.08.01 05:47	0.52315	0.52315	0.52306	0.52315	40
2025.08.01 05:48	0.52314	0.52318	0.52314	0.52316	37
2025.08.01 05:49	0.52316	0.52319	0.52308	0.52313	34
2025.08.01 05:50	0.52313	0.52314	0.52304	0.52312	50
2025.08.01 05:51	0.52312	0.52313	0.52306	0.52309	53
2025.08.01 05:52	0.52309	0.52309	0.52297	0.52297	54
2025.08.01 05:53	0.52298	0.523	0.52294	0.52297	46
2025.08.01 05:54	0.52297	0.5231	0.52297	0.52308	46
2025.08.01 05:55	0.52309	0.5231	0.52303	0.52308	35
2025.08.01 05:56	0.52307	0.52312	0.52303	0.52307	54
2025.08.01 05:57	0.52307	0.52313	0.52304	0.52311	41
2025.08.01 05:58	0.52311	0.52315	0.52305	0.52307	55
2025.08.01 05:59	0.52307	0.52307	0.52302	0.52305	54
2025.08.01 06:00	0.52306	0.52316	0.52304	0.52312	63
2025.08.01 06:01	0.52313	0.52317	0.5231	0.52311	56
2025.08.01 06:02	0.52311	0.52321	0.52311	0.52317	53
2025.08.01 06:03	0.52318	0.52326	0.52317	0.52326	53
2025.08.01 06:04	0.52326	0.52326	0.52318	0.5232	22
2025.08.01 06:05	0.52321	0.5234	0.52319	0.52337	66
2025.08.01 06:06	0.52337	0.52351	0.52332	0.52334	62
2025.08.01 06:07	0.52334	0.5234	0.52332	0.52336	38
2025.08.01 06:08	0.52339	0.5234	0.52329	0.5234	37
2025.08.01 06:09	0.5234	0.52352	0.5234	0.52348	56
2025.08.01 06:10	0.52348	0.5235	0.52345	0.52349	33
2025.08.01 06:11	0.52349	0.5235	0.52341	0.52348	50
2025.08.01 06:12	0.52349	0.52351	0.52343	0.52346	54
2025.08.01 06:13	0.52346	0.52346	0.52336	0.5234	44
2025.08.01 06:14	0.5234	0.52344	0.52338	0.5234	23
2025.08.01 06:15	0.5234	0.52347	0.52339	0.52346	36
2025.08.01 06:16	0.52346	0.52346	0.52331	0.52335	51
2025.08.01 06:17	0.52336	0.52336	0.52328	0.5233	45
2025.08.01 06:18	0.5233	0.5234	0.52329	0.52339	48
2025.08.01 06:19	0.52339	0.52339	0.52332	0.52336	56
2025.08.01 06:20	0.52336	0.52339	0.52332	0.52335	56
2025.08.01 06:21	0.52334	0.5234	0.52332	0.52339	71
2025.08.01 06:22	0.52339	0.5234	0.52333	0.52336	42
2025.08.01 06:23	0.52336	0.5234	0.52332	0.52333	40
2025.08.01 06:24	0.52332	0.52337	0.52329	0.52332	73
2025.08.01 06:25	0.52333	0.52337	0.5233	0.52336	37
2025.08.01 06:26	0.52334	0.52339	0.52332	0.52337	35
2025.08.01 06:27	0.52336	0.52339	0.52333	0.52339	34
2025.08.01 06:28	0.52337	0.52341	0.52334	0.52338	34
2025.08.01 06:29	0.52339	0.5234	0.52335	0.52339	27
2025.08.01 06:30	0.52339	0.52347	0.52335	0.52335	38
2025.08.01 06:31	0.52334	0.52335	0.52324	0.52328	49
2025.08.01 06:32	0.52328	0.52333	0.52326	0.52328	33
2025.08.01 06:33	0.52327	0.52335	0.52322	0.52335	55
2025.08.01 06:34	0.52335	0.52337	0.5233	0.52336	41
2025.08.01 06:35	0.52336	0.52336	0.52322	0.52325	38
2025.08.01 06:36	0.52324	0.52329	0.52322	0.52328	52
2025.08.01 06:37	0.52328	0.52334	0.52325	0.52329	32
2025.08.01 06:38	0.5233	0.52333	0.52327	0.52331	21
2025.08.01 06:39	0.52333	0.52344	0.52333	0.52337	54
2025.08.01 06:40	0.52336	0.5234	0.5233	0.52332	60
2025.08.01 06:41	0.52332	0.52338	0.52332	0.52336	47
2025.08.01 06:42	0.52336	0.52336	0.52329	0.52336	34
2025.08.01 06:43	0.52337	0.52343	0.52335	0.52343	44
2025.08.01 06:44	0.52342	0.52343	0.5234	0.52341	18
2025.08.01 06:45	0.5234	0.52357	0.52337	0.52357	37
2025.08.01 06:46	0.52357	0.52365	0.52355	0.52359	37
2025.08.01 06:47	0.5236	0.52361	0.52349	0.52355	42
2025.08.01 06:48	0.52355	0.52358	0.52345	0.52348	62
2025.08.01 06:49	0.52348	0.52362	0.52347	0.52361	57
2025.08.01 06:50	0.52361	0.52362	0.52354	0.52358	32
2025.08.01 06:51	0.52358	0.52363	0.52355	0.52363	32
2025.08.01 06:52	0.52363	0.52368	0.52358	0.5236	47
2025.08.01 06:53	0.52359	0.52365	0.52356	0.52363	38
2025.08.01 06:54	0.52364	0.52367	0.52359	0.52366	41
2025.08.01 06:55	0.52365	0.52368	0.52357	0.52362	49
2025.08.01 06:56	0.52361	0.52367	0.52355	0.52355	34
2025.08.01 06:57	0.52355	0.5236	0.52353	0.52355	46
2025.08.01 06:58	0.52355	0.52357	0.52348	0.52354	42
2025.08.01 06:59	0.52354	0.52357	0.52349	0.5235	47
2025.08.01 07:00	0.52349	0.5235	0.5234	0.52345	49
2025.08.01 07:01	0.52344	0.52359	0.52344	0.52359	26
2025.08.01 07:02	0.52359	0.52367	0.52359	0.52367	41
2025.08.01 07:03	0.52367	0.52373	0.52362	0.52363	44
2025.08.01 07:04	0.52362	0.52378	0.52359	0.5237	58
2025.08.01 07:05	0.5237	0.5237	0.5236	0.52369	24
2025.08.01 07:06	0.52368	0.52373	0.52363	0.52371	39
2025.08.01 07:07	0.5237	0.52375	0.52367	0.52372	41
2025.08.01 07:08	0.52371	0.52374	0.52369	0.52371	34
2025.08.01 07:09	0.52371	0.52373	0.52364	0.52365	33
2025.08.01 07:10	0.52365	0.52374	0.52356	0.52373	36
2025.08.01 07:11	0.52373	0.52374	0.52369	0.52369	17
2025.08.01 07:12	0.52367	0.52371	0.52363	0.52366	32
2025.08.01 07:13	0.52367	0.52373	0.52367	0.52369	33
2025.08.01 07:14	0.5237	0.52371	0.52364	0.52366	35
2025.08.01 07:15	0.52365	0.52372	0.52364	0.52369	27
2025.08.01 07:16	0.52369	0.52375	0.52369	0.52375	31
2025.08.01 07:17	0.52375	0.52376	0.5237	0.52372	31
2025.08.01 07:18	0.52372	0.52374	0.52368	0.52369	24
2025.08.01 07:19	0.52369	0.52371	0.52365	0.52366	31
2025.08.01 07:20	0.52366	0.52371	0.52363	0.52366	34
2025.08.01 07:21	0.52366	0.52368	0.52362	0.52363	26
2025.08.01 07:22	0.52363	0.52373	0.52363	0.52372	32
2025.08.01 07:23	0.52373	0.52381	0.52371	0.52376	32
2025.08.01 07:24	0.52376	0.52377	0.52374	0.52377	37
2025.08.01 07:25	0.52375	0.52378	0.52372	0.52375	39
2025.08.01 07:26	0.52374	0.52381	0.52369	0.52378	38
2025.08.01 07:27	0.52379	0.5238	0.52374	0.52376	32
2025.08.01 07:28	0.52376	0.52378	0.52369	0.52375	35
2025.08.01 07:29	0.52375	0.52378	0.52372	0.52375	23
2025.08.01 07:30	0.52372	0.52375	0.5237	0.52372	27
2025.08.01 07:31	0.52372	0.52379	0.52372	0.52376	21
2025.08.01 07:32	0.52377	0.5238	0.52374	0.52375	21
2025.08.01 07:33	0.52375	0.52378	0.52371	0.52375	55
2025.08.01 07:34	0.52374	0.52378	0.52372	0.52377	47
2025.08.01 07:35	0.52378	0.5238	0.52376	0.52378	31
2025.08.01 07:36	0.52377	0.52382	0.52376	0.52381	41
2025.08.01 07:37	0.52381	0.52391	0.52381	0.5239	19
2025.08.01 07:38	0.5239	0.5239	0.5238	0.52389	46
2025.08.01 07:39	0.52389	0.52389	0.52383	0.52384	40
2025.08.01 07:40	0.52385	0.52386	0.52374	0.52374	33
2025.08.01 07:41	0.52373	0.52378	0.5237	0.52375	48
2025.08.01 07:42	0.52375	0.5238	0.52372	0.5238	39
2025.08.01 07:43	0.52379	0.52381	0.52375	0.52376	41
2025.08.01 07:44	0.52376	0.5238	0.52371	0.52376	50
2025.08.01 07:45	0.52377	0.5238	0.52371	0.52376	48
2025.08.01 07:46	0.52376	0.52378	0.52372	0.52378	55
2025.08.01 07:47	0.52377	0.52379	0.52374	0.52375	18
2025.08.01 07:48	0.52376	0.52384	0.52374	0.52382	44
2025.08.01 07:49	0.52383	0.52383	0.52375	0.52375	42
2025.08.01 07:50	0.52376	0.52379	0.52373	0.52376	37
2025.08.01 07:51	0.52377	0.52379	0.52372	0.52375	60
2025.08.01 07:52	0.52375	0.52382	0.52374	0.52381	37
2025.08.01 07:53	0.52382	0.52382	0.52375	0.52379	38
2025.08.01 07:54	0.52379	0.52383	0.52375	0.52377	63
2025.08.01 07:55	0.52377	0.52378	0.52373	0.52375	31
2025.08.01 07:56	0.52375	0.52375	0.52369	0.5237	12
2025.08.01 07:57	0.52371	0.52377	0.52371	0.52374	29
2025.08.01 07:58	0.52375	0.52375	0.52369	0.52372	36
2025.08.01 07:59	0.52372	0.52372	0.52368	0.52371	30
2025.08.01 08:00	0.52371	0.52371	0.52359	0.52366	54
2025.08.01 08:01	0.52367	0.52369	0.52359	0.5236	33
2025.08.01 08:02	0.52359	0.52367	0.52357	0.52367	49
2025.08.01 08:03	0.52367	0.52371	0.52365	0.5237	41
2025.08.01 08:04	0.52368	0.52372	0.52365	0.52371	48
2025.08.01 08:05	0.52369	0.52377	0.52366	0.52375	48
2025.08.01 08:06	0.52375	0.52377	0.5237	0.52375	61
2025.08.01 08:07	0.52376	0.52385	0.52373	0.52382	41
2025.08.01 08:08	0.52381	0.52385	0.52377	0.52381	37
2025.08.01 08:09	0.52381	0.52394	0.5238	0.5239	55
2025.08.01 08:10	0.5239	0.5239	0.5238	0.52381	46
2025.08.01 08:11	0.52381	0.52381	0.52367	0.52367	50
2025.08.01 08:12	0.52367	0.52368	0.52357	0.52366	32
2025.08.01 08:13	0.52366	0.5237	0.52365	0.52366	24
2025.08.01 08:14	0.52366	0.52367	0.52358	0.52361	46
2025.08.01 08:15	0.5236	0.52361	0.52357	0.52357	36
2025.08.01 08:16	0.52358	0.52367	0.52358	0.52367	30
2025.08.01 08:17	0.52367	0.52368	0.52363	0.52366	21
2025.08.01 08:18	0.52366	0.52367	0.52355	0.52357	21
2025.08.01 08:19	0.52357	0.52365	0.52357	0.52364	38
2025.08.01 08:20	0.52364	0.52367	0.52358	0.5236	41
2025.08.01 08:21	0.5236	0.52362	0.52353	0.5236	43
2025.08.01 08:22	0.52361	0.52366	0.52359	0.52362	44
2025.08.01 08:23	0.52361	0.52364	0.52356	0.52361	52
2025.08.01 08:24	0.52361	0.52371	0.52359	0.52368	43
2025.08.01 08:25	0.52368	0.52369	0.52357	0.52361	47
2025.08.01 08:26	0.52362	0.52367	0.52361	0.52364	28
2025.08.01 08:27	0.52364	0.52374	0.52363	0.52373	46
2025.08.01 08:28	0.52374	0.52375	0.52365	0.52369	52
2025.08.01 08:29	0.5237	0.52375	0.52365	0.52367	57
2025.08.01 08:30	0.52367	0.5237	0.52362	0.5237	52
2025.08.01 08:31	0.52371	0.52372	0.52368	0.5237	42
2025.08.01 08:32	0.52371	0.52371	0.52364	0.52365	59
2025.08.01 08:33	0.52367	0.52368	0.52362	0.52363	36
2025.08.01 08:34	0.52362	0.52363	0.52355	0.52356	24
2025.08.01 08:35	0.52356	0.52367	0.52351	0.52367	55
2025.08.01 08:36	0.52366	0.52367	0.52364	0.52366	38
2025.08.01 08:37	0.52365	0.52369	0.52358	0.52362	41
2025.08.01 08:38	0.52363	0.52365	0.52357	0.5236	29
2025.08.01 08:39	0.5236	0.52363	0.52356	0.52361	35
2025.08.01 08:40	0.52362	0.52362	0.52357	0.52361	31
2025.08.01 08:41	0.5236	0.52362	0.52355	0.5236	42
2025.08.01 08:42	0.5236	0.52364	0.52359	0.52363	33
2025.08.01 08:43	0.52362	0.52365	0.52356	0.52364	32
2025.08.01 08:44	0.52364	0.52366	0.52357	0.5236	54
2025.08.01 08:45	0.52361	0.52362	0.52352	0.52353	38
2025.08.01 08:46	0.52355	0.52358	0.52352	0.52355	46
2025.08.01 08:47	0.52354	0.52359	0.52349	0.52359	50
2025.08.01 08:48	0.52359	0.52366	0.52358	0.52359	44
2025.08.01 08:49	0.52359	0.52362	0.52356	0.5236	53
2025.08.01 08:50	0.52359	0.52362	0.52353	0.5236	60
2025.08.01 08:51	0.52359	0.52371	0.52355	0.5237	47
2025.08.01 08:52	0.5237	0.52377	0.52366	0.52372	88
2025.08.01 08:53	0.52372	0.52378	0.52371	0.52378	35
2025.08.01 08:54	0.52378	0.52385	0.52372	0.52385	72
2025.08.01 08:55	0.52387	0.52393	0.52379	0.52381	76
2025.08.01 08:56	0.52379	0.52379	0.52354	0.52354	68
2025.08.01 08:57	0.52352	0.52362	0.52352	0.52353	63
2025.08.01 08:58	0.52354	0.52355	0.52347	0.52352	64
2025.08.01 08:59	0.5235	0.52358	0.52345	0.52355	53
2025.08.01 09:00	0.52351	0.52351	0.52335	0.52339	73
2025.08.01 09:01	0.52339	0.5235	0.52338	0.52347	60
2025.08.01 09:02	0.52348	0.5237	0.52348	0.52367	55
2025.08.01 09:03	0.52366	0.52369	0.52352	0.52356	78
2025.08.01 09:04	0.52358	0.52361	0.52353	0.52359	64
2025.08.01 09:05	0.52358	0.52363	0.52347	0.5235	54
2025.08.01 09:06	0.52349	0.52351	0.52342	0.52349	40
2025.08.01 09:07	0.52349	0.52352	0.52344	0.52345	58
2025.08.01 09:08	0.52345	0.52349	0.52339	0.5234	51
2025.08.01 09:09	0.52341	0.52351	0.52335	0.5235	52
2025.08.01 09:10	0.52349	0.5235	0.52336	0.52344	60
2025.08.01 09:11	0.52344	0.52346	0.52324	0.52324	60
2025.08.01 09:12	0.52324	0.52332	0.52309	0.5232	74
2025.08.01 09:13	0.5232	0.52333	0.52318	0.52332	52
2025.08.01 09:14	0.52331	0.52333	0.52313	0.52319	61
2025.08.01 09:15	0.5232	0.52324	0.52312	0.52322	63
2025.08.01 09:16	0.52322	0.52323	0.52303	0.52305	53
2025.08.01 09:17	0.52305	0.52312	0.52295	0.52312	42
2025.08.01 09:18	0.52312	0.52312	0.52302	0.52307	57
2025.08.01 09:19	0.52306	0.52318	0.52304	0.52315	47
2025.08.01 09:20	0.52315	0.52323	0.52306	0.52323	50
2025.08.01 09:21	0.52321	0.52323	0.52313	0.52322	46
2025.08.01 09:22	0.52322	0.52329	0.52318	0.52324	39
2025.08.01 09:23	0.52325	0.52327	0.52317	0.52321	42
2025.08.01 09:24	0.52321	0.52335	0.52319	0.52323	49
2025.08.01 09:25	0.52319	0.52323	0.52305	0.52308	43
2025.08.01 09:26	0.52307	0.52312	0.52305	0.52305	46
2025.08.01 09:27	0.52305	0.52309	0.52292	0.52296	46
2025.08.01 09:28	0.52294	0.52304	0.52293	0.52294	79
2025.08.01 09:29	0.52298	0.52304	0.52291	0.52293	74
2025.08.01 09:30	0.52293	0.52298	0.52275	0.52277	69
2025.08.01 09:31	0.52277	0.5228	0.52265	0.52273	88
2025.08.01 09:32	0.52273	0.52281	0.52272	0.52275	69
2025.08.01 09:33	0.52276	0.52278	0.52272	0.52276	44
2025.08.01 09:34	0.52276	0.52294	0.52276	0.52282	75
2025.08.01 09:35	0.52281	0.52294	0.52278	0.52286	50
2025.08.01 09:36	0.52287	0.52292	0.52283	0.5229	71
2025.08.01 09:37	0.52289	0.523	0.52287	0.52297	63
2025.08.01 09:38	0.52296	0.523	0.52291	0.52295	82
2025.08.01 09:39	0.52295	0.523	0.52292	0.52299	48
2025.08.01 09:40	0.52299	0.52303	0.52291	0.52298	57
2025.08.01 09:41	0.52297	0.52302	0.52293	0.52294	50
2025.08.01 09:42	0.52294	0.52306	0.52294	0.52306	54
2025.08.01 09:43	0.52307	0.5232	0.52306	0.52319	56
2025.08.01 09:44	0.52319	0.52319	0.52304	0.52305	50
2025.08.01 09:45	0.52307	0.52308	0.52299	0.52306	54
2025.08.01 09:46	0.52306	0.52306	0.52293	0.52305	48
2025.08.01 09:47	0.52305	0.52308	0.52298	0.52302	65
2025.08.01 09:48	0.52302	0.52309	0.52299	0.52307	34
2025.08.01 09:49	0.52308	0.52308	0.52298	0.52303	47
2025.08.01 09:50	0.52303	0.52306	0.52297	0.52306	37
2025.08.01 09:51	0.52306	0.52308	0.52298	0.523	48
2025.08.01 09:52	0.52301	0.52311	0.52298	0.52304	43
2025.08.01 09:53	0.52305	0.52315	0.52303	0.52313	29
2025.08.01 09:54	0.52312	0.52313	0.52301	0.52307	63
2025.08.01 09:55	0.52307	0.52313	0.52303	0.52305	65
2025.08.01 09:56	0.52305	0.52312	0.52302	0.52304	40
2025.08.01 09:57	0.52304	0.5231	0.52297	0.52297	54
2025.08.01 09:58	0.52298	0.52298	0.52276	0.52282	88
2025.08.01 09:59	0.52283	0.52297	0.52282	0.52289	81
2025.08.01 10:00	0.52289	0.52305	0.52289	0.523	94
2025.08.01 10:01	0.523	0.52305	0.52293	0.52298	55
2025.08.01 10:02	0.52299	0.52301	0.52291	0.52294	69
2025.08.01 10:03	0.52294	0.52305	0.52284	0.52304	75
2025.08.01 10:04	0.52304	0.52312	0.52302	0.52311	82
2025.08.01 10:05	0.5231	0.52319	0.52309	0.52315	57
2025.08.01 10:06	0.52317	0.52324	0.52311	0.52312	62
2025.08.01 10:07	0.52313	0.52318	0.52305	0.52312	78
2025.08.01 10:08	0.52312	0.52316	0.52307	0.52314	61
2025.08.01 10:09	0.52312	0.52312	0.52298	0.523	72
2025.08.01 10:10	0.52302	0.52319	0.52302	0.52315	77
2025.08.01 10:11	0.52314	0.52326	0.52314	0.52317	58
2025.08.01 10:12	0.52318	0.52333	0.52314	0.52332	43
2025.08.01 10:13	0.52333	0.52337	0.52319	0.52325	62
2025.08.01 10:14	0.52325	0.52325	0.52311	0.52319	91
2025.08.01 10:15	0.52318	0.5232	0.52309	0.52312	64
2025.08.01 10:16	0.52312	0.52318	0.5231	0.52311	55
2025.08.01 10:17	0.52311	0.5232	0.52311	0.52318	51
2025.08.01 10:18	0.52317	0.52323	0.52311	0.52313	69
2025.08.01 10:19	0.52313	0.52315	0.52292	0.52296	57
2025.08.01 10:20	0.52295	0.52297	0.52286	0.52287	72
2025.08.01 10:21	0.52287	0.52303	0.52287	0.52302	66
2025.08.01 10:22	0.52302	0.52305	0.52296	0.52303	62
2025.08.01 10:23	0.52302	0.52307	0.52294	0.52306	68
2025.08.01 10:24	0.52306	0.52316	0.52303	0.52311	75
2025.08.01 10:25	0.52311	0.52318	0.52306	0.52315	76
2025.08.01 10:26	0.52316	0.52318	0.5231	0.52314	68
2025.08.01 10:27	0.52314	0.52315	0.52298	0.52298	72
2025.08.01 10:28	0.52297	0.52306	0.52297	0.52306	68
2025.08.01 10:29	0.52306	0.52306	0.52291	0.52293	73
2025.08.01 10:30	0.52289	0.523	0.52282	0.52298	80
2025.08.01 10:31	0.52299	0.52303	0.52293	0.52302	40
2025.08.01 10:32	0.52302	0.5231	0.523	0.52301	55
2025.08.01 10:33	0.52301	0.52301	0.52291	0.52296	57
2025.08.01 10:34	0.52296	0.52301	0.52294	0.52296	40
2025.08.01 10:35	0.52296	0.52305	0.52295	0.523	60
2025.08.01 10:36	0.523	0.52307	0.52297	0.52297	39
2025.08.01 10:37	0.52295	0.52311	0.52291	0.52308	65
2025.08.01 10:38	0.52306	0.52315	0.52301	0.52313	53
2025.08.01 10:39	0.52311	0.52315	0.52305	0.52305	30
2025.08.01 10:40	0.52305	0.52309	0.52293	0.52298	53
2025.08.01 10:41	0.52296	0.52302	0.52293	0.52295	66
2025.08.01 10:42	0.52294	0.52307	0.52294	0.52306	59
2025.08.01 10:43	0.52305	0.52312	0.52302	0.52308	60
2025.08.01 10:44	0.52308	0.52315	0.52301	0.52315	74
2025.08.01 10:45	0.52315	0.52328	0.52314	0.52325	70
2025.08.01 10:46	0.52323	0.52333	0.52322	0.52333	41
2025.08.01 10:47	0.52334	0.52343	0.52328	0.52343	57
2025.08.01 10:48	0.52343	0.52347	0.52336	0.52342	57
2025.08.01 10:49	0.52341	0.52346	0.52333	0.52342	57
2025.08.01 10:50	0.52344	0.52349	0.52341	0.52348	53
2025.08.01 10:51	0.52348	0.52349	0.5234	0.52345	50
2025.08.01 10:52	0.52345	0.52356	0.52343	0.52355	57
2025.08.01 10:53	0.52353	0.5236	0.52346	0.52349	75
2025.08.01 10:54	0.52349	0.5235	0.5234	0.52349	53
2025.08.01 10:55	0.52348	0.52372	0.52347	0.52371	78
2025.08.01 10:56	0.52371	0.52373	0.52361	0.52361	81
2025.08.01 10:57	0.52361	0.52383	0.5236	0.52382	57
2025.08.01 10:58	0.52381	0.52381	0.52368	0.5237	50
2025.08.01 10:59	0.5237	0.52375	0.5236	0.52363	67
2025.08.01 11:00	0.52363	0.52374	0.52356	0.52373	87
2025.08.01 11:01	0.52373	0.52386	0.52372	0.52373	72
2025.08.01 11:02	0.52373	0.52386	0.52373	0.5238	56
2025.08.01 11:03	0.52379	0.52383	0.52372	0.52377	54
2025.08.01 11:04	0.52379	0.52382	0.52371	0.52378	70
2025.08.01 11:05	0.52377	0.524	0.52376	0.52399	82
2025.08.01 11:06	0.52398	0.52421	0.52391	0.52421	72
2025.08.01 11:07	0.52421	0.52432	0.52417	0.52431	94
2025.08.01 11:08	0.52431	0.5244	0.52423	0.52425	77
2025.08.01 11:09	0.52424	0.52425	0.52417	0.52418	63
2025.08.01 11:10	0.52418	0.52423	0.5241	0.52417	55
2025.08.01 11:11	0.52417	0.52424	0.52411	0.52422	55
2025.08.01 11:12	0.52422	0.52431	0.52413	0.52428	78
2025.08.01 11:13	0.52427	0.52431	0.52421	0.52429	67
2025.08.01 11:14	0.5243	0.52432	0.52412	0.5242	63
2025.08.01 11:15	0.52421	0.52431	0.52418	0.5243	33
2025.08.01 11:16	0.5243	0.52432	0.52424	0.52429	78
2025.08.01 11:17	0.52429	0.52438	0.52429	0.52435	38
2025.08.01 11:18	0.52435	0.52441	0.52434	0.52441	72
2025.08.01 11:19	0.52441	0.52459	0.52441	0.52457	73
2025.08.01 11:20	0.52458	0.52459	0.52444	0.52451	56
2025.08.01 11:21	0.52452	0.52458	0.52451	0.52457	45
2025.08.01 11:22	0.52456	0.52468	0.52452	0.52467	61
2025.08.01 11:23	0.52467	0.52469	0.52442	0.52443	61
2025.08.01 11:24	0.52442	0.52449	0.52439	0.5244	52
2025.08.01 11:25	0.5244	0.52454	0.52439	0.52443	66
2025.08.01 11:26	0.52441	0.52441	0.52425	0.5244	88
2025.08.01 11:27	0.52438	0.52441	0.52428	0.52428	35
2025.08.01 11:28	0.52428	0.52448	0.52428	0.52447	46
2025.08.01 11:29	0.52447	0.5245	0.52431	0.5245	62
2025.08.01 11:30	0.52449	0.52459	0.52447	0.52455	61
2025.08.01 11:31	0.52455	0.52456	0.52451	0.52452	51
2025.08.01 11:32	0.52452	0.52452	0.5242	0.52423	66
2025.08.01 11:33	0.52424	0.52424	0.52401	0.52401	76
2025.08.01 11:34	0.524	0.5241	0.52394	0.52405	71
2025.08.01 11:35	0.52405	0.52416	0.52403	0.52409	71
2025.08.01 11:36	0.52409	0.52422	0.52408	0.52414	45
2025.08.01 11:37	0.52413	0.52419	0.52406	0.52415	66
2025.08.01 11:38	0.52412	0.52423	0.52411	0.52415	78
2025.08.01 11:39	0.52415	0.52417	0.52406	0.52409	53
2025.08.01 11:40	0.52407	0.52415	0.52402	0.52415	81
2025.08.01 11:41	0.52414	0.5243	0.52413	0.52429	70
2025.08.01 11:42	0.52433	0.52444	0.52428	0.5244	72
2025.08.01 11:43	0.5244	0.5245	0.52435	0.52447	71
2025.08.01 11:44	0.52448	0.5246	0.52446	0.52453	74
2025.08.01 11:45	0.52453	0.52466	0.52451	0.52466	76
2025.08.01 11:46	0.52467	0.52472	0.52462	0.52472	69
2025.08.01 11:47	0.52473	0.52484	0.52471	0.5248	76
2025.08.01 11:48	0.52481	0.52486	0.52472	0.52485	72
2025.08.01 11:49	0.52485	0.5249	0.52472	0.52475	84
2025.08.01 11:50	0.52475	0.52486	0.52468	0.52484	75
2025.08.01 11:51	0.52485	0.52489	0.52463	0.52465	72
2025.08.01 11:52	0.52466	0.52466	0.5244	0.52443	69
2025.08.01 11:53	0.52444	0.52451	0.52441	0.52449	57
2025.08.01 11:54	0.52448	0.52452	0.52442	0.52444	57
2025.08.01 11:55	0.52444	0.52452	0.52444	0.52445	80
2025.08.01 11:56	0.52445	0.52451	0.52443	0.5245	50
2025.08.01 11:57	0.5245	0.52455	0.52448	0.52448	44
2025.08.01 11:58	0.52449	0.52456	0.52444	0.52455	51
2025.08.01 11:59	0.52454	0.5246	0.52451	0.52458	48
2025.08.01 12:00	0.52457	0.52464	0.52451	0.52455	71
2025.08.01 12:01	0.52456	0.52463	0.52455	0.52458	58
2025.08.01 12:02	0.52458	0.52461	0.5245	0.52457	59
2025.08.01 12:03	0.52457	0.5246	0.52451	0.52452	71
2025.08.01 12:04	0.52452	0.52456	0.52446	0.5245	88
2025.08.01 12:05	0.52451	0.52453	0.52439	0.52443	69
2025.08.01 12:06	0.52442	0.52448	0.52438	0.52446	82
2025.08.01 12:07	0.52447	0.52458	0.52445	0.52448	66
2025.08.01 12:08	0.52449	0.52453	0.52438	0.52451	75
2025.08.01 12:09	0.52451	0.52452	0.52431	0.52431	63
2025.08.01 12:10	0.52431	0.52436	0.52428	0.52428	45
2025.08.01 12:11	0.52427	0.52434	0.52424	0.52432	49
2025.08.01 12:12	0.52433	0.52441	0.52427	0.52427	58
2025.08.01 12:13	0.52424	0.52433	0.52424	0.5243	60
2025.08.01 12:14	0.52429	0.5243	0.52411	0.52415	70
2025.08.01 12:15	0.52414	0.52418	0.52409	0.52412	73
2025.08.01 12:16	0.52412	0.52426	0.52411	0.52418	65
2025.08.01 12:17	0.52419	0.5242	0.52402	0.52406	60
2025.08.01 12:18	0.52406	0.52412	0.52405	0.52409	54
2025.08.01 12:19	0.52408	0.52414	0.52404	0.52405	59
2025.08.01 12:20	0.52406	0.52409	0.52391	0.52391	64
2025.08.01 12:21	0.52392	0.52397	0.52384	0.52387	61
2025.08.01 12:22	0.52387	0.5239	0.52381	0.52382	68
2025.08.01 12:23	0.52382	0.52399	0.5238	0.52399	94
2025.08.01 12:24	0.52398	0.52407	0.52395	0.52405	77
2025.08.01 12:25	0.52405	0.52407	0.52394	0.52394	62
2025.08.01 12:26	0.52395	0.52396	0.52389	0.52389	50
2025.08.01 12:27	0.5239	0.52393	0.52383	0.52388	58
2025.08.01 12:28	0.52389	0.52391	0.52382	0.52383	65
2025.08.01 12:29	0.52382	0.5239	0.52381	0.52388	56
2025.08.01 12:30	0.52388	0.52392	0.52381	0.52382	65
2025.08.01 12:31	0.52382	0.52391	0.52382	0.52387	36
2025.08.01 12:32	0.52387	0.52388	0.52374	0.52378	79
2025.08.01 12:33	0.52376	0.5238	0.52362	0.52365	71
2025.08.01 12:34	0.52364	0.52377	0.52362	0.52369	71
2025.08.01 12:35	0.52367	0.52393	0.52367	0.52393	74
2025.08.01 12:36	0.52393	0.52394	0.5238	0.52381	46
2025.08.01 12:37	0.52381	0.52385	0.52365	0.52368	53
2025.08.01 12:38	0.52368	0.52387	0.52367	0.52386	60
2025.08.01 12:39	0.52387	0.52391	0.52385	0.5239	28
2025.08.01 12:40	0.52389	0.52412	0.52388	0.52402	68
2025.08.01 12:41	0.52402	0.52403	0.52391	0.52392	48
2025.08.01 12:42	0.52393	0.524	0.52386	0.52388	51
2025.08.01 12:43	0.52388	0.52394	0.52384	0.52391	61
2025.08.01 12:44	0.52391	0.52398	0.5239	0.52392	66
2025.08.01 12:45	0.52392	0.52394	0.52383	0.52386	70
2025.08.01 12:46	0.52386	0.52408	0.52385	0.52408	59
2025.08.01 12:47	0.52408	0.52416	0.52405	0.52415	61
2025.08.01 12:48	0.52415	0.52422	0.52414	0.52421	37
2025.08.01 12:49	0.52421	0.52422	0.5241	0.52422	57
2025.08.01 12:50	0.52423	0.52428	0.52419	0.52427	54
2025.08.01 12:51	0.52428	0.5243	0.52423	0.52425	48
2025.08.01 12:52	0.52425	0.52427	0.5241	0.52411	68
2025.08.01 12:53	0.52412	0.52412	0.52396	0.52398	59
2025.08.01 12:54	0.52398	0.524	0.52383	0.52384	33
2025.08.01 12:55	0.52385	0.52394	0.52371	0.52371	77
2025.08.01 12:56	0.52371	0.52402	0.52371	0.52402	72
2025.08.01 12:57	0.52401	0.52413	0.52398	0.52407	56
2025.08.01 12:58	0.52407	0.5241	0.52402	0.52409	41
2025.08.01 12:59	0.52409	0.52409	0.524	0.52407	55
2025.08.01 13:00	0.52405	0.52405	0.5239	0.5239	73
2025.08.01 13:01	0.52389	0.52399	0.52383	0.52387	57
2025.08.01 13:02	0.52387	0.5239	0.52377	0.52386	76
2025.08.01 13:03	0.52387	0.52388	0.52374	0.52375	51
2025.08.01 13:04	0.52376	0.52382	0.52373	0.52377	74
2025.08.01 13:05	0.52377	0.52381	0.52371	0.52376	55
2025.08.01 13:06	0.52375	0.52381	0.52369	0.5238	52
2025.08.01 13:07	0.52379	0.5238	0.52376	0.52378	17
2025.08.01 13:08	0.52382	0.52389	0.52375	0.52387	43
2025.08.01 13:09	0.52387	0.52391	0.52384	0.5239	28
2025.08.01 13:10	0.52391	0.52397	0.52388	0.52389	47
2025.08.01 13:11	0.52389	0.52389	0.5238	0.52383	46
2025.08.01 13:12	0.52384	0.52389	0.52378	0.52386	48
2025.08.01 13:13	0.52385	0.52388	0.52379	0.52384	53
2025.08.01 13:14	0.52384	0.52391	0.52383	0.52384	39
2025.08.01 13:15	0.52382	0.52393	0.52378	0.52379	47
2025.08.01 13:16	0.52378	0.52386	0.52378	0.5238	40
2025.08.01 13:17	0.5238	0.52384	0.52374	0.52378	31
2025.08.01 13:18	0.52378	0.52387	0.52378	0.52387	46
2025.08.01 13:19	0.52386	0.52388	0.52381	0.52388	42
2025.08.01 13:20	0.52388	0.52391	0.52381	0.52387	45
2025.08.01 13:21	0.52386	0.52394	0.52385	0.52387	31
2025.08.01 13:22	0.52386	0.52393	0.52385	0.52387	39
2025.08.01 13:23	0.52387	0.52393	0.52383	0.52384	47
2025.08.01 13:24	0.52385	0.52389	0.52384	0.52385	49
2025.08.01 13:25	0.52385	0.5239	0.52376	0.52379	58
2025.08.01 13:26	0.52379	0.52388	0.52378	0.52385	46
2025.08.01 13:27	0.52385	0.52393	0.52384	0.52388	38
2025.08.01 13:28	0.52388	0.52394	0.52387	0.52392	28
2025.08.01 13:29	0.52392	0.52396	0.5239	0.52392	69
2025.08.01 13:30	0.52392	0.52392	0.52381	0.52391	72
2025.08.01 13:31	0.52392	0.524	0.52389	0.524	61
2025.08.01 13:32	0.52398	0.52399	0.5239	0.52398	73
2025.08.01 13:33	0.52398	0.52399	0.52382	0.52385	81
2025.08.01 13:34	0.52385	0.52399	0.52384	0.52392	75
2025.08.01 13:35	0.5239	0.524	0.52389	0.52396	59
2025.08.01 13:36	0.52395	0.52406	0.52395	0.52402	69
2025.08.01 13:37	0.52403	0.52407	0.52398	0.52403	49
2025.08.01 13:38	0.52402	0.52412	0.52401	0.5241	79
2025.08.01 13:39	0.52409	0.52414	0.52407	0.52409	56
2025.08.01 13:40	0.52409	0.52416	0.52403	0.52405	65
2025.08.01 13:41	0.52405	0.52409	0.52393	0.52395	46
2025.08.01 13:42	0.52395	0.52408	0.52395	0.52404	33
2025.08.01 13:43	0.52404	0.52411	0.52401	0.52404	50
2025.08.01 13:44	0.52404	0.52409	0.52399	0.52404	65
2025.08.01 13:45	0.52404	0.52413	0.52403	0.52413	74
2025.08.01 13:46	0.52414	0.52415	0.52404	0.52406	67
2025.08.01 13:47	0.52406	0.52413	0.52406	0.52412	59
2025.08.01 13:48	0.52412	0.52415	0.52405	0.52409	59
2025.08.01 13:49	0.52409	0.52409	0.52392	0.52398	44
2025.08.01 13:50	0.52399	0.52403	0.52394	0.52401	56
2025.08.01 13:51	0.52401	0.52401	0.52393	0.52395	74
2025.08.01 13:52	0.52392	0.52409	0.52392	0.52409	69
2025.08.01 13:53	0.52409	0.52409	0.52397	0.524	81
2025.08.01 13:54	0.524	0.52403	0.52394	0.52397	94
2025.08.01 13:55	0.52396	0.5241	0.52392	0.52408	75
2025.08.01 13:56	0.52408	0.52409	0.524	0.52402	45
2025.08.01 13:57	0.52402	0.52407	0.524	0.52402	67
2025.08.01 13:58	0.52402	0.52412	0.52394	0.52409	85
2025.08.01 13:59	0.52409	0.52409	0.52399	0.52403	47
2025.08.01 14:00	0.52404	0.52405	0.52401	0.52404	61
2025.08.01 14:01	0.52405	0.52407	0.52401	0.52406	48
2025.08.01 14:02	0.52404	0.5241	0.52401	0.52402	65
2025.08.01 14:03	0.52402	0.52405	0.52393	0.52401	84
2025.08.01 14:04	0.52401	0.52403	0.52395	0.52402	52
2025.08.01 14:05	0.52401	0.52408	0.52399	0.524	43
2025.08.01 14:06	0.524	0.52403	0.524	0.52402	23
2025.08.01 14:07	0.52402	0.5241	0.52402	0.52407	59
2025.08.01 14:08	0.52407	0.52408	0.524	0.52405	48
2025.08.01 14:09	0.52404	0.52406	0.52399	0.52405	52
2025.08.01 14:10	0.52406	0.52416	0.52405	0.52414	35
2025.08.01 14:11	0.52413	0.52422	0.52411	0.52415	39
2025.08.01 14:12	0.52415	0.52415	0.52407	0.52414	47
2025.08.01 14:13	0.52417	0.5243	0.5241	0.52422	75
2025.08.01 14:14	0.52421	0.52431	0.5242	0.52427	66
2025.08.01 14:15	0.52427	0.52439	0.52424	0.52439	42
2025.08.01 14:16	0.52439	0.52443	0.52434	0.52437	52
2025.08.01 14:17	0.52437	0.52443	0.52435	0.52443	66
2025.08.01 14:18	0.52444	0.52444	0.52439	0.5244	41
2025.08.01 14:19	0.5244	0.5244	0.5243	0.52435	65
2025.08.01 14:20	0.52434	0.52434	0.52425	0.52428	56
2025.08.01 14:21	0.52429	0.52432	0.52427	0.5243	51
2025.08.01 14:22	0.52432	0.52437	0.52431	0.52431	62
2025.08.01 14:23	0.52431	0.52438	0.5243	0.52436	48
2025.08.01 14:24	0.52436	0.52441	0.52435	0.52436	52
2025.08.01 14:25	0.52436	0.52441	0.52431	0.5244	57
2025.08.01 14:26	0.5244	0.52441	0.52434	0.52438	57
2025.08.01 14:27	0.52438	0.52438	0.5243	0.52435	58
2025.08.01 14:28	0.52435	0.52451	0.52434	0.5245	47
2025.08.01 14:29	0.5245	0.52459	0.52448	0.52455	37
2025.08.01 14:30	0.52455	0.52455	0.52451	0.52451	43
2025.08.01 14:31	0.52451	0.52451	0.52438	0.52439	57
2025.08.01 14:32	0.5244	0.52453	0.52438	0.52447	57
2025.08.01 14:33	0.52447	0.52449	0.52442	0.52448	47
2025.08.01 14:34	0.52447	0.52449	0.52443	0.52447	53
2025.08.01 14:35	0.52447	0.5245	0.52438	0.52438	45
2025.08.01 14:36	0.52438	0.5244	0.52433	0.52435	66
2025.08.01 14:37	0.52435	0.52438	0.5243	0.52434	52
2025.08.01 14:38	0.52434	0.52439	0.52432	0.52437	37
2025.08.01 14:39	0.52435	0.52442	0.52435	0.52438	58
2025.08.01 14:40	0.52439	0.5244	0.52433	0.5244	64
2025.08.01 14:41	0.5244	0.52442	0.52434	0.52437	43
2025.08.01 14:42	0.52437	0.52439	0.52435	0.52438	41
2025.08.01 14:43	0.52439	0.52443	0.52435	0.52441	54
2025.08.01 14:44	0.52441	0.52441	0.52432	0.52436	27
2025.08.01 14:45	0.52436	0.52438	0.52432	0.52432	30
2025.08.01 14:46	0.52434	0.52436	0.52429	0.52431	50
2025.08.01 14:47	0.52432	0.52434	0.52428	0.5243	36
2025.08.01 14:48	0.5243	0.52438	0.5243	0.52436	36
2025.08.01 14:49	0.52436	0.52437	0.52422	0.52422	63
2025.08.01 14:50	0.52422	0.52426	0.52419	0.52423	71
2025.08.01 14:51	0.52425	0.5243	0.52424	0.52428	35
2025.08.01 14:52	0.52428	0.5243	0.52423	0.5243	69
2025.08.01 14:53	0.5243	0.5243	0.52416	0.52416	77
2025.08.01 14:54	0.52417	0.52419	0.52406	0.52409	79
2025.08.01 14:55	0.52408	0.52413	0.52405	0.52407	62
2025.08.01 14:56	0.52408	0.52411	0.52404	0.52405	81
2025.08.01 14:57	0.52405	0.52408	0.52398	0.52401	65
2025.08.01 14:58	0.52401	0.52412	0.524	0.52409	71
2025.08.01 14:59	0.52409	0.5241	0.52404	0.52407	54
2025.08.01 15:00	0.52405	0.5241	0.52401	0.52402	99
2025.08.01 15:01	0.52402	0.52405	0.52397	0.52402	88
2025.08.01 15:02	0.52402	0.52402	0.52398	0.52399	61
2025.08.01 15:03	0.524	0.52401	0.52397	0.524	41
2025.08.01 15:04	0.524	0.52409	0.52395	0.52407	74
2025.08.01 15:05	0.52407	0.52413	0.52406	0.52412	52
2025.08.01 15:06	0.52414	0.52414	0.52402	0.52409	67
2025.08.01 15:07	0.5241	0.52412	0.52405	0.52412	41
2025.08.01 15:08	0.52412	0.52422	0.52408	0.52421	37
2025.08.01 15:09	0.52421	0.52428	0.52419	0.52425	69
2025.08.01 15:10	0.52423	0.52425	0.52412	0.52413	63
2025.08.01 15:11	0.52413	0.52437	0.52411	0.52436	69
2025.08.01 15:12	0.52436	0.52438	0.52432	0.52436	49
2025.08.01 15:13	0.52435	0.52436	0.52422	0.52422	58
2025.08.01 15:14	0.52422	0.52425	0.52414	0.52417	63
2025.08.01 15:15	0.52417	0.52421	0.52411	0.52411	64
2025.08.01 15:16	0.52412	0.52423	0.5241	0.52416	70
2025.08.01 15:17	0.52417	0.52421	0.52407	0.52408	88
2025.08.01 15:18	0.52408	0.52426	0.52407	0.52425	67
2025.08.01 15:19	0.52426	0.52432	0.52424	0.5243	93
2025.08.01 15:20	0.52429	0.52431	0.52418	0.5242	88
2025.08.01 15:21	0.5242	0.52425	0.52417	0.52418	87
2025.08.01 15:22	0.52419	0.52419	0.52409	0.52412	95
2025.08.01 15:23	0.52412	0.52418	0.52405	0.52406	87
2025.08.01 15:24	0.52406	0.52408	0.52396	0.52397	62
2025.08.01 15:25	0.524	0.52407	0.52397	0.52402	79
2025.08.01 15:26	0.52403	0.52413	0.52403	0.52412	54
2025.08.01 15:27	0.52413	0.52415	0.52405	0.5241	63
2025.08.01 15:28	0.5241	0.52423	0.52409	0.52421	86
2025.08.01 15:29	0.5242	0.52427	0.52362	0.52362	76
2025.08.01 15:30	0.52358	0.52368	0.52292	0.52321	247
2025.08.01 15:31	0.52316	0.52327	0.52282	0.52309	235
2025.08.01 15:32	0.52308	0.52333	0.52278	0.52328	233
2025.08.01 15:33	0.52325	0.52355	0.52312	0.52321	222
2025.08.01 15:34	0.52319	0.52334	0.52307	0.52311	201
2025.08.01 15:35	0.52307	0.52323	0.52297	0.52311	204
2025.08.01 15:36	0.52312	0.52328	0.52306	0.52324	201
2025.08.01 15:37	0.52323	0.52327	0.52285	0.5229	202
2025.08.01 15:38	0.52291	0.52294	0.52263	0.52267	210
2025.08.01 15:39	0.52267	0.52275	0.52249	0.52251	210
2025.08.01 15:40	0.52251	0.52271	0.52246	0.5225	205
2025.08.01 15:41	0.52247	0.5228	0.52246	0.52273	182
2025.08.01 15:42	0.52275	0.52275	0.52251	0.52255	188
2025.08.01 15:43	0.52256	0.52273	0.52252	0.52273	200
2025.08.01 15:44	0.52272	0.52272	0.52244	0.5225	171
2025.08.01 15:45	0.52248	0.52249	0.52223	0.52235	161
2025.08.01 15:46	0.52234	0.52241	0.52213	0.52226	177
2025.08.01 15:47	0.52226	0.52242	0.52216	0.52236	170
2025.08.01 15:48	0.52236	0.52239	0.52209	0.52216	164
2025.08.01 15:49	0.52214	0.52219	0.52202	0.52214	177
2025.08.01 15:50	0.52215	0.52222	0.52203	0.52208	170
2025.08.01 15:51	0.52208	0.52214	0.52197	0.52201	162
2025.08.01 15:52	0.52201	0.52208	0.52185	0.52185	157
2025.08.01 15:53	0.52185	0.52197	0.52179	0.52196	160
2025.08.01 15:54	0.52194	0.52207	0.52192	0.52201	167
2025.08.01 15:55	0.52201	0.52226	0.52198	0.52221	170
2025.08.01 15:56	0.52219	0.52219	0.52202	0.52208	170
2025.08.01 15:57	0.52211	0.52225	0.52206	0.52217	148
2025.08.01 15:58	0.52219	0.52221	0.52198	0.52205	154
2025.08.01 15:59	0.52207	0.5221	0.52189	0.5219	157
2025.08.01 16:00	0.52188	0.52197	0.52176	0.52192	162
2025.08.01 16:01	0.52193	0.52208	0.52189	0.52204	143
2025.08.01 16:02	0.52203	0.52211	0.52192	0.52204	149
2025.08.01 16:03	0.52205	0.52212	0.52192	0.52212	149
2025.08.01 16:04	0.52211	0.52214	0.52203	0.52213	140
2025.08.01 16:05	0.52213	0.52221	0.52203	0.52214	173
2025.08.01 16:06	0.52213	0.52215	0.52197	0.52205	156
2025.08.01 16:07	0.52204	0.52218	0.52203	0.52214	134
2025.08.01 16:08	0.52214	0.52221	0.52209	0.52218	145
2025.08.01 16:09	0.52218	0.52224	0.52211	0.52218	158
2025.08.01 16:10	0.52218	0.5223	0.52211	0.52227	149
2025.08.01 16:11	0.52225	0.52232	0.52219	0.5223	161
2025.08.01 16:12	0.5223	0.52251	0.52229	0.52245	159
2025.08.01 16:13	0.52245	0.52252	0.52235	0.52252	142
2025.08.01 16:14	0.5225	0.52262	0.5224	0.52262	140
2025.08.01 16:15	0.52261	0.52284	0.52259	0.52281	164
2025.08.01 16:16	0.52281	0.52302	0.52279	0.52302	150
2025.08.01 16:17	0.52302	0.52309	0.52291	0.52294	160
2025.08.01 16:18	0.52294	0.52301	0.5228	0.52289	170
2025.08.01 16:19	0.5229	0.52304	0.52254	0.52254	159
2025.08.01 16:20	0.52256	0.52266	0.52225	0.52233	175
2025.08.01 16:21	0.52232	0.52238	0.52205	0.52213	133
2025.08.01 16:22	0.52214	0.5223	0.52209	0.52213	137
2025.08.01 16:23	0.52213	0.52216	0.52204	0.52213	133
2025.08.01 16:24	0.52214	0.52225	0.52212	0.52217	134
2025.08.01 16:25	0.52217	0.52223	0.52203	0.52207	140
2025.08.01 16:26	0.52207	0.52208	0.52198	0.52203	126
2025.08.01 16:27	0.52203	0.52208	0.52192	0.52195	143
2025.08.01 16:28	0.52196	0.52205	0.52192	0.52195	120
2025.08.01 16:29	0.52195	0.5223	0.52195	0.52224	133
2025.08.01 16:30	0.52226	0.52233	0.52197	0.52201	161
2025.08.01 16:31	0.52202	0.52215	0.52193	0.52214	164
2025.08.01 16:32	0.52215	0.52218	0.52177	0.52183	143
2025.08.01 16:33	0.52183	0.52193	0.52165	0.5218	181
2025.08.01 16:34	0.52182	0.52192	0.52172	0.52178	168
2025.08.01 16:35	0.52178	0.52178	0.52151	0.52155	131
2025.08.01 16:36	0.52152	0.52154	0.52135	0.52144	167
2025.08.01 16:37	0.52145	0.52175	0.52136	0.52175	167
2025.08.01 16:38	0.52177	0.52178	0.52155	0.52158	169
2025.08.01 16:39	0.52159	0.52159	0.5212	0.52132	157
2025.08.01 16:40	0.52131	0.52134	0.5211	0.52113	174
2025.08.01 16:41	0.52113	0.5212	0.52102	0.52107	115
2025.08.01 16:42	0.52108	0.52109	0.52066	0.52068	133
2025.08.01 16:43	0.52069	0.52071	0.52055	0.52063	144
2025.08.01 16:44	0.52063	0.52063	0.52035	0.52037	127
2025.08.01 16:45	0.52036	0.52058	0.52022	0.52031	146
2025.08.01 16:46	0.52029	0.52054	0.52027	0.52051	152
2025.08.01 16:47	0.52051	0.52058	0.52032	0.52034	161
2025.08.01 16:48	0.52035	0.52048	0.52029	0.52036	157
2025.08.01 16:49	0.52036	0.52051	0.52031	0.52048	156
2025.08.01 16:50	0.52046	0.52048	0.52017	0.52023	160
2025.08.01 16:51	0.52022	0.52052	0.52019	0.52046	167
2025.08.01 16:52	0.52045	0.52057	0.52026	0.52051	163
2025.08.01 16:53	0.52051	0.52052	0.52026	0.52031	149
2025.08.01 16:54	0.52031	0.52045	0.52019	0.52041	142
2025.08.01 16:55	0.52041	0.52075	0.52041	0.52072	157
2025.08.01 16:56	0.52074	0.52077	0.52056	0.52058	118
2025.08.01 16:57	0.52057	0.52058	0.52036	0.52037	103
2025.08.01 16:58	0.52037	0.52037	0.52013	0.52015	118
2025.08.01 16:59	0.52016	0.52038	0.51985	0.51985	139
2025.08.01 17:00	0.51985	0.51987	0.5195	0.51987	213
2025.08.01 17:01	0.51987	0.51994	0.51957	0.51965	157
2025.08.01 17:02	0.51965	0.51969	0.51948	0.51955	181
2025.08.01 17:03	0.51956	0.51959	0.51937	0.51959	172
2025.08.01 17:04	0.51957	0.51969	0.51948	0.51961	173
2025.08.01 17:05	0.51963	0.51977	0.51956	0.51961	181
2025.08.01 17:06	0.5196	0.51989	0.51954	0.51986	154
2025.08.01 17:07	0.51986	0.51992	0.51952	0.51959	173
2025.08.01 17:08	0.51958	0.51986	0.51956	0.51986	156
2025.08.01 17:09	0.51988	0.52004	0.51973	0.51997	162
2025.08.01 17:10	0.51997	0.52008	0.51975	0.51978	176
2025.08.01 17:11	0.51978	0.51984	0.51966	0.51968	154
2025.08.01 17:12	0.51967	0.51984	0.51962	0.51972	160
2025.08.01 17:13	0.51969	0.51984	0.51965	0.51967	165
2025.08.01 17:14	0.51967	0.51979	0.51962	0.5197	168
2025.08.01 17:15	0.51968	0.51995	0.51967	0.51979	165
2025.08.01 17:16	0.51979	0.5201	0.51979	0.52007	168
2025.08.01 17:17	0.52008	0.52051	0.52001	0.52046	165
2025.08.01 17:18	0.52047	0.5207	0.52046	0.52065	152
2025.08.01 17:19	0.52065	0.52071	0.52054	0.52058	144
2025.08.01 17:20	0.52057	0.52066	0.5205	0.52057	156
2025.08.01 17:21	0.52054	0.52063	0.52042	0.52046	162
2025.08.01 17:22	0.52045	0.5205	0.52019	0.52024	148
2025.08.01 17:23	0.52022	0.52039	0.52018	0.52031	163
2025.08.01 17:24	0.52029	0.52032	0.52011	0.52029	144
2025.08.01 17:25	0.52029	0.52031	0.52005	0.52008	151
2025.08.01 17:26	0.52007	0.52032	0.52007	0.52018	122
2025.08.01 17:27	0.52019	0.52019	0.51999	0.52007	149
2025.08.01 17:28	0.52007	0.52026	0.52007	0.5202	130
2025.08.01 17:29	0.52021	0.5203	0.52019	0.52028	136
2025.08.01 17:30	0.5203	0.52036	0.52009	0.52016	151
2025.08.01 17:31	0.52015	0.52017	0.51988	0.52002	132
2025.08.01 17:32	0.52002	0.52002	0.51976	0.51977	139
2025.08.01 17:33	0.51977	0.51997	0.51976	0.51996	149
2025.08.01 17:34	0.51996	0.52011	0.51988	0.52003	124
2025.08.01 17:35	0.52003	0.52016	0.52003	0.52006	139
2025.08.01 17:36	0.52005	0.52022	0.52005	0.52017	114
2025.08.01 17:37	0.52013	0.52031	0.52007	0.52029	127
2025.08.01 17:38	0.5203	0.52033	0.52013	0.52015	136
2025.08.01 17:39	0.52015	0.52016	0.51996	0.51997	133
2025.08.01 17:40	0.51999	0.52004	0.51979	0.51979	134
2025.08.01 17:41	0.51978	0.51995	0.51967	0.51987	142
2025.08.01 17:42	0.51986	0.5199	0.51963	0.51968	125
2025.08.01 17:43	0.51968	0.51976	0.51962	0.51967	136
2025.08.01 17:44	0.51965	0.51986	0.51963	0.51985	141
2025.08.01 17:45	0.51984	0.52036	0.51984	0.52036	169
2025.08.01 17:46	0.52036	0.52042	0.52023	0.52029	152
2025.08.01 17:47	0.52029	0.52038	0.52022	0.52036	141
2025.08.01 17:48	0.52035	0.52046	0.52019	0.52019	142
2025.08.01 17:49	0.52019	0.52042	0.52018	0.5203	148
2025.08.01 17:50	0.5203	0.52046	0.52028	0.52039	167
2025.08.01 17:51	0.52037	0.5205	0.52032	0.52046	147
2025.08.01 17:52	0.52045	0.52063	0.52038	0.52061	145
2025.08.01 17:53	0.52062	0.52071	0.5206	0.52065	145
2025.08.01 17:54	0.52064	0.52075	0.52048	0.5205	142
2025.08.01 17:55	0.5205	0.52078	0.5205	0.52076	162
2025.08.01 17:56	0.52077	0.52078	0.52058	0.52061	134
2025.08.01 17:57	0.52056	0.52085	0.52051	0.52083	148
2025.08.01 17:58	0.52083	0.52093	0.5208	0.52093	145
2025.08.01 17:59	0.52091	0.52098	0.52087	0.52091	121
2025.08.01 18:00	0.5209	0.52102	0.52079	0.52098	141
2025.08.01 18:01	0.52098	0.52103	0.5209	0.521	122
2025.08.01 18:02	0.521	0.52104	0.52088	0.52103	112
2025.08.01 18:03	0.52104	0.52112	0.52097	0.52108	132
2025.08.01 18:04	0.52108	0.52123	0.52095	0.52097	118
2025.08.01 18:05	0.52097	0.52122	0.52095	0.52119	112
2025.08.01 18:06	0.52119	0.52119	0.52106	0.52115	104
2025.08.01 18:07	0.52115	0.52131	0.52114	0.52118	121
2025.08.01 18:08	0.52118	0.5212	0.52104	0.5211	124
2025.08.01 18:09	0.52111	0.52124	0.52107	0.52123	94
2025.08.01 18:10	0.52122	0.52122	0.52104	0.52111	117
2025.08.01 18:11	0.52111	0.52148	0.5211	0.52145	87
2025.08.01 18:12	0.52145	0.52152	0.52135	0.52136	104
2025.08.01 18:13	0.52136	0.5214	0.5213	0.52135	117
2025.08.01 18:14	0.52135	0.52137	0.52122	0.52126	112
2025.08.01 18:15	0.52127	0.52136	0.52112	0.52133	108
2025.08.01 18:16	0.52133	0.52138	0.5212	0.52121	116
2025.08.01 18:17	0.52123	0.52123	0.52113	0.52115	91
2025.08.01 18:18	0.52115	0.52117	0.52106	0.52115	120
2025.08.01 18:19	0.52115	0.52115	0.52105	0.52107	114
2025.08.01 18:20	0.52105	0.52117	0.521	0.52102	113
2025.08.01 18:21	0.521	0.5211	0.52094	0.52103	112
2025.08.01 18:22	0.52103	0.52104	0.52087	0.52088	99
2025.08.01 18:23	0.52087	0.521	0.52087	0.52095	107
2025.08.01 18:24	0.52095	0.52098	0.52077	0.52077	121
2025.08.01 18:25	0.52078	0.52089	0.52071	0.52079	115
2025.08.01 18:26	0.5208	0.52098	0.5208	0.52085	114
2025.08.01 18:27	0.52085	0.52094	0.5208	0.52087	123
2025.08.01 18:28	0.52086	0.52108	0.52086	0.52099	117
2025.08.01 18:29	0.52098	0.521	0.52088	0.52096	65
2025.08.01 18:30	0.52096	0.52101	0.52083	0.52091	100
2025.08.01 18:31	0.5209	0.52093	0.52071	0.52074	107
2025.08.01 18:32	0.52074	0.52085	0.52065	0.52082	106
2025.08.01 18:33	0.52082	0.52092	0.52078	0.52081	90
2025.08.01 18:34	0.5208	0.52081	0.52062	0.52065	85
2025.08.01 18:35	0.52064	0.52075	0.5206	0.52067	129
2025.08.01 18:36	0.52069	0.52086	0.52068	0.52086	98
2025.08.01 18:37	0.52086	0.52111	0.5208	0.52105	117
2025.08.01 18:38	0.52106	0.52137	0.52106	0.5213	121
2025.08.01 18:39	0.52129	0.52129	0.52111	0.52111	108
2025.08.01 18:40	0.52113	0.5212	0.52109	0.52113	105
2025.08.01 18:41	0.52114	0.52124	0.5211	0.52119	135
2025.08.01 18:42	0.52119	0.52128	0.52108	0.52128	90
2025.08.01 18:43	0.52127	0.52134	0.52124	0.52126	92
2025.08.01 18:44	0.52126	0.52135	0.52117	0.52132	128
2025.08.01 18:45	0.52132	0.52136	0.52127	0.52135	93
2025.08.01 18:46	0.52135	0.52143	0.52134	0.52139	79
2025.08.01 18:47	0.5214	0.52142	0.52123	0.52123	74
2025.08.01 18:48	0.52123	0.52134	0.52122	0.52131	96
2025.08.01 18:49	0.52131	0.52132	0.52122	0.52129	88
2025.08.01 18:50	0.52129	0.5213	0.52122	0.52127	95
2025.08.01 18:51	0.52127	0.52134	0.52124	0.52134	109
2025.08.01 18:52	0.52133	0.5214	0.52126	0.52138	103
2025.08.01 18:53	0.52138	0.52146	0.52133	0.52138	99
2025.08.01 18:54	0.52139	0.5215	0.52137	0.52145	86
2025.08.01 18:55	0.52145	0.52153	0.52144	0.52149	86
2025.08.01 18:56	0.52148	0.52158	0.52144	0.52154	85
2025.08.01 18:57	0.52154	0.5216	0.52148	0.52157	103
2025.08.01 18:58	0.52157	0.52161	0.5215	0.52154	105
2025.08.01 18:59	0.52154	0.5216	0.52152	0.52152	97
2025.08.01 19:00	0.52153	0.52159	0.5215	0.52151	112
2025.08.01 19:01	0.52153	0.5216	0.52152	0.52155	82
2025.08.01 19:02	0.52154	0.52154	0.52142	0.52142	91
2025.08.01 19:03	0.52143	0.52149	0.52136	0.52139	101
2025.08.01 19:04	0.52138	0.52141	0.5213	0.52132	62
2025.08.01 19:05	0.52131	0.52134	0.52126	0.52132	65
2025.08.01 19:06	0.52132	0.52142	0.52129	0.52139	81
2025.08.01 19:07	0.5214	0.52143	0.52132	0.5214	79
2025.08.01 19:08	0.52141	0.52143	0.52129	0.52131	64
2025.08.01 19:09	0.5213	0.52139	0.52129	0.52133	51
2025.08.01 19:10	0.52132	0.52136	0.52122	0.52122	56
2025.08.01 19:11	0.52121	0.52131	0.5212	0.5213	85
2025.08.01 19:12	0.52128	0.5213	0.52116	0.52117	102
2025.08.01 19:13	0.52117	0.52122	0.52113	0.5212	85
2025.08.01 19:14	0.5212	0.52123	0.52114	0.52119	79
2025.08.01 19:15	0.5212	0.52123	0.52113	0.52116	64
2025.08.01 19:16	0.52114	0.5212	0.52109	0.52117	74
2025.08.01 19:17	0.52117	0.52127	0.52115	0.52123	68
2025.08.01 19:18	0.52124	0.52129	0.52114	0.52114	60
2025.08.01 19:19	0.52114	0.52125	0.52112	0.52125	62
2025.08.01 19:20	0.52125	0.52135	0.52123	0.52129	89
2025.08.01 19:21	0.52129	0.52129	0.52118	0.52118	50
2025.08.01 19:22	0.52119	0.52128	0.52117	0.52128	58
2025.08.01 19:23	0.52128	0.52134	0.52125	0.52133	74
2025.08.01 19:24	0.52133	0.52135	0.52124	0.52128	51
2025.08.01 19:25	0.52127	0.52131	0.52125	0.52127	72
2025.08.01 19:26	0.52128	0.52134	0.52124	0.52125	64
2025.08.01 19:27	0.52121	0.52129	0.5212	0.52127	79
2025.08.01 19:28	0.52126	0.52135	0.52121	0.5213	80
2025.08.01 19:29	0.52129	0.52135	0.52124	0.52131	60
2025.08.01 19:30	0.52131	0.52132	0.52115	0.52116	69
2025.08.01 19:31	0.52116	0.5212	0.52107	0.52108	78
2025.08.01 19:32	0.52108	0.52119	0.52107	0.52116	58
2025.08.01 19:33	0.52115	0.52124	0.52113	0.52121	76
2025.08.01 19:34	0.52122	0.52125	0.52113	0.52114	60
2025.08.01 19:35	0.52113	0.52114	0.52104	0.52107	96
2025.08.01 19:36	0.52106	0.52112	0.52104	0.52108	61
2025.08.01 19:37	0.52108	0.52112	0.52104	0.52106	67
2025.08.01 19:38	0.52104	0.5211	0.52099	0.521	59
2025.08.01 19:39	0.52101	0.52107	0.521	0.52104	54
2025.08.01 19:40	0.52104	0.52106	0.52098	0.521	81
2025.08.01 19:41	0.52101	0.52104	0.52092	0.52093	63
2025.08.01 19:42	0.52092	0.52094	0.52085	0.5209	68
2025.08.01 19:43	0.5209	0.52093	0.52088	0.52091	55
2025.08.01 19:44	0.5209	0.52094	0.5209	0.52093	61
2025.08.01 19:45	0.52093	0.52104	0.52088	0.52104	81
2025.08.01 19:46	0.52104	0.52109	0.52101	0.52104	62
2025.08.01 19:47	0.52103	0.52105	0.52095	0.52095	62
2025.08.01 19:48	0.52095	0.52098	0.52092	0.52095	52
2025.08.01 19:49	0.52094	0.52096	0.52089	0.52095	43
2025.08.01 19:50	0.52094	0.52095	0.5209	0.52093	46
2025.08.01 19:51	0.52094	0.52096	0.52088	0.52096	51
2025.08.01 19:52	0.52096	0.521	0.52091	0.521	52
2025.08.01 19:53	0.52099	0.52107	0.52093	0.52095	69
2025.08.01 19:54	0.52094	0.52104	0.52093	0.52099	89
2025.08.01 19:55	0.52099	0.52101	0.52083	0.52083	86
2025.08.01 19:56	0.52086	0.52086	0.52051	0.52052	97
2025.08.01 19:57	0.52051	0.5206	0.52048	0.52049	110
2025.08.01 19:58	0.52049	0.52053	0.52037	0.52037	100
2025.08.01 19:59	0.52038	0.52045	0.52034	0.52041	100
2025.08.01 20:00	0.52041	0.52052	0.52038	0.52039	120
2025.08.01 20:01	0.52038	0.52043	0.52027	0.5203	116
2025.08.01 20:02	0.52029	0.5203	0.52011	0.52016	99
2025.08.01 20:03	0.52014	0.52016	0.51991	0.51996	93
2025.08.01 20:04	0.51995	0.52	0.51991	0.51993	101
2025.08.01 20:05	0.51993	0.51994	0.51977	0.51981	79
2025.08.01 20:06	0.51981	0.51984	0.51973	0.51978	98
2025.08.01 20:07	0.51979	0.51983	0.51973	0.51977	107
2025.08.01 20:08	0.51976	0.51989	0.51976	0.51988	91
2025.08.01 20:09	0.51989	0.5199	0.51982	0.51983	97
2025.08.01 20:10	0.51984	0.51993	0.51982	0.51992	103
2025.08.01 20:11	0.51992	0.51993	0.51974	0.51979	86
2025.08.01 20:12	0.51979	0.51984	0.51975	0.51983	57
2025.08.01 20:13	0.51982	0.51982	0.51958	0.51966	86
2025.08.01 20:14	0.51967	0.51969	0.51952	0.51954	76
2025.08.01 20:15	0.51953	0.51962	0.51947	0.51947	92
2025.08.01 20:16	0.51947	0.51953	0.51943	0.51948	77
2025.08.01 20:17	0.51948	0.51955	0.51944	0.51953	82
2025.08.01 20:18	0.51952	0.5196	0.51949	0.51957	85
2025.08.01 20:19	0.51957	0.51959	0.51948	0.5195	78
2025.08.01 20:20	0.5195	0.51957	0.51949	0.51957	109
2025.08.01 20:21	0.51958	0.51969	0.51958	0.51969	93
2025.08.01 20:22	0.51969	0.51985	0.51968	0.51976	97
2025.08.01 20:23	0.51976	0.51981	0.51969	0.51979	89
2025.08.01 20:24	0.5198	0.51981	0.5197	0.51974	63
2025.08.01 20:25	0.51974	0.51974	0.51949	0.51949	74
2025.08.01 20:26	0.51949	0.51959	0.51946	0.51946	66
2025.08.01 20:27	0.51947	0.51949	0.51936	0.51939	75
2025.08.01 20:28	0.51939	0.51954	0.51938	0.51954	59
2025.08.01 20:29	0.51955	0.51977	0.51955	0.51975	74
2025.08.01 20:30	0.51977	0.52009	0.51977	0.52009	97
2025.08.01 20:31	0.52011	0.52011	0.52005	0.52006	73
2025.08.01 20:32	0.52006	0.52016	0.52004	0.52014	70
2025.08.01 20:33	0.52015	0.5202	0.52011	0.52018	70
2025.08.01 20:34	0.52018	0.52018	0.51993	0.51994	59
2025.08.01 20:35	0.51993	0.51997	0.51988	0.51995	69
2025.08.01 20:36	0.51995	0.52	0.51989	0.51998	52
2025.08.01 20:37	0.51999	0.52	0.51994	0.51997	61
2025.08.01 20:38	0.51998	0.51998	0.51991	0.51993	67
2025.08.01 20:39	0.51993	0.52	0.51992	0.51994	58
2025.08.01 20:40	0.51995	0.52015	0.51994	0.52012	65
2025.08.01 20:41	0.52012	0.52013	0.52	0.52003	64
2025.08.01 20:42	0.52002	0.52021	0.52002	0.52013	59
2025.08.01 20:43	0.52012	0.5202	0.52012	0.52016	79
2025.08.01 20:44	0.52016	0.52021	0.52014	0.52016	84
2025.08.01 20:45	0.52017	0.52023	0.52013	0.52023	63
2025.08.01 20:46	0.52025	0.52026	0.52019	0.52019	59
2025.08.01 20:47	0.52018	0.5202	0.52005	0.52009	50
2025.08.01 20:48	0.5201	0.52016	0.52006	0.52011	68
2025.08.01 20:49	0.52012	0.52024	0.52012	0.52024	62
2025.08.01 20:50	0.52025	0.52033	0.52022	0.52032	73
2025.08.01 20:51	0.52032	0.52036	0.52026	0.52036	56
2025.08.01 20:52	0.52037	0.52041	0.52034	0.52036	50
2025.08.01 20:53	0.52034	0.52041	0.52026	0.52031	49
2025.08.01 20:54	0.52032	0.52035	0.52028	0.52029	80
2025.08.01 20:55	0.5203	0.52031	0.52016	0.52017	60
2025.08.01 20:56	0.52018	0.52021	0.52015	0.52018	69
2025.08.01 20:57	0.52018	0.52024	0.52015	0.52015	69
2025.08.01 20:58	0.52016	0.52024	0.52012	0.52017	70
2025.08.01 20:59	0.52017	0.52024	0.52017	0.52023	46
2025.08.01 21:00	0.52023	0.52026	0.52006	0.52013	78
2025.08.01 21:01	0.52014	0.52016	0.52009	0.5201	86
2025.08.01 21:02	0.52011	0.52011	0.51999	0.52004	60
2025.08.01 21:03	0.52004	0.52016	0.52001	0.52011	38
2025.08.01 21:04	0.52009	0.52016	0.52004	0.52014	49
2025.08.01 21:05	0.52011	0.52015	0.52006	0.52006	83
2025.08.01 21:06	0.52006	0.52016	0.52006	0.52013	43
2025.08.01 21:07	0.52013	0.52015	0.51997	0.52002	40
2025.08.01 21:08	0.52002	0.5201	0.52002	0.52009	46
2025.08.01 21:09	0.52009	0.52015	0.51995	0.52004	92
2025.08.01 21:10	0.52005	0.52009	0.52	0.52003	87
2025.08.01 21:11	0.52003	0.52005	0.51996	0.51999	61
2025.08.01 21:12	0.51999	0.52003	0.5199	0.51993	58
2025.08.01 21:13	0.51993	0.52003	0.51991	0.52	68
2025.08.01 21:14	0.52	0.52009	0.51999	0.52002	53
2025.08.01 21:15	0.52003	0.52009	0.52001	0.52008	40
2025.08.01 21:16	0.52008	0.52011	0.52002	0.52007	65
2025.08.01 21:17	0.52007	0.52008	0.51997	0.52003	53
2025.08.01 21:18	0.52001	0.52013	0.52001	0.5201	67
2025.08.01 21:19	0.52013	0.52016	0.52009	0.52012	60
2025.08.01 21:20	0.52012	0.52018	0.52008	0.52016	79
2025.08.01 21:21	0.52016	0.52017	0.52003	0.52006	71
2025.08.01 21:22	0.52007	0.52017	0.52005	0.5201	84
2025.08.01 21:23	0.52009	0.52019	0.52008	0.52014	70
2025.08.01 21:24	0.52014	0.5202	0.52014	0.52018	53
2025.08.01 21:25	0.52019	0.52022	0.52011	0.52012	57
2025.08.01 21:26	0.52013	0.52015	0.52008	0.52009	54
2025.08.01 21:27	0.5201	0.52019	0.52009	0.52011	91
2025.08.01 21:28	0.52012	0.52014	0.52005	0.5201	80
2025.08.01 21:29	0.52009	0.52014	0.52005	0.52008	72
2025.08.01 21:30	0.52008	0.52014	0.52002	0.52014	71
2025.08.01 21:31	0.52014	0.52025	0.52013	0.52024	59
2025.08.01 21:32	0.52024	0.52034	0.52024	0.52026	63
2025.08.01 21:33	0.52026	0.5203	0.52016	0.52021	74
2025.08.01 21:34	0.52021	0.52026	0.52017	0.52017	57
2025.08.01 21:35	0.52017	0.52029	0.52011	0.52029	72
2025.08.01 21:36	0.5203	0.52032	0.52019	0.52025	79
2025.08.01 21:37	0.52026	0.52032	0.52023	0.52025	51
2025.08.01 21:38	0.52026	0.52026	0.5202	0.52024	55
2025.08.01 21:39	0.52024	0.52035	0.52024	0.52034	56
2025.08.01 21:40	0.52034	0.52038	0.52031	0.52033	59
2025.08.01 21:41	0.52031	0.52042	0.52031	0.5204	49
2025.08.01 21:42	0.52039	0.5204	0.52035	0.52038	27
2025.08.01 21:43	0.52036	0.52044	0.52036	0.52043	48
2025.08.01 21:44	0.52042	0.52048	0.52038	0.52048	57
2025.08.01 21:45	0.52048	0.52049	0.5203	0.52037	64
2025.08.01 21:46	0.52037	0.52042	0.52033	0.52034	64
2025.08.01 21:47	0.52036	0.52037	0.52028	0.52028	88
2025.08.01 21:48	0.52028	0.52032	0.5202	0.5202	64
2025.08.01 21:49	0.5202	0.52022	0.52012	0.52014	78
2025.08.01 21:50	0.52015	0.52017	0.52006	0.52008	72
2025.08.01 21:51	0.52008	0.52012	0.51998	0.52002	62
2025.08.01 21:52	0.52003	0.52004	0.51995	0.52001	74
2025.08.01 21:53	0.52001	0.52004	0.51995	0.52002	62
2025.08.01 21:54	0.52003	0.52008	0.51996	0.52003	60
2025.08.01 21:55	0.52003	0.52013	0.52003	0.52005	78
2025.08.01 21:56	0.52006	0.52019	0.52006	0.52017	72
2025.08.01 21:57	0.52016	0.52017	0.52	0.52011	108
2025.08.01 21:58	0.52013	0.52021	0.52006	0.52018	73
2025.08.01 21:59	0.52018	0.52026	0.52014	0.52019	111
2025.08.01 22:00	0.52018	0.52032	0.52015	0.52021	76
2025.08.01 22:01	0.52022	0.52025	0.52017	0.52021	60
2025.08.01 22:02	0.52021	0.52022	0.52007	0.52014	77
2025.08.01 22:03	0.52014	0.52017	0.52007	0.52009	52
2025.08.01 22:04	0.52008	0.52013	0.52005	0.52007	52
2025.08.01 22:05	0.52006	0.52016	0.52006	0.52014	57
2025.08.01 22:06	0.52012	0.52019	0.5201	0.52011	51
2025.08.01 22:07	0.52012	0.52022	0.52012	0.52018	68
2025.08.01 22:08	0.52019	0.52026	0.52018	0.52025	59
2025.08.01 22:09	0.52025	0.52025	0.52005	0.52008	74
2025.08.01 22:10	0.52007	0.52013	0.52007	0.52008	39
2025.08.01 22:11	0.52008	0.52008	0.52001	0.52006	61
2025.08.01 22:12	0.52006	0.52009	0.52003	0.52006	62
2025.08.01 22:13	0.52005	0.52005	0.51998	0.52003	55
2025.08.01 22:14	0.52001	0.52004	0.51998	0.52002	57
2025.08.01 22:15	0.52001	0.52007	0.52	0.52003	57
2025.08.01 22:16	0.52004	0.52013	0.52003	0.52012	34
2025.08.01 22:17	0.52012	0.52016	0.52011	0.52011	41
2025.08.01 22:18	0.52011	0.52014	0.5201	0.52012	23
2025.08.01 22:19	0.52016	0.52023	0.52011	0.52023	41
2025.08.01 22:20	0.52023	0.52023	0.52011	0.52013	60
2025.08.01 22:21	0.52012	0.52014	0.51995	0.51996	61
2025.08.01 22:22	0.51996	0.52001	0.51983	0.51985	67
2025.08.01 22:23	0.51985	0.52	0.51985	0.51998	47
2025.08.01 22:24	0.51997	0.52	0.51994	0.51994	41
2025.08.01 22:25	0.51994	0.51994	0.51979	0.51981	58
2025.08.01 22:26	0.51982	0.51987	0.51974	0.51981	62
2025.08.01 22:27	0.5198	0.51982	0.51976	0.51981	46
2025.08.01 22:28	0.51982	0.51989	0.51979	0.51983	45
2025.08.01 22:29	0.51981	0.51991	0.51981	0.51987	35
2025.08.01 22:30	0.51985	0.51986	0.51938	0.51969	197
2025.08.01 22:31	0.51969	0.51977	0.51958	0.51965	132
2025.08.01 22:32	0.51965	0.51978	0.51954	0.51955	131
2025.08.01 22:33	0.51956	0.51972	0.51955	0.51971	125
2025.08.01 22:34	0.51971	0.51981	0.51967	0.51968	105
2025.08.01 22:35	0.51968	0.5197	0.51955	0.51957	129
2025.08.01 22:36	0.51956	0.5196	0.51949	0.51959	101
2025.08.01 22:37	0.51959	0.51966	0.51952	0.51954	103
2025.08.01 22:38	0.51953	0.51957	0.51939	0.51943	89
2025.08.01 22:39	0.51941	0.51946	0.51933	0.51938	94
2025.08.01 22:40	0.51938	0.51947	0.51935	0.51945	119
2025.08.01 22:41	0.51946	0.51958	0.51943	0.51954	91
2025.08.01 22:42	0.51955	0.5196	0.5195	0.51952	85
2025.08.01 22:43	0.51952	0.51964	0.51948	0.51958	102
2025.08.01 22:44	0.51958	0.5196	0.51944	0.51946	97
2025.08.01 22:45	0.51946	0.51957	0.51941	0.51951	123
2025.08.01 22:46	0.51953	0.51957	0.51953	0.51957	4
2025.08.01 22:47	0.51971	0.51974	0.51969	0.51969	20
2025.08.01 22:48	0.5197	0.51976	0.51961	0.51964	106
2025.08.01 22:49	0.51962	0.51972	0.51962	0.51967	96
2025.08.01 22:50	0.51967	0.51974	0.51962	0.51973	104
2025.08.01 22:51	0.51971	0.51978	0.51966	0.5197	102
2025.08.01 22:52	0.51969	0.51974	0.51961	0.51963	91
2025.08.01 22:53	0.51964	0.51967	0.51954	0.51957	96
2025.08.01 22:54	0.51955	0.51964	0.51954	0.51963	112
2025.08.01 22:55	0.51963	0.51964	0.51954	0.51962	84
2025.08.01 22:56	0.51962	0.51978	0.51961	0.51977	94
2025.08.01 22:57	0.51977	0.51978	0.51965	0.51969	58
2025.08.01 22:58	0.51969	0.51975	0.51968	0.51973	50
2025.08.01 22:59	0.51972	0.51972	0.51961	0.51971	41
2025.08.01 23:00	0.51966	0.51966	0.51957	0.5196	50
2025.08.01 23:01	0.5196	0.51964	0.51954	0.51963	65
2025.08.01 23:02	0.51965	0.51967	0.51961	0.51962	57
2025.08.01 23:03	0.51961	0.51969	0.5196	0.51968	53
2025.08.01 23:04	0.51969	0.51976	0.51967	0.51976	49
2025.08.01 23:05	0.51975	0.51987	0.51975	0.51979	45
2025.08.01 23:06	0.51979	0.51984	0.51978	0.51983	31
2025.08.01 23:07	0.51984	0.51985	0.51977	0.51979	30
2025.08.01 23:08	0.51978	0.51988	0.51977	0.51985	33
2025.08.01 23:09	0.51985	0.51993	0.51983	0.51989	46
2025.08.01 23:10	0.51989	0.52002	0.51988	0.52	58
2025.08.01 23:11	0.52	0.5201	0.51998	0.52009	55
2025.08.01 23:12	0.52008	0.52019	0.52006	0.52012	47
2025.08.01 23:13	0.52013	0.52017	0.52009	0.52012	43
2025.08.01 23:14	0.52013	0.52015	0.52009	0.52013	41
2025.08.01 23:15	0.52013	0.52015	0.52008	0.52008	32
2025.08.01 23:16	0.52007	0.52009	0.52002	0.52004	49
2025.08.01 23:17	0.52005	0.52009	0.52	0.52001	37
2025.08.01 23:18	0.52	0.52	0.51995	0.51998	23
2025.08.01 23:19	0.52001	0.52002	0.51996	0.52002	40
2025.08.01 23:20	0.52001	0.52004	0.51998	0.52003	20
2025.08.01 23:21	0.52003	0.52008	0.51996	0.51996	36
2025.08.01 23:22	0.51997	0.51999	0.51994	0.51996	25
2025.08.01 23:23	0.51995	0.51997	0.51993	0.51994	23
2025.08.01 23:24	0.51994	0.51998	0.5199	0.51991	43
2025.08.01 23:25	0.51989	0.51989	0.51984	0.51987	28
2025.08.01 23:26	0.51987	0.52	0.51983	0.51998	33
2025.08.01 23:27	0.51997	0.51999	0.51989	0.51989	44
2025.08.01 23:28	0.51989	0.51995	0.51989	0.51992	41
2025.08.01 23:29	0.51991	0.51995	0.51987	0.51994	50
2025.08.01 23:30	0.51994	0.52	0.51993	0.51995	42
2025.08.01 23:31	0.51996	0.51997	0.51991	0.51995	41
2025.08.01 23:32	0.51996	0.51999	0.51991	0.51999	44
2025.08.01 23:33	0.51999	0.52003	0.51996	0.52	60
2025.08.01 23:34	0.51999	0.52004	0.51991	0.51997	85
2025.08.01 23:35	0.51996	0.52001	0.51994	0.51996	62
2025.08.01 23:36	0.51996	0.52001	0.51994	0.51995	64
2025.08.01 23:37	0.51997	0.52002	0.51985	0.51985	60
2025.08.01 23:38	0.51987	0.5199	0.5198	0.5199	64
2025.08.01 23:39	0.51989	0.51998	0.51989	0.51996	35
2025.08.01 23:40	0.51996	0.51996	0.51923	0.51928	30
2025.08.01 23:41	0.51927	0.51933	0.51926	0.51928	77
2025.08.01 23:42	0.51928	0.51933	0.51922	0.51932	60
2025.08.01 23:43	0.51932	0.51936	0.51928	0.51933	50
2025.08.01 23:44	0.51934	0.51938	0.5193	0.51932	65
2025.08.01 23:45	0.51932	0.51934	0.51922	0.51926	76
2025.08.01 23:46	0.51926	0.51926	0.51917	0.5192	39
2025.08.01 23:47	0.5192	0.51933	0.51916	0.51931	45
2025.08.01 23:48	0.51931	0.51931	0.51916	0.51923	34
2025.08.01 23:49	0.51923	0.5193	0.51905	0.51905	62
2025.08.01 23:50	0.51904	0.5195	0.51904	0.51944	100
2025.08.01 23:51	0.51947	0.5195	0.51924	0.51938	116
2025.08.01 23:52	0.51938	0.51939	0.51917	0.5193	94
2025.08.01 23:53	0.5193	0.51945	0.51922	0.51922	51
2025.08.01 23:54	0.51922	0.51929	0.51915	0.51928	44
2025.08.01 23:55	0.51928	0.51946	0.51919	0.51935	74
2025.08.01 23:56	0.51935	0.51977	0.51921	0.51921	68
2025.08.01 23:57	0.51921	0.51938	0.51916	0.51924	61
2025.08.01 23:58	0.51928	0.51932	0.5191	0.51917	44
2025.08.01 23:59	ERROR	ERROR	ERROR	ERROR	ERROR
