Time	Open	High	Low	Close	Volume
2025.09.08 00:00	0.929135	0.929359	0.929083	0.929359	124
2025.09.08 00:01	ERROR	ERROR	ERROR	ERROR	ERROR
2025.09.08 00:02	0.928997	0.929005	0.928988	0.928988	4
2025.09.08 00:03	0.92898	0.929489	0.928436	0.929489	6
2025.09.08 00:04	0.929454	0.929489	0.929109	0.929109	7
2025.09.08 00:05	0.929092	0.92929	0.929092	0.929221	3
2025.09.08 00:06	0.928997	0.929282	0.928997	0.929282	4
2025.09.08 00:07	0.929282	0.929696	0.929264	0.929385	29
2025.09.08 00:08	0.929385	0.929731	0.928333	0.929282	29
2025.09.08 00:09	0.929299	0.929627	0.929178	0.929593	17
2025.09.08 00:10	0.929593	0.9298	0.929178	0.929316	34
2025.09.08 00:11	0.929316	0.929791	0.929316	0.929791	9
2025.09.08 00:12	0.929791	0.9298	0.929282	0.9298	23
2025.09.08 00:13	0.9298	0.9298	0.929688	0.929696	15
2025.09.08 00:14	0.929696	0.929696	0.929696	0.929696	1
2025.09.08 00:15	0.929696	0.929696	0.928298	0.928686	11
2025.09.08 00:16	0.928419	0.928703	0.928402	0.928703	5
2025.09.08 00:17	0.928695	0.928712	0.928669	0.928695	4
2025.09.08 00:18	0.928384	0.928703	0.928384	0.928695	4
2025.09.08 00:19	0.928669	0.928686	0.92866	0.928678	5
2025.09.08 00:20	0.928678	0.928712	0.928678	0.928712	7
2025.09.08 00:21	0.928729	0.928729	0.928703	0.928712	5
2025.09.08 00:22	0.928712	0.93031	0.928712	0.93031	12
2025.09.08 00:23	0.929835	0.93012	0.929532	0.929705	46
2025.09.08 00:24	0.929515	0.929515	0.928841	0.928859	27
2025.09.08 00:25	0.92885	0.928867	0.928798	0.928867	16
2025.09.08 00:26	0.929342	0.929403	0.928867	0.929403	16
2025.09.08 00:27	0.929385	0.929385	0.928867	0.929359	12
2025.09.08 00:28	0.929359	0.929385	0.928876	0.928876	9
2025.09.08 00:29	0.928867	0.928876	0.928859	0.928876	6
2025.09.08 00:30	0.928859	0.92942	0.928807	0.928833	33
2025.09.08 00:31	0.928824	0.928919	0.92866	0.928902	18
2025.09.08 00:32	0.92885	0.928859	0.928798	0.928824	17
2025.09.08 00:33	0.928833	0.928867	0.928669	0.928781	28
2025.09.08 00:34	0.928772	0.928859	0.928669	0.928695	76
2025.09.08 00:35	0.92885	0.928962	0.928703	0.928962	71
2025.09.08 00:36	0.928833	0.928841	0.928729	0.928824	39
2025.09.08 00:37	0.928841	0.930631	0.928755	0.928919	66
2025.09.08 00:38	0.928798	0.929498	0.928772	0.928885	77
2025.09.08 00:39	0.928902	0.929005	0.928781	0.928798	43
2025.09.08 00:40	0.928824	0.930224	0.928738	0.929601	126
2025.09.08 00:41	0.929662	0.930328	0.928729	0.928798	115
2025.09.08 00:42	0.928712	0.928997	0.928678	0.928988	72
2025.09.08 00:43	0.92898	0.92904	0.928859	0.928859	22
2025.09.08 00:44	0.928867	0.928945	0.928859	0.928885	15
2025.09.08 00:45	0.928867	0.928988	0.92885	0.928954	7
2025.09.08 00:46	0.9286	0.929031	0.9286	0.928919	17
2025.09.08 00:47	0.928954	0.929014	0.92885	0.928885	21
2025.09.08 00:48	0.928885	0.929005	0.928841	0.92885	19
2025.09.08 00:49	0.928876	0.928893	0.92885	0.92885	10
2025.09.08 00:50	0.928859	0.929023	0.928807	0.928807	25
2025.09.08 00:51	0.92879	0.928841	0.928747	0.928807	24
2025.09.08 00:52	0.928798	0.928859	0.928747	0.928798	24
2025.09.08 00:53	0.92879	0.928841	0.928729	0.92879	38
2025.09.08 00:54	0.928807	0.928841	0.928703	0.928755	38
2025.09.08 00:55	0.928807	0.930743	0.928807	0.929368	95
2025.09.08 00:56	0.929256	0.929385	0.929057	0.929178	79
2025.09.08 00:57	0.929195	0.929308	0.9291	0.92923	59
2025.09.08 00:58	0.929213	0.929411	0.929161	0.929316	82
2025.09.08 00:59	0.929333	0.929593	0.929221	0.929221	20
2025.09.08 01:00	0.928471	0.929178	0.928135	0.928229	96
2025.09.08 01:01	0.928272	0.928419	0.928195	0.928221	46
2025.09.08 01:02	0.928221	0.928229	0.927549	0.927859	68
2025.09.08 01:03	0.927833	0.928091	0.927678	0.927721	69
2025.09.08 01:04	0.92773	0.927807	0.927644	0.927713	25
2025.09.08 01:05	0.927738	0.928109	0.927738	0.928048	33
2025.09.08 01:06	0.928031	0.928238	0.928031	0.928186	35
2025.09.08 01:07	0.928203	0.928255	0.928091	0.928247	33
2025.09.08 01:08	0.928238	0.928247	0.927919	0.92798	78
2025.09.08 01:09	0.927954	0.927997	0.927747	0.927868	56
2025.09.08 01:10	0.927868	0.928203	0.927868	0.9281	52
2025.09.08 01:11	0.9281	0.928152	0.927971	0.92798	61
2025.09.08 01:12	0.928014	0.928031	0.92773	0.927756	45
2025.09.08 01:13	0.927756	0.927893	0.927756	0.927893	37
2025.09.08 01:14	0.927893	0.927893	0.927773	0.927773	55
2025.09.08 01:15	0.927799	0.927825	0.927541	0.927584	59
2025.09.08 01:16	0.927609	0.927833	0.927584	0.92773	43
2025.09.08 01:17	0.92779	0.928057	0.927721	0.928057	25
2025.09.08 01:18	0.928048	0.928048	0.927962	0.927962	34
2025.09.08 01:19	0.927962	0.927971	0.927919	0.927936	22
2025.09.08 01:20	0.927945	0.928014	0.927945	0.927997	30
2025.09.08 01:21	0.927997	0.928005	0.927928	0.92798	23
2025.09.08 01:22	0.92798	0.928031	0.927928	0.927928	23
2025.09.08 01:23	0.927945	0.927971	0.927678	0.927962	12
2025.09.08 01:24	0.927971	0.928203	0.927936	0.928203	27
2025.09.08 01:25	0.928229	0.928247	0.928212	0.928238	21
2025.09.08 01:26	0.928221	0.928272	0.928186	0.928264	22
2025.09.08 01:27	0.928247	0.928247	0.928152	0.928195	39
2025.09.08 01:28	0.928221	0.928281	0.928195	0.928212	19
2025.09.08 01:29	0.928221	0.92829	0.928005	0.928264	23
2025.09.08 01:30	0.928255	0.928255	0.928152	0.928195	30
2025.09.08 01:31	0.928221	0.928221	0.9281	0.928117	37
2025.09.08 01:32	0.928091	0.928186	0.928066	0.928143	29
2025.09.08 01:33	0.928143	0.928143	0.928091	0.928109	19
2025.09.08 01:34	0.9281	0.9281	0.928014	0.92804	24
2025.09.08 01:35	0.928048	0.928074	0.928023	0.928074	15
2025.09.08 01:36	0.928066	0.928083	0.928023	0.92804	19
2025.09.08 01:37	0.928057	0.928091	0.927962	0.927997	26
2025.09.08 01:38	0.927988	0.92804	0.927945	0.928023	22
2025.09.08 01:39	0.927971	0.928031	0.927928	0.927971	30
2025.09.08 01:40	0.927971	0.928091	0.927954	0.928066	40
2025.09.08 01:41	0.928048	0.928091	0.927997	0.928091	18
2025.09.08 01:42	0.928083	0.928126	0.928066	0.928083	22
2025.09.08 01:43	0.928083	0.9281	0.928023	0.928074	22
2025.09.08 01:44	0.928083	0.928117	0.928014	0.928066	24
2025.09.08 01:45	0.928057	0.928066	0.927954	0.92798	30
2025.09.08 01:46	0.927988	0.928031	0.927962	0.927988	18
2025.09.08 01:47	0.928005	0.928023	0.927962	0.92798	20
2025.09.08 01:48	0.927988	0.927997	0.927919	0.927954	23
2025.09.08 01:49	0.92798	0.927997	0.927928	0.92798	17
2025.09.08 01:50	0.92804	0.928048	0.927962	0.927971	16
2025.09.08 01:51	0.927988	0.928005	0.927936	0.927936	17
2025.09.08 01:52	0.927962	0.928031	0.927954	0.927997	19
2025.09.08 01:53	0.928005	0.92804	0.927988	0.927988	19
2025.09.08 01:54	0.927997	0.928057	0.92798	0.92798	20
2025.09.08 01:55	0.927971	0.928014	0.927928	0.92798	18
2025.09.08 01:56	0.92798	0.928031	0.927954	0.928023	11
2025.09.08 01:57	0.928014	0.928031	0.927988	0.928014	19
2025.09.08 01:58	0.928023	0.928083	0.927954	0.927954	19
2025.09.08 01:59	0.927962	0.92804	0.927945	0.928005	22
2025.09.08 02:00	0.927713	0.927747	0.927609	0.92773	58
2025.09.08 02:01	0.927738	0.927911	0.927721	0.927902	40
2025.09.08 02:02	0.927919	0.927919	0.927816	0.927842	25
2025.09.08 02:03	0.927842	0.927893	0.927799	0.927893	24
2025.09.08 02:04	0.927893	0.927919	0.927868	0.927868	21
2025.09.08 02:05	0.927876	0.927885	0.927799	0.927799	19
2025.09.08 02:06	0.92779	0.92779	0.927747	0.927756	14
2025.09.08 02:07	0.927756	0.92785	0.927747	0.927833	21
2025.09.08 02:08	0.92785	0.92785	0.927816	0.927842	18
2025.09.08 02:09	0.927833	0.92785	0.927799	0.927816	18
2025.09.08 02:10	0.927816	0.927902	0.927781	0.927876	35
2025.09.08 02:11	0.927876	0.927885	0.92773	0.927738	24
2025.09.08 02:12	0.927747	0.927747	0.927704	0.927738	21
2025.09.08 02:13	0.92773	0.927781	0.92773	0.927738	14
2025.09.08 02:14	0.927764	0.927773	0.927713	0.927738	22
2025.09.08 02:15	0.927738	0.927773	0.927721	0.927738	22
2025.09.08 02:16	0.92773	0.927764	0.92773	0.927756	20
2025.09.08 02:17	0.927756	0.927773	0.927738	0.927738	24
2025.09.08 02:18	0.927747	0.927756	0.927713	0.927713	33
2025.09.08 02:19	0.927738	0.927781	0.927704	0.927781	12
2025.09.08 02:20	0.927773	0.927799	0.927764	0.927773	17
2025.09.08 02:21	0.927781	0.927799	0.927764	0.927773	21
2025.09.08 02:22	0.927738	0.927807	0.92773	0.927781	20
2025.09.08 02:23	0.927781	0.927781	0.92773	0.92773	17
2025.09.08 02:24	0.927747	0.927756	0.927713	0.927713	14
2025.09.08 02:25	0.927713	0.927721	0.927652	0.927695	35
2025.09.08 02:26	0.927695	0.927747	0.927635	0.927704	25
2025.09.08 02:27	0.927713	0.927721	0.927618	0.927618	31
2025.09.08 02:28	0.927601	0.92773	0.927601	0.927713	28
2025.09.08 02:29	0.927721	0.92773	0.927687	0.927721	23
2025.09.08 02:30	0.927721	0.927721	0.927592	0.927601	17
2025.09.08 02:31	0.927609	0.927687	0.927601	0.927687	28
2025.09.08 02:32	0.927695	0.927721	0.927644	0.927704	22
2025.09.08 02:33	0.927661	0.927738	0.927644	0.927678	18
2025.09.08 02:34	0.927678	0.927695	0.92767	0.927687	9
2025.09.08 02:35	0.92767	0.927678	0.927644	0.927661	19
2025.09.08 02:36	0.92767	0.927713	0.927661	0.927713	14
2025.09.08 02:37	0.927713	0.927713	0.927584	0.927584	19
2025.09.08 02:38	0.927584	0.927627	0.927575	0.927592	16
2025.09.08 02:39	0.927592	0.927618	0.927575	0.927592	14
2025.09.08 02:40	0.927592	0.927687	0.927584	0.927678	16
2025.09.08 02:41	0.92767	0.927704	0.927652	0.927678	14
2025.09.08 02:42	0.927678	0.927738	0.92767	0.927721	29
2025.09.08 02:43	0.927713	0.927713	0.927661	0.927687	27
2025.09.08 02:44	0.927695	0.927721	0.927644	0.927644	25
2025.09.08 02:45	0.927678	0.927678	0.92748	0.927592	58
2025.09.08 02:46	0.927575	0.927601	0.927532	0.927584	19
2025.09.08 02:47	0.927592	0.927644	0.927566	0.927609	31
2025.09.08 02:48	0.927601	0.927661	0.92742	0.92748	54
2025.09.08 02:49	0.927472	0.927523	0.927403	0.927455	38
2025.09.08 02:50	0.927455	0.927489	0.92742	0.92748	48
2025.09.08 02:51	0.92748	0.927532	0.927446	0.927532	67
2025.09.08 02:52	0.927489	0.927549	0.92748	0.927498	40
2025.09.08 02:53	0.92748	0.927498	0.92742	0.927429	40
2025.09.08 02:54	0.92742	0.927463	0.927377	0.927412	51
2025.09.08 02:55	0.927403	0.927446	0.927403	0.927429	49
2025.09.08 02:56	0.927455	0.927455	0.927394	0.927394	43
2025.09.08 02:57	0.927403	0.927446	0.927386	0.927403	52
2025.09.08 02:58	0.927412	0.927455	0.927351	0.927403	54
2025.09.08 02:59	0.927412	0.927412	0.927377	0.927394	52
2025.09.08 03:00	0.927412	0.927756	0.927394	0.927756	91
2025.09.08 03:01	0.928048	0.928195	0.928005	0.928126	67
2025.09.08 03:02	0.928135	0.928135	0.927747	0.927747	59
2025.09.08 03:03	0.927756	0.92798	0.92773	0.927962	54
2025.09.08 03:04	0.927962	0.928066	0.927919	0.927962	44
2025.09.08 03:05	0.927971	0.927988	0.927842	0.927876	61
2025.09.08 03:06	0.927868	0.927911	0.927833	0.927911	68
2025.09.08 03:07	0.927893	0.927936	0.927859	0.927936	39
2025.09.08 03:08	0.927919	0.927936	0.927868	0.927911	54
2025.09.08 03:09	0.927919	0.928023	0.927893	0.928023	59
2025.09.08 03:10	0.928031	0.9281	0.927988	0.928074	46
2025.09.08 03:11	0.928057	0.928074	0.92798	0.928074	38
2025.09.08 03:12	0.928074	0.9281	0.927842	0.92785	47
2025.09.08 03:13	0.927859	0.927945	0.927738	0.927902	52
2025.09.08 03:14	0.927902	0.92804	0.927893	0.92804	45
2025.09.08 03:15	0.928048	0.928109	0.927833	0.927893	74
2025.09.08 03:16	0.927954	0.927962	0.927919	0.927928	42
2025.09.08 03:17	0.927911	0.927962	0.927893	0.927954	29
2025.09.08 03:18	0.927945	0.928083	0.927885	0.928057	39
2025.09.08 03:19	0.928066	0.928066	0.927911	0.927945	58
2025.09.08 03:20	0.927954	0.928005	0.927928	0.927997	36
2025.09.08 03:21	0.927997	0.928014	0.927919	0.927945	50
2025.09.08 03:22	0.927936	0.927988	0.92785	0.927902	46
2025.09.08 03:23	0.927902	0.927962	0.927868	0.927893	48
2025.09.08 03:24	0.927885	0.92798	0.927816	0.927833	51
2025.09.08 03:25	0.927825	0.927911	0.92779	0.927876	69
2025.09.08 03:26	0.927868	0.927902	0.92785	0.927893	39
2025.09.08 03:27	0.927885	0.927902	0.92785	0.927902	56
2025.09.08 03:28	0.927893	0.927954	0.92785	0.927936	35
2025.09.08 03:29	0.927945	0.927945	0.927868	0.927936	47
2025.09.08 03:30	0.927936	0.928066	0.927893	0.928066	57
2025.09.08 03:31	0.928057	0.928057	0.927954	0.92798	41
2025.09.08 03:32	0.927962	0.92798	0.927954	0.927962	23
2025.09.08 03:33	0.927962	0.928005	0.927902	0.927911	28
2025.09.08 03:34	0.927902	0.927954	0.927902	0.927911	28
2025.09.08 03:35	0.927893	0.927919	0.927893	0.927919	19
2025.09.08 03:36	0.927919	0.927945	0.927859	0.927859	45
2025.09.08 03:37	0.927842	0.927885	0.927816	0.927833	36
2025.09.08 03:38	0.92785	0.927876	0.92779	0.92785	27
2025.09.08 03:39	0.92785	0.92785	0.927781	0.927842	21
2025.09.08 03:40	0.927842	0.92785	0.927799	0.927816	13
2025.09.08 03:41	0.927807	0.92785	0.927773	0.927842	35
2025.09.08 03:42	0.92785	0.927919	0.927833	0.927911	17
2025.09.08 03:43	0.927919	0.927919	0.927876	0.927876	10
2025.09.08 03:44	0.927893	0.928014	0.927885	0.927997	34
2025.09.08 03:45	0.927997	0.928023	0.927945	0.927954	32
2025.09.08 03:46	0.927945	0.928247	0.927928	0.92816	43
2025.09.08 03:47	0.928152	0.92816	0.928083	0.928109	29
2025.09.08 03:48	0.9281	0.9281	0.928005	0.928005	30
2025.09.08 03:49	0.927997	0.928057	0.927988	0.928048	26
2025.09.08 03:50	0.928048	0.928048	0.927954	0.927988	42
2025.09.08 03:51	0.927988	0.928023	0.927954	0.928014	52
2025.09.08 03:52	0.928005	0.928091	0.92798	0.928074	56
2025.09.08 03:53	0.928048	0.928135	0.928023	0.928031	61
2025.09.08 03:54	0.928014	0.928143	0.928014	0.928143	66
2025.09.08 03:55	0.928126	0.928272	0.928126	0.928255	58
2025.09.08 03:56	0.928255	0.928272	0.928212	0.928264	54
2025.09.08 03:57	0.928238	0.928247	0.928117	0.928169	42
2025.09.08 03:58	0.92816	0.928221	0.928143	0.928195	40
2025.09.08 03:59	0.928186	0.928247	0.928152	0.928152	43
2025.09.08 04:00	0.92816	0.928333	0.928152	0.928281	91
2025.09.08 04:01	0.928272	0.928298	0.928229	0.928255	74
2025.09.08 04:02	0.928264	0.928315	0.928212	0.928221	51
2025.09.08 04:03	0.928212	0.928315	0.928195	0.928229	39
2025.09.08 04:04	0.928238	0.928479	0.928221	0.928479	56
2025.09.08 04:05	0.928471	0.928488	0.928255	0.928272	51
2025.09.08 04:06	0.928272	0.928324	0.928221	0.928272	34
2025.09.08 04:07	0.928264	0.928367	0.928229	0.928367	49
2025.09.08 04:08	0.928359	0.928359	0.928255	0.92829	39
2025.09.08 04:09	0.928281	0.928298	0.928247	0.928264	23
2025.09.08 04:10	0.928264	0.928264	0.928212	0.928229	24
2025.09.08 04:11	0.928212	0.928272	0.928203	0.928272	35
2025.09.08 04:12	0.928272	0.928281	0.928186	0.928186	18
2025.09.08 04:13	0.928186	0.928186	0.928135	0.928152	33
2025.09.08 04:14	0.928152	0.928333	0.928143	0.928324	42
2025.09.08 04:15	0.928307	0.928324	0.928238	0.928272	50
2025.09.08 04:16	0.928272	0.928298	0.928229	0.92829	44
2025.09.08 04:17	0.928281	0.928367	0.928264	0.928307	55
2025.09.08 04:18	0.928298	0.928307	0.928255	0.928255	38
2025.09.08 04:19	0.928238	0.928247	0.928169	0.928221	40
2025.09.08 04:20	0.928221	0.928307	0.928203	0.92829	34
2025.09.08 04:21	0.92829	0.928367	0.928238	0.928367	58
2025.09.08 04:22	0.928384	0.928384	0.928307	0.928359	51
2025.09.08 04:23	0.928359	0.928376	0.928298	0.928367	40
2025.09.08 04:24	0.928359	0.928436	0.928341	0.928402	30
2025.09.08 04:25	0.928402	0.928453	0.928376	0.928436	31
2025.09.08 04:26	0.928445	0.928445	0.928376	0.928384	43
2025.09.08 04:27	0.928367	0.928419	0.928367	0.928393	36
2025.09.08 04:28	0.928393	0.928393	0.92835	0.92835	34
2025.09.08 04:29	0.928341	0.928402	0.928307	0.928376	28
2025.09.08 04:30	0.928376	0.928419	0.928367	0.928419	48
2025.09.08 04:31	0.92841	0.928419	0.928281	0.928307	40
2025.09.08 04:32	0.928281	0.92829	0.928238	0.92829	37
2025.09.08 04:33	0.928298	0.928315	0.928264	0.928307	33
2025.09.08 04:34	0.928307	0.928341	0.92829	0.928324	30
2025.09.08 04:35	0.928315	0.928333	0.928229	0.928255	62
2025.09.08 04:36	0.928272	0.928272	0.928203	0.928221	47
2025.09.08 04:37	0.928229	0.928247	0.928186	0.928195	34
2025.09.08 04:38	0.928186	0.928272	0.928169	0.928238	55
2025.09.08 04:39	0.928221	0.928324	0.928203	0.928272	30
2025.09.08 04:40	0.928272	0.928281	0.928221	0.928264	46
2025.09.08 04:41	0.928255	0.928281	0.928203	0.928281	30
2025.09.08 04:42	0.928264	0.928307	0.928221	0.928281	51
2025.09.08 04:43	0.928272	0.928315	0.928264	0.928307	13
2025.09.08 04:44	0.928315	0.928315	0.928203	0.928272	39
2025.09.08 04:45	0.928272	0.928272	0.928195	0.928212	44
2025.09.08 04:46	0.928212	0.928221	0.928126	0.928152	41
2025.09.08 04:47	0.928143	0.928152	0.928023	0.928023	53
2025.09.08 04:48	0.928023	0.92804	0.927997	0.928031	45
2025.09.08 04:49	0.928023	0.928057	0.927971	0.928005	32
2025.09.08 04:50	0.928005	0.928014	0.927859	0.927919	57
2025.09.08 04:51	0.927911	0.927962	0.927825	0.927876	35
2025.09.08 04:52	0.927885	0.927919	0.927825	0.927885	42
2025.09.08 04:53	0.927876	0.927954	0.927842	0.927893	59
2025.09.08 04:54	0.927902	0.927988	0.927893	0.92798	35
2025.09.08 04:55	0.927988	0.928005	0.927928	0.92798	62
2025.09.08 04:56	0.927997	0.928057	0.927954	0.928048	65
2025.09.08 04:57	0.92804	0.92804	0.927919	0.927928	38
2025.09.08 04:58	0.927928	0.928005	0.927928	0.927954	49
2025.09.08 04:59	0.927945	0.92804	0.927945	0.927971	55
2025.09.08 05:00	0.92798	0.928186	0.927962	0.928178	72
2025.09.08 05:01	0.928203	0.928281	0.928169	0.928264	60
2025.09.08 05:02	0.928264	0.928264	0.928203	0.928247	46
2025.09.08 05:03	0.928229	0.928247	0.928109	0.928195	42
2025.09.08 05:04	0.928195	0.928229	0.92816	0.928212	57
2025.09.08 05:05	0.928221	0.928298	0.928143	0.928272	55
2025.09.08 05:06	0.928264	0.928402	0.928264	0.928384	48
2025.09.08 05:07	0.928376	0.928384	0.928272	0.928307	41
2025.09.08 05:08	0.928307	0.928324	0.928272	0.92829	38
2025.09.08 05:09	0.92829	0.928333	0.928264	0.92829	43
2025.09.08 05:10	0.928298	0.928341	0.928281	0.928298	50
2025.09.08 05:11	0.928307	0.92835	0.92829	0.928324	41
2025.09.08 05:12	0.928315	0.928315	0.928264	0.928272	35
2025.09.08 05:13	0.928281	0.928402	0.928272	0.928384	47
2025.09.08 05:14	0.928376	0.928376	0.928264	0.92829	47
2025.09.08 05:15	0.928281	0.92829	0.928229	0.928255	52
2025.09.08 05:16	0.928264	0.928264	0.928238	0.928264	25
2025.09.08 05:17	0.928255	0.928393	0.928247	0.928367	27
2025.09.08 05:18	0.928419	0.928428	0.928333	0.928384	50
2025.09.08 05:19	0.928393	0.928419	0.92829	0.92829	46
2025.09.08 05:20	0.928281	0.928307	0.928247	0.928281	32
2025.09.08 05:21	0.928272	0.928315	0.928247	0.928281	31
2025.09.08 05:22	0.928272	0.928324	0.928264	0.92829	35
2025.09.08 05:23	0.928281	0.928315	0.928238	0.928281	26
2025.09.08 05:24	0.928281	0.928359	0.928281	0.92835	27
2025.09.08 05:25	0.928359	0.928445	0.928341	0.928367	54
2025.09.08 05:26	0.92835	0.928402	0.928333	0.928359	27
2025.09.08 05:27	0.92835	0.928393	0.928315	0.928384	46
2025.09.08 05:28	0.928393	0.928393	0.928333	0.928359	28
2025.09.08 05:29	0.928359	0.92841	0.928315	0.928384	26
2025.09.08 05:30	0.928393	0.928393	0.928315	0.928324	44
2025.09.08 05:31	0.928333	0.928333	0.928264	0.92829	30
2025.09.08 05:32	0.928281	0.928298	0.928247	0.928281	34
2025.09.08 05:33	0.928272	0.92829	0.928238	0.928247	30
2025.09.08 05:34	0.928247	0.92829	0.928247	0.928247	24
2025.09.08 05:35	0.928255	0.928307	0.928255	0.928298	40
2025.09.08 05:36	0.928307	0.928384	0.928307	0.928324	46
2025.09.08 05:37	0.928341	0.928367	0.928333	0.92835	42
2025.09.08 05:38	0.92835	0.928359	0.928281	0.928315	39
2025.09.08 05:39	0.928307	0.928384	0.928272	0.928315	38
2025.09.08 05:40	0.928315	0.92841	0.928272	0.92841	46
2025.09.08 05:41	0.928402	0.928436	0.928376	0.928419	33
2025.09.08 05:42	0.928436	0.928557	0.928428	0.928522	57
2025.09.08 05:43	0.928522	0.928531	0.92835	0.92835	57
2025.09.08 05:44	0.928341	0.92835	0.928212	0.928221	33
2025.09.08 05:45	0.928229	0.92829	0.928229	0.928272	18
2025.09.08 05:46	0.928272	0.92829	0.928247	0.928255	22
2025.09.08 05:47	0.928264	0.928324	0.928264	0.928272	21
2025.09.08 05:48	0.928272	0.928298	0.928255	0.928255	55
2025.09.08 05:49	0.928255	0.928281	0.928247	0.928264	28
2025.09.08 05:50	0.92829	0.928298	0.928229	0.928255	39
2025.09.08 05:51	0.928255	0.928272	0.928203	0.928203	43
2025.09.08 05:52	0.928212	0.928212	0.928117	0.92816	29
2025.09.08 05:53	0.928152	0.928178	0.928091	0.928091	38
2025.09.08 05:54	0.928091	0.928117	0.928066	0.928091	38
2025.09.08 05:55	0.928091	0.928117	0.92804	0.928048	38
2025.09.08 05:56	0.928048	0.9281	0.927962	0.927988	45
2025.09.08 05:57	0.92798	0.92804	0.927962	0.92804	44
2025.09.08 05:58	0.92804	0.928057	0.927911	0.927928	55
2025.09.08 05:59	0.927928	0.928014	0.927928	0.928005	57
2025.09.08 06:00	0.927997	0.928048	0.927962	0.927971	44
2025.09.08 06:01	0.92798	0.927997	0.927902	0.927954	43
2025.09.08 06:02	0.927962	0.927997	0.927928	0.927971	40
2025.09.08 06:03	0.927954	0.928031	0.927954	0.927962	40
2025.09.08 06:04	0.927962	0.92804	0.927954	0.92804	34
2025.09.08 06:05	0.92804	0.9281	0.92804	0.928074	18
2025.09.08 06:06	0.928057	0.928074	0.928005	0.928066	32
2025.09.08 06:07	0.928048	0.928091	0.928031	0.928057	35
2025.09.08 06:08	0.928057	0.928057	0.927997	0.928031	27
2025.09.08 06:09	0.928023	0.928048	0.928005	0.928014	37
2025.09.08 06:10	0.928023	0.928048	0.927988	0.92804	37
2025.09.08 06:11	0.928048	0.928109	0.928031	0.928074	54
2025.09.08 06:12	0.928074	0.928109	0.928005	0.9281	24
2025.09.08 06:13	0.9281	0.928117	0.928005	0.928023	43
2025.09.08 06:14	0.928031	0.928031	0.928005	0.928031	24
2025.09.08 06:15	0.928023	0.928066	0.928014	0.928066	33
2025.09.08 06:16	0.92804	0.9281	0.928023	0.928048	36
2025.09.08 06:17	0.92804	0.928083	0.928014	0.92804	71
2025.09.08 06:18	0.928031	0.928057	0.928005	0.928014	46
2025.09.08 06:19	0.928005	0.928023	0.927911	0.927954	35
2025.09.08 06:20	0.927971	0.92804	0.927945	0.92804	31
2025.09.08 06:21	0.928031	0.928031	0.927936	0.927954	37
2025.09.08 06:22	0.927954	0.927997	0.927936	0.92798	26
2025.09.08 06:23	0.927988	0.927997	0.927962	0.927988	20
2025.09.08 06:24	0.92798	0.928005	0.927971	0.927997	32
2025.09.08 06:25	0.927988	0.927988	0.927902	0.927919	28
2025.09.08 06:26	0.927919	0.927971	0.927842	0.927893	40
2025.09.08 06:27	0.927893	0.927954	0.927868	0.927954	30
2025.09.08 06:28	0.927962	0.927962	0.927919	0.927919	39
2025.09.08 06:29	0.927928	0.927945	0.927893	0.927893	45
2025.09.08 06:30	0.927902	0.927962	0.927893	0.927954	38
2025.09.08 06:31	0.927954	0.927954	0.92785	0.927911	31
2025.09.08 06:32	0.927902	0.927954	0.927902	0.927954	27
2025.09.08 06:33	0.927954	0.928023	0.927945	0.928005	29
2025.09.08 06:34	0.928005	0.928048	0.927971	0.928048	33
2025.09.08 06:35	0.92804	0.928066	0.92798	0.927988	40
2025.09.08 06:36	0.927971	0.928023	0.927962	0.928023	46
2025.09.08 06:37	0.928031	0.928048	0.928005	0.92804	42
2025.09.08 06:38	0.928048	0.928066	0.928005	0.928031	46
2025.09.08 06:39	0.928031	0.928066	0.928005	0.928057	44
2025.09.08 06:40	0.928066	0.928066	0.928023	0.92804	27
2025.09.08 06:41	0.928048	0.928074	0.928031	0.928031	40
2025.09.08 06:42	0.92804	0.928048	0.928014	0.928048	43
2025.09.08 06:43	0.928048	0.928048	0.928005	0.928023	36
2025.09.08 06:44	0.928031	0.928074	0.927988	0.928074	55
2025.09.08 06:45	0.928074	0.9281	0.92804	0.928074	39
2025.09.08 06:46	0.928074	0.9281	0.928048	0.928091	27
2025.09.08 06:47	0.9281	0.928178	0.928066	0.928091	33
2025.09.08 06:48	0.928091	0.928212	0.928091	0.928203	39
2025.09.08 06:49	0.928195	0.928212	0.928143	0.92816	23
2025.09.08 06:50	0.928152	0.928186	0.928117	0.928178	32
2025.09.08 06:51	0.928178	0.928186	0.928135	0.928152	34
2025.09.08 06:52	0.928152	0.928169	0.9281	0.928169	43
2025.09.08 06:53	0.92816	0.92829	0.928135	0.928264	40
2025.09.08 06:54	0.928281	0.928307	0.928264	0.928264	20
2025.09.08 06:55	0.928281	0.928307	0.928264	0.928281	28
2025.09.08 06:56	0.928281	0.928367	0.928255	0.92835	33
2025.09.08 06:57	0.928359	0.928488	0.928359	0.928436	20
2025.09.08 06:58	0.928436	0.928471	0.92835	0.928359	26
2025.09.08 06:59	0.92835	0.928505	0.92835	0.928471	24
2025.09.08 07:00	0.928479	0.928522	0.928445	0.928505	25
2025.09.08 07:01	0.928496	0.928505	0.928445	0.928488	27
2025.09.08 07:02	0.928471	0.92866	0.928436	0.928652	32
2025.09.08 07:03	0.928634	0.928712	0.9286	0.928652	40
2025.09.08 07:04	0.928643	0.928772	0.928634	0.928703	43
2025.09.08 07:05	0.928695	0.928729	0.92866	0.928721	32
2025.09.08 07:06	0.928729	0.928781	0.928703	0.928738	32
2025.09.08 07:07	0.928747	0.928747	0.928703	0.928721	34
2025.09.08 07:08	0.928703	0.928738	0.928678	0.928686	27
2025.09.08 07:09	0.928686	0.928712	0.928617	0.92866	51
2025.09.08 07:10	0.92866	0.928824	0.92866	0.928772	46
2025.09.08 07:11	0.928772	0.928772	0.928669	0.928669	42
2025.09.08 07:12	0.928669	0.928755	0.928643	0.92866	54
2025.09.08 07:13	0.92866	0.928712	0.928634	0.928678	29
2025.09.08 07:14	0.928669	0.928738	0.92866	0.928695	28
2025.09.08 07:15	0.928686	0.928738	0.92866	0.92866	26
2025.09.08 07:16	0.928703	0.92898	0.928703	0.928902	61
2025.09.08 07:17	0.928893	0.929135	0.928893	0.929109	33
2025.09.08 07:18	0.9291	0.929144	0.92898	0.928997	44
2025.09.08 07:19	0.928988	0.929135	0.928919	0.929118	52
2025.09.08 07:20	0.929126	0.929126	0.929057	0.929092	32
2025.09.08 07:21	0.9291	0.929118	0.929049	0.9291	40
2025.09.08 07:22	0.9291	0.9291	0.928997	0.929083	38
2025.09.08 07:23	0.929083	0.929144	0.929074	0.929109	24
2025.09.08 07:24	0.9291	0.929109	0.929092	0.9291	9
2025.09.08 07:25	0.929092	0.929092	0.929023	0.929083	9
2025.09.08 07:26	0.929074	0.929152	0.929057	0.929135	24
2025.09.08 07:27	0.929118	0.929204	0.929118	0.929144	23
2025.09.08 07:28	0.929135	0.929144	0.929049	0.929074	38
2025.09.08 07:29	0.929074	0.9291	0.929014	0.929014	18
2025.09.08 07:30	0.929014	0.929049	0.928954	0.928971	40
2025.09.08 07:31	0.928962	0.928988	0.92891	0.928919	33
2025.09.08 07:32	0.92891	0.928962	0.92891	0.928954	20
2025.09.08 07:33	0.928919	0.928928	0.928885	0.92891	10
2025.09.08 07:34	0.92891	0.928988	0.928893	0.92898	27
2025.09.08 07:35	0.928971	0.929092	0.928971	0.929023	42
2025.09.08 07:36	0.929074	0.929092	0.929023	0.929083	28
2025.09.08 07:37	0.929092	0.929118	0.929083	0.929092	13
2025.09.08 07:38	0.929083	0.929135	0.929057	0.929118	24
2025.09.08 07:39	0.929109	0.929144	0.929092	0.929109	32
2025.09.08 07:40	0.929109	0.929109	0.928997	0.929005	27
2025.09.08 07:41	0.929005	0.929083	0.929005	0.929031	18
2025.09.08 07:42	0.92904	0.929109	0.929031	0.9291	22
2025.09.08 07:43	0.929092	0.9291	0.929083	0.929092	7
2025.09.08 07:44	0.929092	0.9291	0.929057	0.9291	13
2025.09.08 07:45	0.9291	0.929126	0.929031	0.929092	26
2025.09.08 07:46	0.929092	0.929126	0.929074	0.929118	22
2025.09.08 07:47	0.929126	0.929144	0.929092	0.9291	24
2025.09.08 07:48	0.929092	0.929161	0.929092	0.929152	15
2025.09.08 07:49	0.929144	0.929169	0.929135	0.929161	23
2025.09.08 07:50	0.929161	0.929187	0.929126	0.929144	16
2025.09.08 07:51	0.929152	0.929169	0.929135	0.929135	22
2025.09.08 07:52	0.929144	0.929247	0.929118	0.929238	32
2025.09.08 07:53	0.929238	0.929256	0.929213	0.929213	18
2025.09.08 07:54	0.929213	0.929221	0.929152	0.929169	27
2025.09.08 07:55	0.929187	0.929187	0.929161	0.929161	13
2025.09.08 07:56	0.929161	0.929178	0.929144	0.929169	28
2025.09.08 07:57	0.929152	0.929187	0.929126	0.929161	16
2025.09.08 07:58	0.929161	0.929187	0.929144	0.929169	22
2025.09.08 07:59	0.929178	0.929221	0.929178	0.929204	11
2025.09.08 08:00	0.929213	0.929308	0.929178	0.929221	30
2025.09.08 08:01	0.929221	0.929273	0.929213	0.929221	15
2025.09.08 08:02	0.929213	0.929221	0.929178	0.929213	19
2025.09.08 08:03	0.929204	0.929247	0.929178	0.929221	15
2025.09.08 08:04	0.929213	0.929238	0.929204	0.929221	25
2025.09.08 08:05	0.929204	0.929213	0.929074	0.929074	26
2025.09.08 08:06	0.929118	0.929118	0.929031	0.92904	21
2025.09.08 08:07	0.929031	0.9291	0.929014	0.9291	27
2025.09.08 08:08	0.929083	0.929247	0.929049	0.929247	31
2025.09.08 08:09	0.929247	0.929247	0.929126	0.929169	34
2025.09.08 08:10	0.929178	0.929213	0.929144	0.929213	20
2025.09.08 08:11	0.929221	0.92923	0.929187	0.929213	27
2025.09.08 08:12	0.929204	0.929264	0.929187	0.929247	14
2025.09.08 08:13	0.929238	0.929333	0.929238	0.929273	30
2025.09.08 08:14	0.929282	0.929308	0.929264	0.929308	20
2025.09.08 08:15	0.929308	0.929342	0.929204	0.929221	35
2025.09.08 08:16	0.929221	0.929264	0.929195	0.929256	35
2025.09.08 08:17	0.929273	0.929342	0.929256	0.929299	28
2025.09.08 08:18	0.92929	0.929411	0.929282	0.929325	26
2025.09.08 08:19	0.92929	0.929394	0.929264	0.929385	34
2025.09.08 08:20	0.929377	0.929437	0.929316	0.92942	33
2025.09.08 08:21	0.929411	0.929411	0.929385	0.929403	28
2025.09.08 08:22	0.929403	0.929437	0.929368	0.929428	25
2025.09.08 08:23	0.929428	0.929428	0.929351	0.929377	32
2025.09.08 08:24	0.929368	0.929377	0.929333	0.929333	23
2025.09.08 08:25	0.929342	0.929403	0.929256	0.929256	33
2025.09.08 08:26	0.929256	0.929351	0.929256	0.92929	32
2025.09.08 08:27	0.929299	0.929385	0.929221	0.929385	29
2025.09.08 08:28	0.929377	0.929403	0.929308	0.929377	24
2025.09.08 08:29	0.929377	0.929385	0.929351	0.929368	15
2025.09.08 08:30	0.929333	0.929385	0.929299	0.929308	37
2025.09.08 08:31	0.929308	0.929308	0.92923	0.92923	30
2025.09.08 08:32	0.92923	0.929498	0.929178	0.929411	49
2025.09.08 08:33	0.929428	0.929506	0.929299	0.929333	38
2025.09.08 08:34	0.929333	0.929342	0.929135	0.929187	41
2025.09.08 08:35	0.929195	0.929264	0.929187	0.929256	27
2025.09.08 08:36	0.929238	0.929264	0.929152	0.929169	38
2025.09.08 08:37	0.929187	0.92923	0.929118	0.929126	40
2025.09.08 08:38	0.929135	0.929247	0.929126	0.929221	35
2025.09.08 08:39	0.92923	0.92923	0.928988	0.929023	37
2025.09.08 08:40	0.929023	0.929057	0.92898	0.929005	38
2025.09.08 08:41	0.929005	0.929031	0.928945	0.928954	25
2025.09.08 08:42	0.928962	0.928988	0.928936	0.928945	18
2025.09.08 08:43	0.928945	0.929049	0.928885	0.929049	20
2025.09.08 08:44	0.929057	0.929083	0.928988	0.929083	23
2025.09.08 08:45	0.929057	0.929074	0.92898	0.928988	33
2025.09.08 08:46	0.928997	0.929005	0.928962	0.928997	31
2025.09.08 08:47	0.928997	0.928997	0.928954	0.928997	33
2025.09.08 08:48	0.928988	0.929014	0.928902	0.92891	27
2025.09.08 08:49	0.92891	0.928954	0.928841	0.928928	27
2025.09.08 08:50	0.928936	0.928954	0.92885	0.928859	27
2025.09.08 08:51	0.928876	0.929005	0.928876	0.929005	41
2025.09.08 08:52	0.928997	0.929057	0.928988	0.929023	22
2025.09.08 08:53	0.929023	0.929109	0.928988	0.929057	42
2025.09.08 08:54	0.929057	0.929178	0.929057	0.9291	38
2025.09.08 08:55	0.9291	0.929316	0.9291	0.92929	39
2025.09.08 08:56	0.929299	0.929377	0.929264	0.929359	32
2025.09.08 08:57	0.929368	0.929377	0.929308	0.929377	32
2025.09.08 08:58	0.929385	0.929428	0.929351	0.929377	39
2025.09.08 08:59	0.929385	0.92942	0.929333	0.929377	43
2025.09.08 09:00	0.929368	0.929498	0.92929	0.929489	56
2025.09.08 09:01	0.929498	0.929532	0.929325	0.929368	49
2025.09.08 09:02	0.929359	0.929359	0.92923	0.929333	42
2025.09.08 09:03	0.929333	0.929454	0.929256	0.929316	73
2025.09.08 09:04	0.929316	0.929385	0.929204	0.929385	61
2025.09.08 09:05	0.929403	0.929403	0.929316	0.929368	64
2025.09.08 09:06	0.929368	0.929385	0.929299	0.929385	34
2025.09.08 09:07	0.929385	0.92942	0.929351	0.929394	47
2025.09.08 09:08	0.929403	0.929454	0.929394	0.929411	35
2025.09.08 09:09	0.929403	0.929428	0.929213	0.929213	49
2025.09.08 09:10	0.929221	0.929377	0.929187	0.929368	42
2025.09.08 09:11	0.929368	0.929368	0.929256	0.929351	40
2025.09.08 09:12	0.929342	0.929351	0.929221	0.929247	52
2025.09.08 09:13	0.929247	0.929282	0.929152	0.929213	50
2025.09.08 09:14	0.92923	0.929308	0.929152	0.929238	69
2025.09.08 09:15	0.929238	0.929299	0.928971	0.92904	71
2025.09.08 09:16	0.92904	0.92904	0.92891	0.928971	56
2025.09.08 09:17	0.928971	0.92898	0.928885	0.928919	56
2025.09.08 09:18	0.92891	0.929092	0.928885	0.92891	46
2025.09.08 09:19	0.928902	0.929031	0.928876	0.928962	36
2025.09.08 09:20	0.928962	0.928997	0.928902	0.928902	53
2025.09.08 09:21	0.92891	0.928928	0.928798	0.928876	50
2025.09.08 09:22	0.928876	0.929066	0.92885	0.929066	54
2025.09.08 09:23	0.929066	0.929299	0.929066	0.929273	52
2025.09.08 09:24	0.929273	0.929394	0.929161	0.929316	40
2025.09.08 09:25	0.929308	0.929342	0.929187	0.929238	55
2025.09.08 09:26	0.929256	0.929299	0.929221	0.929238	47
2025.09.08 09:27	0.929247	0.929247	0.929187	0.929204	48
2025.09.08 09:28	0.929204	0.929204	0.929126	0.929169	42
2025.09.08 09:29	0.929169	0.929195	0.929092	0.929195	56
2025.09.08 09:30	0.929178	0.929221	0.92904	0.929074	66
2025.09.08 09:31	0.929074	0.92923	0.929031	0.92923	57
2025.09.08 09:32	0.929238	0.929351	0.929213	0.929316	55
2025.09.08 09:33	0.929325	0.929489	0.929325	0.929463	50
2025.09.08 09:34	0.929472	0.929541	0.929411	0.929489	48
2025.09.08 09:35	0.929498	0.929524	0.929377	0.92942	62
2025.09.08 09:36	0.929437	0.92948	0.929264	0.929342	55
2025.09.08 09:37	0.929342	0.929351	0.929256	0.929264	32
2025.09.08 09:38	0.929256	0.92929	0.929213	0.92929	42
2025.09.08 09:39	0.92929	0.929394	0.92929	0.929377	51
2025.09.08 09:40	0.929368	0.929394	0.929204	0.929221	54
2025.09.08 09:41	0.929213	0.929238	0.929074	0.929152	59
2025.09.08 09:42	0.929152	0.929299	0.929152	0.929299	44
2025.09.08 09:43	0.929256	0.929308	0.929144	0.92929	39
2025.09.08 09:44	0.929247	0.929273	0.929152	0.929238	51
2025.09.08 09:45	0.929238	0.929238	0.929023	0.929031	45
2025.09.08 09:46	0.929031	0.929083	0.928945	0.928954	42
2025.09.08 09:47	0.928962	0.929049	0.928928	0.928988	48
2025.09.08 09:48	0.928997	0.929083	0.928962	0.929074	39
2025.09.08 09:49	0.929049	0.929049	0.928919	0.928928	41
2025.09.08 09:50	0.928928	0.928988	0.928867	0.928988	43
2025.09.08 09:51	0.92898	0.929049	0.928885	0.928962	73
2025.09.08 09:52	0.928954	0.928971	0.928798	0.928798	75
2025.09.08 09:53	0.928816	0.928885	0.928755	0.92885	54
2025.09.08 09:54	0.928859	0.928928	0.928833	0.928841	48
2025.09.08 09:55	0.92885	0.928876	0.928816	0.928876	35
2025.09.08 09:56	0.928876	0.928971	0.92879	0.92891	53
2025.09.08 09:57	0.928893	0.928936	0.928859	0.928885	34
2025.09.08 09:58	0.928893	0.928962	0.928833	0.928833	52
2025.09.08 09:59	0.928824	0.928867	0.928772	0.928824	55
2025.09.08 10:00	0.928824	0.929126	0.928807	0.929014	80
2025.09.08 10:01	0.929005	0.929023	0.928893	0.928954	62
2025.09.08 10:02	0.928954	0.929195	0.928928	0.929195	68
2025.09.08 10:03	0.929195	0.929238	0.929092	0.929144	67
2025.09.08 10:04	0.929152	0.929152	0.92904	0.929083	58
2025.09.08 10:05	0.929083	0.929109	0.928928	0.928936	60
2025.09.08 10:06	0.928945	0.92904	0.92891	0.928988	44
2025.09.08 10:07	0.92898	0.929066	0.928902	0.929005	62
2025.09.08 10:08	0.928997	0.929057	0.928919	0.928936	34
2025.09.08 10:09	0.928936	0.929144	0.928919	0.929074	55
2025.09.08 10:10	0.929066	0.929135	0.928971	0.92898	43
2025.09.08 10:11	0.928971	0.928971	0.928695	0.928755	52
2025.09.08 10:12	0.928764	0.928764	0.928617	0.928686	56
2025.09.08 10:13	0.928686	0.928747	0.928609	0.928678	51
2025.09.08 10:14	0.928686	0.928798	0.928626	0.928721	56
2025.09.08 10:15	0.928721	0.928798	0.928626	0.928634	46
2025.09.08 10:16	0.928634	0.928695	0.928522	0.928669	57
2025.09.08 10:17	0.92866	0.928867	0.928634	0.928798	56
2025.09.08 10:18	0.928807	0.928902	0.928798	0.92885	48
2025.09.08 10:19	0.928876	0.92904	0.928859	0.929005	55
2025.09.08 10:20	0.929014	0.929023	0.928928	0.928945	37
2025.09.08 10:21	0.928945	0.92904	0.928928	0.929031	60
2025.09.08 10:22	0.929023	0.929247	0.929023	0.929238	43
2025.09.08 10:23	0.929238	0.929238	0.92898	0.929023	44
2025.09.08 10:24	0.929005	0.929023	0.928919	0.928928	58
2025.09.08 10:25	0.92891	0.928919	0.928824	0.928867	55
2025.09.08 10:26	0.928893	0.928962	0.928807	0.928962	46
2025.09.08 10:27	0.928971	0.929195	0.928962	0.929152	51
2025.09.08 10:28	0.929126	0.929126	0.929066	0.929083	50
2025.09.08 10:29	0.929083	0.929152	0.929074	0.929109	56
2025.09.08 10:30	0.929109	0.92929	0.929049	0.929204	55
2025.09.08 10:31	0.929187	0.92923	0.929126	0.929204	72
2025.09.08 10:32	0.929195	0.929256	0.929023	0.929023	53
2025.09.08 10:33	0.929023	0.929083	0.928988	0.928997	34
2025.09.08 10:34	0.929005	0.929083	0.928997	0.929083	56
2025.09.08 10:35	0.929083	0.929126	0.928971	0.928988	53
2025.09.08 10:36	0.92898	0.929213	0.928971	0.929092	68
2025.09.08 10:37	0.929092	0.929135	0.928988	0.929023	58
2025.09.08 10:38	0.92904	0.929118	0.928988	0.929066	41
2025.09.08 10:39	0.929074	0.929161	0.929005	0.929092	56
2025.09.08 10:40	0.929092	0.929109	0.928971	0.929023	56
2025.09.08 10:41	0.929014	0.9291	0.928988	0.929092	52
2025.09.08 10:42	0.9291	0.9291	0.928988	0.929057	47
2025.09.08 10:43	0.929057	0.929152	0.929014	0.9291	71
2025.09.08 10:44	0.929092	0.929118	0.929023	0.9291	52
2025.09.08 10:45	0.929109	0.929135	0.929049	0.929074	57
2025.09.08 10:46	0.929083	0.929213	0.929074	0.929152	56
2025.09.08 10:47	0.929161	0.929204	0.929083	0.929161	53
2025.09.08 10:48	0.929161	0.929273	0.929152	0.929264	45
2025.09.08 10:49	0.929273	0.929385	0.929264	0.929377	47
2025.09.08 10:50	0.929385	0.929454	0.929299	0.929437	57
2025.09.08 10:51	0.929428	0.929541	0.929385	0.929446	51
2025.09.08 10:52	0.929446	0.929636	0.929446	0.92961	34
2025.09.08 10:53	0.92961	0.929696	0.929593	0.929645	41
2025.09.08 10:54	0.929636	0.929791	0.92961	0.92974	44
2025.09.08 10:55	0.929731	0.929895	0.929653	0.929783	61
2025.09.08 10:56	0.929791	0.929887	0.929748	0.929809	48
2025.09.08 10:57	0.929817	0.929895	0.929757	0.929835	58
2025.09.08 10:58	0.929826	0.929826	0.92974	0.929791	63
2025.09.08 10:59	0.9298	0.929835	0.929662	0.929783	57
2025.09.08 11:00	0.929748	0.930008	0.929705	0.929964	72
2025.09.08 11:01	0.929956	0.930016	0.929878	0.929938	73
2025.09.08 11:02	0.929938	0.929999	0.929895	0.929999	62
2025.09.08 11:03	0.929999	0.930129	0.929947	0.929973	80
2025.09.08 11:04	0.929982	0.929999	0.929843	0.929982	72
2025.09.08 11:05	0.929982	0.92999	0.929766	0.929861	64
2025.09.08 11:06	0.929861	0.929921	0.929791	0.929887	55
2025.09.08 11:07	0.929869	0.929947	0.929826	0.929869	40
2025.09.08 11:08	0.929869	0.929878	0.929783	0.929791	56
2025.09.08 11:09	0.929791	0.929861	0.929722	0.929757	58
2025.09.08 11:10	0.929757	0.929861	0.929714	0.929766	54
2025.09.08 11:11	0.929757	0.929774	0.929541	0.929584	51
2025.09.08 11:12	0.929593	0.92961	0.929515	0.929541	44
2025.09.08 11:13	0.929541	0.929679	0.929532	0.929619	38
2025.09.08 11:14	0.929593	0.929619	0.929532	0.92961	45
2025.09.08 11:15	0.929619	0.929627	0.929454	0.929619	63
2025.09.08 11:16	0.929601	0.929705	0.929446	0.929472	75
2025.09.08 11:17	0.929489	0.929524	0.929403	0.929472	61
2025.09.08 11:18	0.929472	0.929506	0.929273	0.929282	32
2025.09.08 11:19	0.929273	0.929351	0.92923	0.929299	49
2025.09.08 11:20	0.929299	0.929342	0.929247	0.929316	45
2025.09.08 11:21	0.929308	0.929549	0.929308	0.929489	45
2025.09.08 11:22	0.929498	0.929506	0.929385	0.929446	52
2025.09.08 11:23	0.929463	0.929489	0.929385	0.92942	56
2025.09.08 11:24	0.929411	0.929567	0.929411	0.929567	49
2025.09.08 11:25	0.929558	0.929688	0.929524	0.929549	51
2025.09.08 11:26	0.929549	0.929645	0.929524	0.929636	53
2025.09.08 11:27	0.929636	0.929636	0.929515	0.929541	51
2025.09.08 11:28	0.929532	0.92974	0.929524	0.929722	48
2025.09.08 11:29	0.929722	0.929757	0.92961	0.929679	46
2025.09.08 11:30	0.929679	0.929938	0.929627	0.929938	54
2025.09.08 11:31	0.92993	0.929938	0.929826	0.929912	47
2025.09.08 11:32	0.929895	0.92993	0.929861	0.929887	39
2025.09.08 11:33	0.929887	0.929938	0.929783	0.929904	35
2025.09.08 11:34	0.929852	0.92993	0.9298	0.929843	42
2025.09.08 11:35	0.929852	0.929861	0.92974	0.929843	39
2025.09.08 11:36	0.929843	0.929887	0.929817	0.929878	41
2025.09.08 11:37	0.929878	0.929956	0.929861	0.929938	46
2025.09.08 11:38	0.929938	0.929938	0.929861	0.929904	38
2025.09.08 11:39	0.929861	0.929964	0.929861	0.929956	38
2025.09.08 11:40	0.929964	0.92999	0.929766	0.929843	52
2025.09.08 11:41	0.929835	0.929973	0.929817	0.929878	51
2025.09.08 11:42	0.929869	0.92993	0.929843	0.92993	41
2025.09.08 11:43	0.929895	0.929904	0.929817	0.929835	50
2025.09.08 11:44	0.929843	0.929973	0.929826	0.929964	38
2025.09.08 11:45	0.929982	0.930034	0.929895	0.930016	46
2025.09.08 11:46	0.930008	0.930068	0.929921	0.929938	43
2025.09.08 11:47	0.929938	0.929938	0.929826	0.929843	43
2025.09.08 11:48	0.929852	0.929852	0.9298	0.9298	39
2025.09.08 11:49	0.929809	0.929843	0.929774	0.929826	31
2025.09.08 11:50	0.929835	0.929878	0.92974	0.929757	37
2025.09.08 11:51	0.929774	0.929938	0.929766	0.929878	23
2025.09.08 11:52	0.929878	0.929956	0.929783	0.929904	39
2025.09.08 11:53	0.929895	0.930085	0.929878	0.93006	76
2025.09.08 11:54	0.93006	0.930137	0.930034	0.930042	47
2025.09.08 11:55	0.930042	0.930077	0.929956	0.929964	50
2025.09.08 11:56	0.929973	0.930016	0.929964	0.92999	28
2025.09.08 11:57	0.92999	0.930008	0.929956	0.929956	34
2025.09.08 11:58	0.929973	0.929973	0.929826	0.929887	60
2025.09.08 11:59	0.929895	0.929956	0.929852	0.929852	34
2025.09.08 12:00	0.929843	0.929956	0.9298	0.929921	56
2025.09.08 12:01	0.92993	0.929947	0.929835	0.929921	51
2025.09.08 12:02	0.929921	0.929947	0.929878	0.929947	40
2025.09.08 12:03	0.929947	0.929964	0.92967	0.929705	54
2025.09.08 12:04	0.929696	0.929826	0.929696	0.929731	42
2025.09.08 12:05	0.929731	0.929748	0.929696	0.929731	28
2025.09.08 12:06	0.929766	0.929861	0.929748	0.929774	42
2025.09.08 12:07	0.929791	0.929852	0.929774	0.929852	34
2025.09.08 12:08	0.929852	0.929869	0.929679	0.929688	37
2025.09.08 12:09	0.929696	0.929748	0.929619	0.929696	47
2025.09.08 12:10	0.929705	0.929748	0.929532	0.92961	48
2025.09.08 12:11	0.92961	0.929662	0.929567	0.929653	43
2025.09.08 12:12	0.929653	0.929662	0.929567	0.929567	51
2025.09.08 12:13	0.929567	0.929627	0.929506	0.92961	43
2025.09.08 12:14	0.929593	0.929722	0.929575	0.929662	40
2025.09.08 12:15	0.929679	0.92974	0.929645	0.92974	40
2025.09.08 12:16	0.92974	0.929826	0.92974	0.929774	32
2025.09.08 12:17	0.929757	0.929783	0.929688	0.929783	36
2025.09.08 12:18	0.929774	0.9298	0.929679	0.929722	32
2025.09.08 12:19	0.929722	0.929722	0.929645	0.929662	30
2025.09.08 12:20	0.929662	0.929722	0.929627	0.929696	34
2025.09.08 12:21	0.929688	0.929809	0.92967	0.9298	43
2025.09.08 12:22	0.929809	0.929817	0.929722	0.929766	70
2025.09.08 12:23	0.929748	0.929748	0.929696	0.92974	28
2025.09.08 12:24	0.92974	0.92974	0.929679	0.929679	36
2025.09.08 12:25	0.929679	0.929696	0.929627	0.929696	43
2025.09.08 12:26	0.929696	0.929722	0.929627	0.929714	44
2025.09.08 12:27	0.929705	0.929757	0.929653	0.929653	43
2025.09.08 12:28	0.929653	0.929705	0.929619	0.929645	45
2025.09.08 12:29	0.929662	0.929705	0.929584	0.929627	51
2025.09.08 12:30	0.929619	0.929645	0.929532	0.929601	37
2025.09.08 12:31	0.929601	0.929696	0.929584	0.929584	44
2025.09.08 12:32	0.929575	0.929714	0.929575	0.92967	31
2025.09.08 12:33	0.929662	0.929688	0.92948	0.929489	40
2025.09.08 12:34	0.92948	0.929515	0.92942	0.929506	33
2025.09.08 12:35	0.929506	0.929515	0.929368	0.929394	36
2025.09.08 12:36	0.929403	0.929472	0.929359	0.929472	32
2025.09.08 12:37	0.929463	0.929472	0.929377	0.929446	30
2025.09.08 12:38	0.929437	0.929575	0.929385	0.929575	39
2025.09.08 12:39	0.929575	0.929619	0.929506	0.929506	24
2025.09.08 12:40	0.929506	0.929515	0.929428	0.92948	27
2025.09.08 12:41	0.929489	0.929489	0.929411	0.929411	18
2025.09.08 12:42	0.92942	0.929446	0.929411	0.929437	22
2025.09.08 12:43	0.929411	0.929549	0.929385	0.929524	28
2025.09.08 12:44	0.929506	0.929532	0.929463	0.929489	26
2025.09.08 12:45	0.929489	0.929489	0.92942	0.929472	29
2025.09.08 12:46	0.929472	0.929541	0.929472	0.92948	15
2025.09.08 12:47	0.929472	0.929584	0.929463	0.929541	37
2025.09.08 12:48	0.929541	0.929627	0.929524	0.929619	30
2025.09.08 12:49	0.929619	0.929714	0.929593	0.929645	41
2025.09.08 12:50	0.929645	0.929679	0.929567	0.929601	44
2025.09.08 12:51	0.929601	0.929696	0.929558	0.929696	49
2025.09.08 12:52	0.929696	0.929696	0.929601	0.929653	46
2025.09.08 12:53	0.929662	0.929662	0.929593	0.929636	29
2025.09.08 12:54	0.929636	0.929662	0.929549	0.929567	16
2025.09.08 12:55	0.929558	0.929575	0.929515	0.929575	26
2025.09.08 12:56	0.929584	0.929593	0.929506	0.929593	24
2025.09.08 12:57	0.929593	0.929593	0.929437	0.929567	47
2025.09.08 12:58	0.929575	0.929575	0.92948	0.929524	46
2025.09.08 12:59	0.929532	0.929636	0.929498	0.929541	41
2025.09.08 13:00	0.929567	0.929619	0.929524	0.929601	49
2025.09.08 13:01	0.929593	0.929645	0.929532	0.929619	47
2025.09.08 13:02	0.92961	0.929653	0.929575	0.92961	23
2025.09.08 13:03	0.929601	0.929852	0.929601	0.929774	59
2025.09.08 13:04	0.929766	0.929852	0.929679	0.9298	45
2025.09.08 13:05	0.929791	0.929843	0.929575	0.92961	64
2025.09.08 13:06	0.929619	0.929619	0.929454	0.929524	42
2025.09.08 13:07	0.929524	0.929601	0.929498	0.929549	44
2025.09.08 13:08	0.929541	0.929549	0.929498	0.929541	24
2025.09.08 13:09	0.929549	0.929549	0.929394	0.929437	33
2025.09.08 13:10	0.929454	0.929454	0.929299	0.929308	28
2025.09.08 13:11	0.929316	0.929385	0.929308	0.929308	34
2025.09.08 13:12	0.929308	0.929428	0.929299	0.929428	34
2025.09.08 13:13	0.929411	0.929428	0.929351	0.929403	43
2025.09.08 13:14	0.929394	0.929524	0.929394	0.929394	33
2025.09.08 13:15	0.929403	0.929437	0.929299	0.929342	46
2025.09.08 13:16	0.929333	0.929428	0.929333	0.929394	33
2025.09.08 13:17	0.929385	0.929437	0.929213	0.929264	41
2025.09.08 13:18	0.929282	0.92929	0.929238	0.929282	14
2025.09.08 13:19	0.929299	0.929403	0.92929	0.929368	30
2025.09.08 13:20	0.929377	0.929385	0.929325	0.929368	37
2025.09.08 13:21	0.929368	0.929446	0.929308	0.929446	45
2025.09.08 13:22	0.929454	0.929463	0.929403	0.929446	33
2025.09.08 13:23	0.929454	0.929454	0.929394	0.929394	20
2025.09.08 13:24	0.929394	0.929394	0.929359	0.929394	19
2025.09.08 13:25	0.929394	0.929498	0.929394	0.929437	33
2025.09.08 13:26	0.929437	0.929489	0.929368	0.929489	32
2025.09.08 13:27	0.929472	0.929506	0.929351	0.929359	39
2025.09.08 13:28	0.929368	0.929377	0.929316	0.929351	24
2025.09.08 13:29	0.929351	0.929524	0.929351	0.929437	45
2025.09.08 13:30	0.929428	0.929515	0.929403	0.929454	55
2025.09.08 13:31	0.929437	0.929567	0.929411	0.929567	52
2025.09.08 13:32	0.929558	0.929575	0.929549	0.929549	24
2025.09.08 13:33	0.929549	0.929584	0.92942	0.92948	38
2025.09.08 13:34	0.929489	0.929515	0.929394	0.929428	29
2025.09.08 13:35	0.929411	0.929506	0.929359	0.929368	52
2025.09.08 13:36	0.929359	0.929394	0.9291	0.929152	66
2025.09.08 13:37	0.929152	0.929308	0.929152	0.929169	43
2025.09.08 13:38	0.929169	0.929178	0.929066	0.929066	28
2025.09.08 13:39	0.929057	0.92923	0.929049	0.929178	38
2025.09.08 13:40	0.929169	0.929342	0.929144	0.929152	66
2025.09.08 13:41	0.929144	0.929238	0.929144	0.929169	44
2025.09.08 13:42	0.929178	0.929506	0.929178	0.929437	56
2025.09.08 13:43	0.929437	0.929541	0.929394	0.929411	58
2025.09.08 13:44	0.929403	0.929549	0.929377	0.929377	60
2025.09.08 13:45	0.929368	0.92961	0.929333	0.929575	45
2025.09.08 13:46	0.929584	0.929619	0.929454	0.929515	49
2025.09.08 13:47	0.929515	0.929567	0.92948	0.929549	33
2025.09.08 13:48	0.929558	0.929688	0.929506	0.929506	32
2025.09.08 13:49	0.929498	0.929653	0.929446	0.92961	57
2025.09.08 13:50	0.92961	0.929679	0.929558	0.92967	60
2025.09.08 13:51	0.92967	0.92967	0.929472	0.929549	51
2025.09.08 13:52	0.929541	0.929541	0.929463	0.929489	38
2025.09.08 13:53	0.929446	0.929636	0.929446	0.929446	58
2025.09.08 13:54	0.929446	0.929679	0.929437	0.929567	59
2025.09.08 13:55	0.929575	0.929601	0.929446	0.929472	56
2025.09.08 13:56	0.929463	0.929645	0.929454	0.929498	67
2025.09.08 13:57	0.929489	0.929558	0.929411	0.92948	68
2025.09.08 13:58	0.929489	0.929498	0.929316	0.929359	69
2025.09.08 13:59	0.929368	0.929368	0.929152	0.92929	53
2025.09.08 14:00	0.929299	0.929411	0.929195	0.92923	78
2025.09.08 14:01	0.92923	0.929394	0.929221	0.929394	54
2025.09.08 14:02	0.929394	0.929774	0.929368	0.929722	65
2025.09.08 14:03	0.929714	0.929783	0.929584	0.929645	55
2025.09.08 14:04	0.929619	0.929843	0.92961	0.929731	47
2025.09.08 14:05	0.929722	0.929722	0.929584	0.929653	54
2025.09.08 14:06	0.929662	0.929826	0.92961	0.929714	40
2025.09.08 14:07	0.929705	0.929714	0.929472	0.929472	38
2025.09.08 14:08	0.929524	0.929627	0.929524	0.929541	39
2025.09.08 14:09	0.929532	0.92961	0.92948	0.92948	30
2025.09.08 14:10	0.929515	0.929515	0.929463	0.929463	31
2025.09.08 14:11	0.929463	0.92948	0.929428	0.92948	31
2025.09.08 14:12	0.929472	0.929532	0.929463	0.929532	47
2025.09.08 14:13	0.929532	0.929549	0.929377	0.929437	44
2025.09.08 14:14	0.929446	0.929472	0.929342	0.929394	34
2025.09.08 14:15	0.929385	0.929472	0.929351	0.929403	54
2025.09.08 14:16	0.929394	0.929549	0.929368	0.929549	31
2025.09.08 14:17	0.929549	0.929549	0.929437	0.929463	26
2025.09.08 14:18	0.929472	0.929549	0.929437	0.929532	36
2025.09.08 14:19	0.929532	0.929549	0.929489	0.929524	39
2025.09.08 14:20	0.929524	0.929567	0.929463	0.929541	38
2025.09.08 14:21	0.929541	0.929558	0.92942	0.929524	42
2025.09.08 14:22	0.929515	0.929515	0.929437	0.929489	22
2025.09.08 14:23	0.929489	0.929567	0.929454	0.929558	31
2025.09.08 14:24	0.929558	0.929619	0.929463	0.92948	51
2025.09.08 14:25	0.929472	0.929558	0.929437	0.929524	41
2025.09.08 14:26	0.929506	0.929558	0.929359	0.929359	50
2025.09.08 14:27	0.929351	0.929394	0.929333	0.929333	34
2025.09.08 14:28	0.929333	0.929394	0.929325	0.929394	22
2025.09.08 14:29	0.929394	0.929437	0.929359	0.929359	22
2025.09.08 14:30	0.929351	0.929403	0.929299	0.929368	43
2025.09.08 14:31	0.929368	0.92942	0.929273	0.929299	40
2025.09.08 14:32	0.92929	0.929316	0.929178	0.929195	48
2025.09.08 14:33	0.929169	0.929359	0.929152	0.929264	50
2025.09.08 14:34	0.929264	0.929351	0.929195	0.92923	48
2025.09.08 14:35	0.929221	0.929316	0.929135	0.929161	51
2025.09.08 14:36	0.929161	0.929161	0.928962	0.928962	54
2025.09.08 14:37	0.928971	0.929049	0.928902	0.928997	51
2025.09.08 14:38	0.929005	0.929135	0.928962	0.929126	38
2025.09.08 14:39	0.9291	0.9291	0.928971	0.92904	43
2025.09.08 14:40	0.92904	0.929049	0.928893	0.928893	40
2025.09.08 14:41	0.92891	0.929109	0.928876	0.92898	47
2025.09.08 14:42	0.92898	0.928988	0.928893	0.928988	48
2025.09.08 14:43	0.929005	0.929195	0.929005	0.929195	40
2025.09.08 14:44	0.929195	0.929316	0.929195	0.92929	42
2025.09.08 14:45	0.92929	0.929316	0.929126	0.929178	51
2025.09.08 14:46	0.929178	0.92929	0.929135	0.929213	38
2025.09.08 14:47	0.929213	0.929256	0.929161	0.929238	33
2025.09.08 14:48	0.929221	0.929299	0.929195	0.929256	33
2025.09.08 14:49	0.929256	0.929256	0.929118	0.929144	35
2025.09.08 14:50	0.929152	0.929152	0.928919	0.928936	43
2025.09.08 14:51	0.928945	0.928988	0.928885	0.928962	49
2025.09.08 14:52	0.928962	0.929083	0.928885	0.928893	48
2025.09.08 14:53	0.928893	0.928893	0.928764	0.928781	41
2025.09.08 14:54	0.92879	0.928833	0.928669	0.928703	38
2025.09.08 14:55	0.928686	0.928738	0.928505	0.928729	57
2025.09.08 14:56	0.928747	0.92879	0.928678	0.92879	47
2025.09.08 14:57	0.928798	0.928893	0.928729	0.928876	52
2025.09.08 14:58	0.928876	0.92891	0.928738	0.928816	45
2025.09.08 14:59	0.928816	0.929005	0.928798	0.928997	39
2025.09.08 15:00	0.928962	0.929014	0.928902	0.928954	53
2025.09.08 15:01	0.928945	0.929057	0.928919	0.928954	56
2025.09.08 15:02	0.928954	0.929005	0.928867	0.928902	40
2025.09.08 15:03	0.92891	0.929031	0.928902	0.929014	36
2025.09.08 15:04	0.929005	0.929066	0.928988	0.929023	37
2025.09.08 15:05	0.929023	0.929169	0.929023	0.929169	51
2025.09.08 15:06	0.929169	0.929299	0.929169	0.929299	38
2025.09.08 15:07	0.929308	0.929446	0.92929	0.929299	54
2025.09.08 15:08	0.92929	0.929437	0.92929	0.929437	43
2025.09.08 15:09	0.92942	0.929489	0.929333	0.929377	65
2025.09.08 15:10	0.929368	0.92961	0.929368	0.929394	49
2025.09.08 15:11	0.929394	0.929472	0.929325	0.929472	47
2025.09.08 15:12	0.929463	0.929489	0.929368	0.929403	53
2025.09.08 15:13	0.929377	0.929437	0.92929	0.929308	51
2025.09.08 15:14	0.929308	0.929368	0.92929	0.929316	35
2025.09.08 15:15	0.929325	0.929394	0.929282	0.929325	53
2025.09.08 15:16	0.929325	0.929342	0.929213	0.929213	40
2025.09.08 15:17	0.929213	0.929394	0.929195	0.929385	59
2025.09.08 15:18	0.929403	0.929411	0.929247	0.929299	47
2025.09.08 15:19	0.929299	0.929394	0.929256	0.929385	41
2025.09.08 15:20	0.929385	0.929446	0.929308	0.929411	46
2025.09.08 15:21	0.929411	0.929437	0.929238	0.929299	46
2025.09.08 15:22	0.929264	0.929394	0.929256	0.929333	42
2025.09.08 15:23	0.929325	0.929403	0.929247	0.929256	57
2025.09.08 15:24	0.929264	0.929264	0.929066	0.929109	47
2025.09.08 15:25	0.929126	0.929126	0.928988	0.929014	52
2025.09.08 15:26	0.929014	0.929083	0.928945	0.929074	48
2025.09.08 15:27	0.929083	0.929083	0.928893	0.929031	31
2025.09.08 15:28	0.929031	0.929031	0.928893	0.92898	57
2025.09.08 15:29	0.928971	0.929031	0.928876	0.928936	59
2025.09.08 15:30	0.928936	0.929005	0.928867	0.928885	71
2025.09.08 15:31	0.92885	0.92898	0.928841	0.928945	60
2025.09.08 15:32	0.928954	0.929014	0.928867	0.928867	69
2025.09.08 15:33	0.928841	0.928919	0.928798	0.928885	61
2025.09.08 15:34	0.928885	0.928997	0.928859	0.928893	54
2025.09.08 15:35	0.928876	0.929083	0.928876	0.92898	58
2025.09.08 15:36	0.928988	0.929031	0.928798	0.928798	64
2025.09.08 15:37	0.92879	0.928816	0.928669	0.928686	64
2025.09.08 15:38	0.928678	0.928833	0.928678	0.92879	43
2025.09.08 15:39	0.92879	0.928816	0.928617	0.928626	49
2025.09.08 15:40	0.928617	0.928617	0.928488	0.928591	65
2025.09.08 15:41	0.928591	0.928678	0.928471	0.928626	54
2025.09.08 15:42	0.928626	0.928652	0.928531	0.928634	54
2025.09.08 15:43	0.928643	0.928695	0.928609	0.928626	35
2025.09.08 15:44	0.928634	0.928764	0.928626	0.928738	46
2025.09.08 15:45	0.928764	0.928798	0.928695	0.928764	33
2025.09.08 15:46	0.928764	0.928841	0.928729	0.928781	51
2025.09.08 15:47	0.92879	0.929083	0.92879	0.929083	63
2025.09.08 15:48	0.929083	0.929213	0.92898	0.929144	49
2025.09.08 15:49	0.929161	0.92929	0.929057	0.929152	63
2025.09.08 15:50	0.929161	0.929342	0.929152	0.929178	49
2025.09.08 15:51	0.929195	0.929247	0.929074	0.929109	64
2025.09.08 15:52	0.9291	0.929256	0.92904	0.929221	65
2025.09.08 15:53	0.929178	0.929221	0.929118	0.929135	72
2025.09.08 15:54	0.929126	0.929204	0.929092	0.929195	47
2025.09.08 15:55	0.929204	0.929325	0.929195	0.929238	55
2025.09.08 15:56	0.92923	0.929316	0.929057	0.929204	95
2025.09.08 15:57	0.929195	0.929221	0.9291	0.929195	55
2025.09.08 15:58	0.929187	0.929308	0.929187	0.929282	69
2025.09.08 15:59	0.929273	0.929282	0.929161	0.929247	45
2025.09.08 16:00	0.929256	0.929385	0.929144	0.929316	81
2025.09.08 16:01	0.929316	0.929446	0.929282	0.929403	63
2025.09.08 16:02	0.929446	0.929558	0.929411	0.929515	62
2025.09.08 16:03	0.929506	0.929679	0.929463	0.929593	52
2025.09.08 16:04	0.929584	0.929688	0.929567	0.929636	54
2025.09.08 16:05	0.929645	0.929714	0.929584	0.929653	51
2025.09.08 16:06	0.92961	0.929619	0.929394	0.929411	49
2025.09.08 16:07	0.929411	0.929593	0.929403	0.929575	50
2025.09.08 16:08	0.929584	0.929748	0.929575	0.929731	49
2025.09.08 16:09	0.929766	0.929869	0.929705	0.929714	56
2025.09.08 16:10	0.929714	0.929947	0.92967	0.929938	44
2025.09.08 16:11	0.92993	0.92993	0.929809	0.929895	59
2025.09.08 16:12	0.929895	0.92999	0.929843	0.929912	49
2025.09.08 16:13	0.929912	0.930042	0.929843	0.929973	81
2025.09.08 16:14	0.929973	0.930189	0.929973	0.930111	79
2025.09.08 16:15	0.93012	0.930189	0.930025	0.930189	56
2025.09.08 16:16	0.930181	0.930198	0.930077	0.930085	59
2025.09.08 16:17	0.930085	0.930163	0.930008	0.930016	66
2025.09.08 16:18	0.930008	0.930189	0.92999	0.930146	57
2025.09.08 16:19	0.930155	0.930163	0.930042	0.930111	52
2025.09.08 16:20	0.930111	0.930207	0.930111	0.930207	52
2025.09.08 16:21	0.930207	0.930259	0.930077	0.930085	55
2025.09.08 16:22	0.930068	0.930146	0.929982	0.930034	66
2025.09.08 16:23	0.930034	0.930189	0.930025	0.930189	55
2025.09.08 16:24	0.930181	0.930181	0.930094	0.930111	38
2025.09.08 16:25	0.930137	0.930241	0.930094	0.930155	54
2025.09.08 16:26	0.930163	0.930172	0.930094	0.930094	36
2025.09.08 16:27	0.930094	0.930129	0.929964	0.929982	41
2025.09.08 16:28	0.92999	0.930155	0.92999	0.930129	45
2025.09.08 16:29	0.93012	0.930224	0.930094	0.930129	47
2025.09.08 16:30	0.930111	0.930189	0.930025	0.930163	45
2025.09.08 16:31	0.930155	0.930198	0.93006	0.930103	18
2025.09.08 16:32	0.930103	0.930233	0.930051	0.930224	48
2025.09.08 16:33	0.930233	0.930276	0.930129	0.930163	46
2025.09.08 16:34	0.930155	0.930181	0.930034	0.930051	71
2025.09.08 16:35	0.930051	0.930068	0.929861	0.929887	70
2025.09.08 16:36	0.929878	0.930094	0.929869	0.930008	67
2025.09.08 16:37	0.930008	0.930016	0.929809	0.929861	68
2025.09.08 16:38	0.929869	0.929904	0.929714	0.92974	60
2025.09.08 16:39	0.929731	0.929783	0.929662	0.929766	56
2025.09.08 16:40	0.929774	0.929852	0.92974	0.929835	54
2025.09.08 16:41	0.929843	0.929964	0.929809	0.929869	46
2025.09.08 16:42	0.929861	0.930042	0.929861	0.929956	58
2025.09.08 16:43	0.929964	0.930068	0.929912	0.930068	55
2025.09.08 16:44	0.930068	0.930085	0.92993	0.92999	56
2025.09.08 16:45	0.92999	0.930129	0.929887	0.930034	73
2025.09.08 16:46	0.929999	0.930181	0.929973	0.930172	65
2025.09.08 16:47	0.930163	0.930189	0.930025	0.930025	54
2025.09.08 16:48	0.930016	0.930042	0.929722	0.9298	64
2025.09.08 16:49	0.9298	0.93006	0.9298	0.930016	62
2025.09.08 16:50	0.930025	0.930068	0.930008	0.930051	10
2025.09.08 16:51	0.930293	0.930336	0.930207	0.93031	52
2025.09.08 16:52	0.930319	0.930406	0.930319	0.930336	56
2025.09.08 16:53	0.930336	0.93038	0.930241	0.930319	61
2025.09.08 16:54	0.930319	0.930319	0.930016	0.930051	68
2025.09.08 16:55	0.930051	0.930284	0.929956	0.929956	64
2025.09.08 16:56	0.929956	0.930319	0.929938	0.930259	83
2025.09.08 16:57	0.930233	0.930449	0.930233	0.930371	71
2025.09.08 16:58	0.930406	0.930587	0.93038	0.930544	80
2025.09.08 16:59	0.930536	0.930562	0.930371	0.93038	59
2025.09.08 17:00	0.930388	0.930518	0.930284	0.930328	97
2025.09.08 17:01	0.930319	0.930613	0.930302	0.930536	82
2025.09.08 17:02	0.930536	0.93057	0.930371	0.930449	73
2025.09.08 17:03	0.93044	0.930596	0.93044	0.930587	63
2025.09.08 17:04	0.930596	0.930639	0.930475	0.930562	68
2025.09.08 17:05	0.930553	0.930605	0.930432	0.930587	88
2025.09.08 17:06	0.930596	0.930683	0.930544	0.930613	63
2025.09.08 17:07	0.930622	0.930761	0.930544	0.930639	78
2025.09.08 17:08	0.930639	0.930639	0.930484	0.930596	71
2025.09.08 17:09	0.930605	0.9307	0.930527	0.930579	61
2025.09.08 17:10	0.93057	0.930752	0.930544	0.930752	48
2025.09.08 17:11	0.930735	0.930752	0.93051	0.930562	80
2025.09.08 17:12	0.93057	0.930631	0.930414	0.930432	65
2025.09.08 17:13	0.930397	0.930631	0.930388	0.930527	65
2025.09.08 17:14	0.93051	0.930709	0.930501	0.930648	79
2025.09.08 17:15	0.930657	0.930709	0.930518	0.930605	83
2025.09.08 17:16	0.930613	0.930726	0.930587	0.930622	62
2025.09.08 17:17	0.930622	0.930804	0.930605	0.930761	53
2025.09.08 17:18	0.930761	0.93083	0.930674	0.930778	60
2025.09.08 17:19	0.93083	0.93083	0.930562	0.930613	61
2025.09.08 17:20	0.930613	0.930717	0.930492	0.930518	61
2025.09.08 17:21	0.930518	0.930622	0.930449	0.930579	59
2025.09.08 17:22	0.93057	0.930613	0.930345	0.930423	70
2025.09.08 17:23	0.930432	0.930536	0.930328	0.930397	70
2025.09.08 17:24	0.930388	0.930414	0.930284	0.930284	62
2025.09.08 17:25	0.930284	0.930336	0.930224	0.930267	55
2025.09.08 17:26	0.930267	0.930458	0.930224	0.930423	72
2025.09.08 17:27	0.930423	0.930458	0.930328	0.93038	63
2025.09.08 17:28	0.93038	0.930492	0.93038	0.930492	34
2025.09.08 17:29	0.930492	0.930605	0.930362	0.930527	72
2025.09.08 17:30	0.930527	0.930821	0.930518	0.930752	73
2025.09.08 17:31	0.930761	0.930908	0.930674	0.930882	79
2025.09.08 17:32	0.930882	0.930882	0.930562	0.930587	66
2025.09.08 17:33	0.930587	0.930691	0.930579	0.930622	60
2025.09.08 17:34	0.930613	0.930752	0.930596	0.930717	56
2025.09.08 17:35	0.930691	0.930717	0.930579	0.930587	54
2025.09.08 17:36	0.930596	0.930691	0.930596	0.930674	55
2025.09.08 17:37	0.9307	0.930743	0.930622	0.930648	52
2025.09.08 17:38	0.930657	0.9307	0.930587	0.930587	67
2025.09.08 17:39	0.930579	0.930709	0.930562	0.930691	67
2025.09.08 17:40	0.930709	0.930726	0.930492	0.930501	58
2025.09.08 17:41	0.93051	0.930596	0.930475	0.930562	67
2025.09.08 17:42	0.93057	0.93057	0.930362	0.930449	71
2025.09.08 17:43	0.930458	0.93051	0.930328	0.930371	54
2025.09.08 17:44	0.93038	0.93038	0.930103	0.930103	54
2025.09.08 17:45	0.930111	0.930215	0.930077	0.930215	58
2025.09.08 17:46	0.930215	0.930284	0.930181	0.930224	55
2025.09.08 17:47	0.930224	0.930284	0.930146	0.930284	64
2025.09.08 17:48	0.930241	0.930562	0.930241	0.930536	75
2025.09.08 17:49	0.930501	0.930587	0.930475	0.930544	71
2025.09.08 17:50	0.930544	0.930613	0.930518	0.930562	47
2025.09.08 17:51	0.93057	0.93057	0.930475	0.930553	48
2025.09.08 17:52	0.930544	0.930613	0.93038	0.930501	62
2025.09.08 17:53	0.930501	0.930613	0.930458	0.930458	65
2025.09.08 17:54	0.930458	0.930458	0.930284	0.930354	50
2025.09.08 17:55	0.930406	0.930631	0.930354	0.930613	71
2025.09.08 17:56	0.930605	0.930674	0.930527	0.930536	60
2025.09.08 17:57	0.930501	0.931064	0.930466	0.931064	86
2025.09.08 17:58	0.931021	0.931055	0.930726	0.930813	91
2025.09.08 17:59	0.93083	0.930847	0.930752	0.930752	67
2025.09.08 18:00	0.930761	0.930899	0.930761	0.930856	76
2025.09.08 18:01	0.930847	0.930891	0.930813	0.930865	60
2025.09.08 18:02	0.930865	0.930925	0.930761	0.930917	66
2025.09.08 18:03	0.930899	0.930899	0.930752	0.930752	51
2025.09.08 18:04	0.930735	0.930839	0.930683	0.930683	67
2025.09.08 18:05	0.930683	0.930735	0.930639	0.930709	62
2025.09.08 18:06	0.9307	0.930847	0.9307	0.93083	52
2025.09.08 18:07	0.930839	0.930865	0.930735	0.930865	61
2025.09.08 18:08	0.930856	0.930986	0.930752	0.930752	72
2025.09.08 18:09	0.930761	0.930934	0.930752	0.930908	50
2025.09.08 18:10	0.930873	0.930995	0.930873	0.930951	59
2025.09.08 18:11	0.930925	0.930986	0.930865	0.930951	59
2025.09.08 18:12	0.93096	0.930986	0.930856	0.930873	68
2025.09.08 18:13	0.930873	0.930899	0.930717	0.930726	71
2025.09.08 18:14	0.930717	0.930761	0.930562	0.930562	43
2025.09.08 18:15	0.930562	0.930717	0.930562	0.930717	49
2025.09.08 18:16	0.930717	0.930735	0.930587	0.930587	45
2025.09.08 18:17	0.930596	0.930648	0.930518	0.930639	51
2025.09.08 18:18	0.930622	0.930899	0.930622	0.930873	56
2025.09.08 18:19	0.930865	0.93096	0.930839	0.930891	61
2025.09.08 18:20	0.930891	0.930891	0.930769	0.930839	46
2025.09.08 18:21	0.930847	0.931029	0.930813	0.931029	55
2025.09.08 18:22	0.931003	0.931047	0.930804	0.930847	53
2025.09.08 18:23	0.930847	0.930899	0.930821	0.93083	43
2025.09.08 18:24	0.93083	0.93096	0.93083	0.930908	59
2025.09.08 18:25	0.930917	0.930969	0.930917	0.930951	42
2025.09.08 18:26	0.93096	0.93096	0.930865	0.930873	51
2025.09.08 18:27	0.930873	0.930925	0.930847	0.930882	44
2025.09.08 18:28	0.930882	0.930917	0.930839	0.930899	64
2025.09.08 18:29	0.930891	0.930908	0.930804	0.930804	53
2025.09.08 18:30	0.930821	0.930821	0.9307	0.9307	57
2025.09.08 18:31	0.9307	0.930709	0.930631	0.930639	54
2025.09.08 18:32	0.930639	0.930674	0.930562	0.930622	50
2025.09.08 18:33	0.930631	0.93083	0.930631	0.930735	48
2025.09.08 18:34	0.930726	0.930804	0.930709	0.930795	41
2025.09.08 18:35	0.930804	0.930813	0.930674	0.930804	55
2025.09.08 18:36	0.930813	0.930821	0.930717	0.930813	48
2025.09.08 18:37	0.930813	0.930813	0.930691	0.9307	34
2025.09.08 18:38	0.930709	0.930752	0.930674	0.930717	35
2025.09.08 18:39	0.930691	0.930691	0.930587	0.930596	49
2025.09.08 18:40	0.930579	0.930648	0.930536	0.930579	43
2025.09.08 18:41	0.930579	0.930648	0.930579	0.930639	55
2025.09.08 18:42	0.930622	0.930683	0.930562	0.930613	39
2025.09.08 18:43	0.930605	0.930613	0.930544	0.930579	43
2025.09.08 18:44	0.930579	0.930743	0.930579	0.930648	60
2025.09.08 18:45	0.930639	0.930726	0.930596	0.930596	50
2025.09.08 18:46	0.930631	0.930769	0.930631	0.930752	65
2025.09.08 18:47	0.930743	0.930769	0.930665	0.930761	50
2025.09.08 18:48	0.930769	0.930769	0.930657	0.930657	44
2025.09.08 18:49	0.930657	0.930752	0.930648	0.930717	46
2025.09.08 18:50	0.930726	0.930778	0.930691	0.930752	61
2025.09.08 18:51	0.930761	0.930821	0.930665	0.930683	46
2025.09.08 18:52	0.930691	0.930778	0.930674	0.930735	38
2025.09.08 18:53	0.930735	0.930743	0.930657	0.930717	33
2025.09.08 18:54	0.930726	0.930743	0.930596	0.930648	42
2025.09.08 18:55	0.930657	0.930726	0.930648	0.930726	41
2025.09.08 18:56	0.930735	0.930761	0.930622	0.930622	38
2025.09.08 18:57	0.930622	0.930648	0.930605	0.930622	28
2025.09.08 18:58	0.930631	0.930631	0.930553	0.93057	35
2025.09.08 18:59	0.930579	0.930596	0.930354	0.930354	60
2025.09.08 19:00	0.930362	0.930458	0.930354	0.930423	66
2025.09.08 19:01	0.930432	0.930613	0.930423	0.930562	58
2025.09.08 19:02	0.930562	0.930587	0.930484	0.930544	47
2025.09.08 19:03	0.930536	0.930596	0.930518	0.930587	40
2025.09.08 19:04	0.930596	0.930665	0.93057	0.930639	26
2025.09.08 19:05	0.930639	0.930665	0.930527	0.930544	44
2025.09.08 19:06	0.930544	0.930657	0.930544	0.930605	45
2025.09.08 19:07	0.930596	0.930639	0.930562	0.930605	39
2025.09.08 19:08	0.930605	0.930622	0.930579	0.930587	12
2025.09.08 19:09	0.930587	0.930587	0.930501	0.93051	26
2025.09.08 19:10	0.93051	0.930544	0.930466	0.930484	23
2025.09.08 19:11	0.930466	0.930553	0.930414	0.930414	27
2025.09.08 19:12	0.930414	0.930423	0.930319	0.930319	42
2025.09.08 19:13	0.930328	0.930371	0.930293	0.930345	27
2025.09.08 19:14	0.930354	0.930397	0.930328	0.930362	31
2025.09.08 19:15	0.930354	0.930397	0.930319	0.930328	32
2025.09.08 19:16	0.930319	0.930328	0.930207	0.930276	28
2025.09.08 19:17	0.930276	0.930371	0.930267	0.930328	28
2025.09.08 19:18	0.930345	0.930345	0.930233	0.930267	36
2025.09.08 19:19	0.930284	0.930284	0.930198	0.930207	27
2025.09.08 19:20	0.930207	0.930259	0.93012	0.930163	44
2025.09.08 19:21	0.930172	0.930224	0.930146	0.930224	37
2025.09.08 19:22	0.930233	0.930293	0.930224	0.930293	34
2025.09.08 19:23	0.930293	0.930345	0.930259	0.930345	24
2025.09.08 19:24	0.930336	0.930345	0.930302	0.930319	29
2025.09.08 19:25	0.930319	0.930354	0.930267	0.930293	38
2025.09.08 19:26	0.930302	0.930302	0.930241	0.930259	33
2025.09.08 19:27	0.93025	0.930397	0.93025	0.930397	37
2025.09.08 19:28	0.930397	0.930397	0.930284	0.930328	33
2025.09.08 19:29	0.930319	0.930328	0.930267	0.930293	31
2025.09.08 19:30	0.930293	0.930371	0.930233	0.930241	44
2025.09.08 19:31	0.930241	0.93031	0.930241	0.93025	48
2025.09.08 19:32	0.930259	0.930449	0.93025	0.930354	45
2025.09.08 19:33	0.930354	0.930362	0.930259	0.930345	49
2025.09.08 19:34	0.930336	0.930397	0.930233	0.930345	45
2025.09.08 19:35	0.930336	0.930388	0.930293	0.930371	47
2025.09.08 19:36	0.93038	0.930388	0.930276	0.930336	41
2025.09.08 19:37	0.930336	0.930354	0.930276	0.930302	51
2025.09.08 19:38	0.93031	0.930336	0.930198	0.930233	40
2025.09.08 19:39	0.930233	0.930284	0.930198	0.930233	30
2025.09.08 19:40	0.930241	0.930362	0.930241	0.930259	45
2025.09.08 19:41	0.93025	0.93038	0.93025	0.930371	56
2025.09.08 19:42	0.930371	0.93038	0.93025	0.930276	46
2025.09.08 19:43	0.930284	0.930328	0.930207	0.930207	32
2025.09.08 19:44	0.930215	0.930215	0.930085	0.930198	48
2025.09.08 19:45	0.930181	0.930319	0.930181	0.930259	36
2025.09.08 19:46	0.930276	0.930362	0.930233	0.930302	46
2025.09.08 19:47	0.93031	0.930354	0.93025	0.93025	31
2025.09.08 19:48	0.930241	0.930259	0.930085	0.930085	38
2025.09.08 19:49	0.930094	0.930137	0.930068	0.930111	31
2025.09.08 19:50	0.930111	0.930155	0.930068	0.930137	40
2025.09.08 19:51	0.930129	0.930163	0.93006	0.930094	39
2025.09.08 19:52	0.930085	0.930198	0.930085	0.930163	37
2025.09.08 19:53	0.930155	0.930163	0.930077	0.930137	27
2025.09.08 19:54	0.930146	0.930163	0.930051	0.930146	32
2025.09.08 19:55	0.930129	0.930155	0.930008	0.930008	48
2025.09.08 19:56	0.930016	0.930172	0.930016	0.930085	55
2025.09.08 19:57	0.930094	0.930155	0.930034	0.930155	49
2025.09.08 19:58	0.930172	0.930181	0.930077	0.930094	47
2025.09.08 19:59	0.930094	0.930103	0.93006	0.930085	42
2025.09.08 20:00	0.930094	0.930146	0.930034	0.930103	44
2025.09.08 20:01	0.930111	0.930111	0.92999	0.930051	39
2025.09.08 20:02	0.93006	0.93006	0.929947	0.929973	30
2025.09.08 20:03	0.929973	0.930042	0.929947	0.929982	35
2025.09.08 20:04	0.929982	0.930111	0.929973	0.93006	25
2025.09.08 20:05	0.930051	0.930111	0.929982	0.930034	34
2025.09.08 20:06	0.930034	0.93006	0.929956	0.930008	40
2025.09.08 20:07	0.930016	0.930137	0.929947	0.930111	42
2025.09.08 20:08	0.93012	0.930146	0.929999	0.930025	38
2025.09.08 20:09	0.930025	0.930085	0.930016	0.930085	35
2025.09.08 20:10	0.930085	0.930094	0.930016	0.930034	33
2025.09.08 20:11	0.930042	0.93012	0.930025	0.930094	35
2025.09.08 20:12	0.930085	0.930111	0.929999	0.93006	34
2025.09.08 20:13	0.93006	0.930068	0.930016	0.930051	21
2025.09.08 20:14	0.930042	0.93006	0.929999	0.930008	25
2025.09.08 20:15	0.929999	0.930042	0.929938	0.929956	34
2025.09.08 20:16	0.929956	0.930025	0.929956	0.930008	30
2025.09.08 20:17	0.929999	0.930111	0.929999	0.93006	40
2025.09.08 20:18	0.930051	0.930094	0.930025	0.930042	31
2025.09.08 20:19	0.930051	0.930085	0.930051	0.93006	14
2025.09.08 20:20	0.930068	0.930172	0.93006	0.930155	42
2025.09.08 20:21	0.930172	0.930172	0.930042	0.930068	14
2025.09.08 20:22	0.930068	0.930077	0.930008	0.930042	27
2025.09.08 20:23	0.930016	0.930025	0.929956	0.929956	24
2025.09.08 20:24	0.929956	0.92999	0.929895	0.929956	48
2025.09.08 20:25	0.929956	0.930016	0.929956	0.92999	28
2025.09.08 20:26	0.929947	0.93006	0.929947	0.930034	40
2025.09.08 20:27	0.930034	0.930068	0.929999	0.930042	27
2025.09.08 20:28	0.930034	0.930042	0.929956	0.929956	26
2025.09.08 20:29	0.929964	0.929982	0.92993	0.929982	31
2025.09.08 20:30	0.92999	0.930008	0.929861	0.929921	49
2025.09.08 20:31	0.929912	0.929947	0.929861	0.929878	59
2025.09.08 20:32	0.929887	0.92993	0.929835	0.929887	37
2025.09.08 20:33	0.929878	0.929947	0.929878	0.929895	24
2025.09.08 20:34	0.929895	0.929973	0.929895	0.929964	26
2025.09.08 20:35	0.929964	0.929982	0.929947	0.929956	28
2025.09.08 20:36	0.929964	0.930008	0.929947	0.930008	29
2025.09.08 20:37	0.930025	0.93006	0.929999	0.93006	31
2025.09.08 20:38	0.93006	0.93006	0.930025	0.930034	31
2025.09.08 20:39	0.930034	0.930051	0.930008	0.930008	24
2025.09.08 20:40	0.930016	0.930146	0.930016	0.930111	33
2025.09.08 20:41	0.930111	0.930129	0.930068	0.930129	21
2025.09.08 20:42	0.930129	0.930172	0.930111	0.930172	25
2025.09.08 20:43	0.930163	0.930163	0.930077	0.930085	22
2025.09.08 20:44	0.930077	0.930111	0.930077	0.930094	20
2025.09.08 20:45	0.930103	0.930129	0.930008	0.930051	15
2025.09.08 20:46	0.930068	0.930198	0.930068	0.930137	26
2025.09.08 20:47	0.930155	0.930267	0.930137	0.930215	26
2025.09.08 20:48	0.930207	0.930259	0.930189	0.930259	27
2025.09.08 20:49	0.930267	0.93031	0.930233	0.930241	21
2025.09.08 20:50	0.930241	0.93025	0.930198	0.930198	17
2025.09.08 20:51	0.930198	0.930319	0.930198	0.930319	20
2025.09.08 20:52	0.93031	0.930388	0.930284	0.930336	25
2025.09.08 20:53	0.930336	0.930458	0.930328	0.930414	39
2025.09.08 20:54	0.930414	0.930458	0.930267	0.930319	26
2025.09.08 20:55	0.930319	0.930354	0.930267	0.930267	37
2025.09.08 20:56	0.930267	0.93038	0.93025	0.93038	37
2025.09.08 20:57	0.930371	0.93038	0.93031	0.930336	33
2025.09.08 20:58	0.930354	0.930388	0.930293	0.930354	46
2025.09.08 20:59	0.930362	0.930449	0.93031	0.930432	43
2025.09.08 21:00	0.930432	0.930466	0.930302	0.930336	38
2025.09.08 21:01	0.930345	0.930397	0.930284	0.930354	36
2025.09.08 21:02	0.930345	0.930371	0.930267	0.930276	38
2025.09.08 21:03	0.930267	0.930276	0.930163	0.930163	35
2025.09.08 21:04	0.930163	0.930284	0.930155	0.930233	38
2025.09.08 21:05	0.930224	0.930259	0.930163	0.930189	35
2025.09.08 21:06	0.930189	0.930276	0.930181	0.930241	35
2025.09.08 21:07	0.930207	0.930267	0.930198	0.93025	29
2025.09.08 21:08	0.93025	0.93025	0.930181	0.930189	25
2025.09.08 21:09	0.930181	0.930189	0.930146	0.930172	18
2025.09.08 21:10	0.930172	0.930224	0.930163	0.930181	19
2025.09.08 21:11	0.930207	0.930207	0.93006	0.930163	41
2025.09.08 21:12	0.930163	0.930207	0.930129	0.930146	36
2025.09.08 21:13	0.930146	0.930207	0.930146	0.930155	36
2025.09.08 21:14	0.930155	0.930172	0.930077	0.930085	26
2025.09.08 21:15	0.930094	0.930163	0.930085	0.930155	30
2025.09.08 21:16	0.930163	0.930163	0.930085	0.930103	32
2025.09.08 21:17	0.930103	0.930233	0.930077	0.930077	59
2025.09.08 21:18	0.930068	0.930189	0.930068	0.930155	35
2025.09.08 21:19	0.930155	0.930155	0.929912	0.92993	25
2025.09.08 21:20	0.929921	0.93006	0.929912	0.93006	30
2025.09.08 21:21	0.93006	0.930111	0.930025	0.930111	43
2025.09.08 21:22	0.930085	0.930094	0.929964	0.92999	37
2025.09.08 21:23	0.92999	0.930077	0.929964	0.930016	37
2025.09.08 21:24	0.930008	0.930051	0.929973	0.930008	22
2025.09.08 21:25	0.930016	0.930025	0.929999	0.930016	14
2025.09.08 21:26	0.930016	0.93006	0.929973	0.929973	20
2025.09.08 21:27	0.929964	0.929999	0.929964	0.929982	23
2025.09.08 21:28	0.929999	0.930008	0.929973	0.930008	18
2025.09.08 21:29	0.929999	0.930051	0.929956	0.930051	19
2025.09.08 21:30	0.930042	0.93006	0.929982	0.930034	22
2025.09.08 21:31	0.930016	0.930025	0.929956	0.929956	36
2025.09.08 21:32	0.929964	0.930016	0.92993	0.930016	31
2025.09.08 21:33	0.930008	0.930008	0.929912	0.929947	23
2025.09.08 21:34	0.929938	0.929938	0.929904	0.929912	13
2025.09.08 21:35	0.929912	0.929947	0.929912	0.92993	28
2025.09.08 21:36	0.929921	0.929973	0.929895	0.929973	28
2025.09.08 21:37	0.929973	0.92999	0.929938	0.929956	25
2025.09.08 21:38	0.929964	0.929973	0.929887	0.929964	38
2025.09.08 21:39	0.929964	0.929999	0.929912	0.929973	22
2025.09.08 21:40	0.929964	0.930008	0.929912	0.929912	23
2025.09.08 21:41	0.929912	0.930163	0.929904	0.930163	34
2025.09.08 21:42	0.930155	0.930189	0.930068	0.93012	32
2025.09.08 21:43	0.93012	0.930163	0.93012	0.930155	33
2025.09.08 21:44	0.930155	0.930267	0.930155	0.930259	28
2025.09.08 21:45	0.930259	0.930259	0.930189	0.930224	31
2025.09.08 21:46	0.930233	0.930241	0.930172	0.930172	27
2025.09.08 21:47	0.930172	0.930198	0.930094	0.930129	22
2025.09.08 21:48	0.93012	0.930129	0.93006	0.930094	28
2025.09.08 21:49	0.930103	0.930137	0.930094	0.930111	27
2025.09.08 21:50	0.930111	0.93012	0.930025	0.930034	27
2025.09.08 21:51	0.930025	0.930137	0.930025	0.930129	49
2025.09.08 21:52	0.93012	0.930129	0.930051	0.930094	31
2025.09.08 21:53	0.930094	0.930155	0.930068	0.930146	37
2025.09.08 21:54	0.930129	0.930241	0.930129	0.930241	42
2025.09.08 21:55	0.930241	0.930423	0.930233	0.930371	43
2025.09.08 21:56	0.930414	0.930449	0.93025	0.930449	65
2025.09.08 21:57	0.930432	0.930475	0.930328	0.930328	45
2025.09.08 21:58	0.930336	0.930371	0.930284	0.930284	43
2025.09.08 21:59	0.930284	0.93038	0.930163	0.930163	43
2025.09.08 22:00	0.930172	0.930328	0.930172	0.930328	42
2025.09.08 22:01	0.930336	0.930336	0.930224	0.930233	22
2025.09.08 22:02	0.930233	0.930414	0.930233	0.930328	45
2025.09.08 22:03	0.930328	0.930336	0.930259	0.930328	19
2025.09.08 22:04	0.930336	0.930336	0.930276	0.930336	35
2025.09.08 22:05	0.930328	0.930388	0.930302	0.930354	23
2025.09.08 22:06	0.930354	0.93038	0.930328	0.930328	12
2025.09.08 22:07	0.930328	0.930371	0.930319	0.930319	25
2025.09.08 22:08	0.930328	0.93038	0.930293	0.930362	38
2025.09.08 22:09	0.93038	0.930449	0.93038	0.93044	38
2025.09.08 22:10	0.93044	0.930492	0.930423	0.930423	26
2025.09.08 22:11	0.930423	0.930544	0.930423	0.930536	20
2025.09.08 22:12	0.930536	0.930691	0.930527	0.930639	48
2025.09.08 22:13	0.930639	0.930735	0.930562	0.930579	39
2025.09.08 22:14	0.930587	0.930743	0.930587	0.930735	39
2025.09.08 22:15	0.930743	0.930761	0.930579	0.930587	30
2025.09.08 22:16	0.930579	0.930622	0.930544	0.930587	32
2025.09.08 22:17	0.930587	0.930639	0.930553	0.930579	47
2025.09.08 22:18	0.930579	0.930639	0.930536	0.93057	38
2025.09.08 22:19	0.930562	0.930648	0.930518	0.930579	35
2025.09.08 22:20	0.930579	0.930622	0.930553	0.930579	25
2025.09.08 22:21	0.930622	0.930631	0.930562	0.930579	38
2025.09.08 22:22	0.930579	0.930622	0.930562	0.930622	20
2025.09.08 22:23	0.930613	0.930648	0.930562	0.930596	25
2025.09.08 22:24	0.930579	0.930605	0.930527	0.930596	36
2025.09.08 22:25	0.930587	0.930596	0.930501	0.930501	22
2025.09.08 22:26	0.930492	0.930613	0.930492	0.930613	15
2025.09.08 22:27	0.930605	0.930613	0.930518	0.93057	29
2025.09.08 22:28	0.93057	0.930631	0.930562	0.930622	39
2025.09.08 22:29	0.930631	0.930631	0.930613	0.930631	19
2025.09.08 22:30	0.930622	0.930622	0.930536	0.93057	35
2025.09.08 22:31	0.930562	0.930605	0.930492	0.930492	20
2025.09.08 22:32	0.930492	0.930501	0.93044	0.930449	14
2025.09.08 22:33	0.930458	0.930492	0.930423	0.930475	28
2025.09.08 22:34	0.930475	0.930475	0.930406	0.930423	28
2025.09.08 22:35	0.930423	0.930475	0.930414	0.930432	21
2025.09.08 22:36	0.930432	0.930458	0.930423	0.930458	17
2025.09.08 22:37	0.930466	0.930518	0.930466	0.930501	24
2025.09.08 22:38	0.93051	0.930536	0.930492	0.930518	7
2025.09.08 22:39	0.930518	0.930553	0.930492	0.930492	29
2025.09.08 22:40	0.93051	0.93051	0.930466	0.930484	21
2025.09.08 22:41	0.930475	0.930501	0.930449	0.930475	22
2025.09.08 22:42	0.930475	0.930475	0.930423	0.930449	15
2025.09.08 22:43	0.930449	0.930458	0.930388	0.930397	17
2025.09.08 22:44	0.930388	0.930484	0.930388	0.930475	33
2025.09.08 22:45	0.930475	0.930501	0.930466	0.930466	21
2025.09.08 22:46	0.930466	0.930501	0.930458	0.930492	20
2025.09.08 22:47	0.930492	0.930518	0.930458	0.93051	20
2025.09.08 22:48	0.930518	0.930587	0.930475	0.930562	28
2025.09.08 22:49	0.930562	0.930587	0.930527	0.930527	26
2025.09.08 22:50	0.930527	0.930596	0.930527	0.93057	41
2025.09.08 22:51	0.930562	0.93057	0.930536	0.93057	32
2025.09.08 22:52	0.930562	0.930691	0.930536	0.930648	29
2025.09.08 22:53	0.930657	0.930657	0.930613	0.930622	21
2025.09.08 22:54	0.930613	0.930665	0.930587	0.930631	34
2025.09.08 22:55	0.930631	0.930631	0.930579	0.930605	31
2025.09.08 22:56	0.930605	0.930648	0.930579	0.930622	24
2025.09.08 22:57	0.930622	0.930683	0.930622	0.930622	29
2025.09.08 22:58	0.930631	0.930674	0.930587	0.930674	55
2025.09.08 22:59	0.930674	0.930717	0.930596	0.930596	40
2025.09.08 23:00	0.930934	0.93096	0.930891	0.930951	28
2025.09.08 23:01	0.930943	0.930977	0.930821	0.930839	37
2025.09.08 23:02	0.930856	0.930908	0.930778	0.930795	25
2025.09.08 23:03	0.930813	0.930813	0.930761	0.930778	17
2025.09.08 23:04	0.930769	0.930804	0.930484	0.930804	11
2025.09.08 23:05	0.930795	0.930804	0.930501	0.930778	11
2025.09.08 23:06	0.930769	0.930769	0.930735	0.930743	10
2025.09.08 23:07	0.930743	0.930761	0.930735	0.930743	11
2025.09.08 23:08	0.930743	0.930761	0.930743	0.930761	18
2025.09.08 23:09	0.930752	0.930787	0.930752	0.930769	11
2025.09.08 23:10	0.930778	0.930839	0.930778	0.930821	12
2025.09.08 23:11	0.930821	0.930882	0.930631	0.930873	18
2025.09.08 23:12	0.930856	0.930882	0.930821	0.93083	15
2025.09.08 23:13	0.930821	0.930847	0.930769	0.930795	25
2025.09.08 23:14	0.930804	0.930821	0.930787	0.930787	16
2025.09.08 23:15	0.930795	0.930847	0.930787	0.930839	26
2025.09.08 23:16	0.930847	0.930908	0.930847	0.930908	15
2025.09.08 23:17	0.930908	0.930943	0.930899	0.930943	7
2025.09.08 23:18	0.930925	0.93096	0.930908	0.93096	10
2025.09.08 23:19	0.930934	0.930977	0.930934	0.930943	14
2025.09.08 23:20	0.930943	0.930986	0.930908	0.930951	18
2025.09.08 23:21	0.93096	0.930986	0.930917	0.930917	9
2025.09.08 23:22	0.930925	0.931073	0.930925	0.931055	18
2025.09.08 23:23	0.931073	0.931073	0.93096	0.931073	19
2025.09.08 23:24	0.931064	0.931107	0.931029	0.931047	29
2025.09.08 23:25	0.931047	0.93109	0.930821	0.93109	14
2025.09.08 23:26	0.931073	0.931142	0.931029	0.931142	23
2025.09.08 23:27	0.93109	0.93109	0.931021	0.931029	25
2025.09.08 23:28	0.930969	0.931081	0.930969	0.931081	20
2025.09.08 23:29	0.93109	0.931099	0.931012	0.931055	17
2025.09.08 23:30	0.931055	0.931099	0.931055	0.931081	24
2025.09.08 23:31	0.931081	0.931107	0.931047	0.931099	20
2025.09.08 23:32	0.931116	0.931159	0.931073	0.931073	26
2025.09.08 23:33	0.931081	0.931099	0.931047	0.931081	24
2025.09.08 23:34	0.931047	0.931099	0.931012	0.931055	38
2025.09.08 23:35	0.931064	0.931099	0.931055	0.93109	11
2025.09.08 23:36	0.931099	0.931107	0.931064	0.931073	13
2025.09.08 23:37	0.931064	0.931064	0.931029	0.931055	7
2025.09.08 23:38	0.931047	0.931099	0.931047	0.93109	5
2025.09.08 23:39	0.93109	0.931194	0.931064	0.931107	15
2025.09.08 23:40	0.931099	0.931194	0.93109	0.931107	27
2025.09.08 23:41	0.931116	0.931116	0.931021	0.931021	9
2025.09.08 23:42	0.931012	0.931081	0.931003	0.931012	11
2025.09.08 23:43	0.931012	0.931064	0.931003	0.931055	25
2025.09.08 23:44	0.931055	0.93109	0.931047	0.931073	9
2025.09.08 23:45	0.931064	0.93109	0.931038	0.931038	15
2025.09.08 23:46	0.931047	0.931047	0.930977	0.931038	21
2025.09.08 23:47	0.931029	0.931055	0.931012	0.931021	28
2025.09.08 23:48	0.931021	0.931047	0.931012	0.931029	21
2025.09.08 23:49	0.930726	0.931038	0.930726	0.931038	19
2025.09.08 23:50	0.931021	0.931055	0.931021	0.931029	32
2025.09.08 23:51	0.931038	0.931073	0.931021	0.931073	27
2025.09.08 23:52	0.931064	0.931116	0.931055	0.931116	25
2025.09.08 23:53	0.931107	0.931125	0.931029	0.931029	27
2025.09.08 23:54	0.931038	0.931107	0.931038	0.931073	47
2025.09.08 23:55	ERROR	ERROR	ERROR	ERROR	ERROR
2025.09.08 23:56	0.932297	0.932523	0.932288	0.932514	73
2025.09.08 23:57	0.932514	0.932514	0.932366	0.932418	44
2025.09.08 23:58	0.932427	0.932444	0.93221	0.932297	94
2025.09.08 23:59	0.932305	0.932305	0.932279	0.932297	4
