Time	Open	High	Low	Close	Volume
2025.08.15 00:00	1.58962	1.58962	1.58962	1.58962	1
2025.08.15 00:01	ERROR	ERROR	ERROR	ERROR	ERROR
2025.08.15 00:02	1.58304	1.58304	1.58304	1.58304	1
2025.08.15 00:03	1.5831300000000001	1.58632	1.58304	1.58632	3
2025.08.15 00:04	1.58632	1.5867499999999999	1.58632	1.5867499999999999	2
2025.08.15 00:05	1.5867499999999999	1.58705	1.5867499999999999	1.58705	2
2025.08.15 00:06	1.58705	1.58705	1.58705	1.58705	1
2025.08.15 00:07	1.58705	1.58705	1.58705	1.58705	1
2025.08.15 00:08	1.58705	1.58705	1.58705	1.58705	1
2025.08.15 00:09	1.58705	1.58705	1.58705	1.58705	1
2025.08.15 00:10	1.58705	1.58705	1.58705	1.58705	1
2025.08.15 00:11	1.58705	1.58705	1.58705	1.58705	1
2025.08.15 00:12	1.58705	1.58705	1.58683	1.58683	2
2025.08.15 00:13	1.58683	1.58683	1.58683	1.58683	1
2025.08.15 00:14	1.58683	1.58683	1.58683	1.58683	1
2025.08.15 00:15	1.58683	1.58683	1.58659	1.58659	2
2025.08.15 00:16	1.58609	1.5868	1.58581	1.58663	4
2025.08.15 00:17	1.58663	1.58663	1.5865399999999998	1.5865399999999998	2
2025.08.15 00:18	1.5865399999999998	1.5865399999999998	1.5865399999999998	1.5865399999999998	1
2025.08.15 00:19	1.5865399999999998	1.58691	1.5865399999999998	1.58691	4
2025.08.15 00:20	1.58691	1.58691	1.5865399999999998	1.5865399999999998	2
2025.08.15 00:21	1.5865399999999998	1.5865399999999998	1.5865399999999998	1.5865399999999998	1
2025.08.15 00:22	1.5865399999999998	1.5865399999999998	1.5865399999999998	1.5865399999999998	1
2025.08.15 00:23	1.5865399999999998	1.5866799999999999	1.5865399999999998	1.5865399999999998	5
2025.08.15 00:24	1.5865399999999998	1.58696	1.5865399999999998	1.58696	2
2025.08.15 00:25	1.58696	1.58696	1.58696	1.58696	1
2025.08.15 00:26	1.58696	1.587	1.58684	1.58684	5
2025.08.15 00:27	1.58684	1.58684	1.58669	1.5867900000000001	5
2025.08.15 00:28	1.58678	1.5867900000000001	1.58647	1.58647	4
2025.08.15 00:29	1.58648	1.58648	1.58648	1.58648	1
2025.08.15 00:30	1.58649	1.58649	1.58646	1.58649	3
2025.08.15 00:31	1.5864500000000001	1.5864500000000001	1.5863800000000001	1.5864	4
2025.08.15 00:32	1.58639	1.58647	1.58636	1.58636	3
2025.08.15 00:33	1.58636	1.58639	1.58636	1.58639	2
2025.08.15 00:34	1.58639	1.58639	1.58636	1.58636	2
2025.08.15 00:35	1.58636	1.58799	1.58636	1.58799	3
2025.08.15 00:36	ERROR	ERROR	ERROR	ERROR	ERROR
2025.08.15 00:37	1.58799	1.5880999999999998	1.58798	1.5880999999999998	6
2025.08.15 00:38	1.58803	1.58823	1.58803	1.58823	2
2025.08.15 00:39	ERROR	ERROR	ERROR	ERROR	ERROR
2025.08.15 00:40	1.58823	1.5883699999999998	1.58823	1.5883500000000002	7
2025.08.15 00:41	1.5883699999999998	1.5884	1.58834	1.5884	10
2025.08.15 00:42	1.5883500000000002	1.58854	1.5883500000000002	1.58854	4
2025.08.15 00:43	1.5885500000000001	1.5885500000000001	1.5885099999999999	1.58852	7
2025.08.15 00:44	1.5885099999999999	1.58853	1.58849	1.58853	6
2025.08.15 00:45	1.5886	1.5887799999999999	1.58693	1.5878	28
2025.08.15 00:46	1.58779	1.5878100000000002	1.58751	1.58752	9
2025.08.15 00:47	1.58752	1.58753	1.58752	1.58752	3
2025.08.15 00:48	1.58752	1.58752	1.58752	1.58752	1
2025.08.15 00:49	1.58751	1.58753	1.58751	1.58752	4
2025.08.15 00:50	1.58751	1.58752	1.58751	1.58751	3
2025.08.15 00:51	1.58752	1.58752	1.58751	1.58752	3
2025.08.15 00:52	1.58752	1.5876700000000001	1.58751	1.5876700000000001	3
2025.08.15 00:53	1.58755	1.5877599999999998	1.5863800000000001	1.5863800000000001	8
2025.08.15 00:54	1.5863800000000001	1.58785	1.5863800000000001	1.58785	4
2025.08.15 00:55	1.58791	1.58796	1.58791	1.58795	5
2025.08.15 00:56	1.58796	1.58798	1.58795	1.58795	5
2025.08.15 00:57	1.58795	1.5882	1.58795	1.5881699999999999	6
2025.08.15 00:58	1.5881699999999999	1.5884200000000002	1.58806	1.5884200000000002	10
2025.08.15 00:59	1.58841	1.5884399999999999	1.58841	1.5884399999999999	3
2025.08.15 01:00	1.5886200000000001	1.5888499999999999	1.58846	1.5888499999999999	18
2025.08.15 01:01	1.5890499999999999	1.59001	1.5890499999999999	1.58992	37
2025.08.15 01:02	1.58971	1.5900400000000001	1.58971	1.58997	40
2025.08.15 01:03	1.58998	1.59002	1.58987	1.5899100000000002	29
2025.08.15 01:04	1.58996	1.59006	1.5899100000000002	1.58992	28
2025.08.15 01:05	1.59006	1.59006	1.58988	1.59003	35
2025.08.15 01:06	1.59005	1.59008	1.58995	1.59003	26
2025.08.15 01:07	1.59002	1.5901100000000001	1.58995	1.5901100000000001	21
2025.08.15 01:08	1.59013	1.59013	1.58996	1.58999	23
2025.08.15 01:09	1.5899999999999999	1.59001	1.58998	1.58999	5
2025.08.15 01:10	1.5900400000000001	1.5900400000000001	1.5899	1.5899299999999998	9
2025.08.15 01:11	1.58995	1.58995	1.58985	1.58985	11
2025.08.15 01:12	1.58985	1.5899100000000002	1.58985	1.58989	6
2025.08.15 01:13	1.58988	1.59005	1.58987	1.58987	11
2025.08.15 01:14	1.58988	1.58988	1.5898400000000001	1.58985	6
2025.08.15 01:15	1.58986	1.58996	1.58978	1.58996	14
2025.08.15 01:16	1.5899299999999998	1.58997	1.5899100000000002	1.5899299999999998	8
2025.08.15 01:17	1.58995	1.5899999999999999	1.58986	1.58986	8
2025.08.15 01:18	1.58986	1.58996	1.58986	1.58989	9
2025.08.15 01:19	1.58992	1.58995	1.58989	1.58995	18
2025.08.15 01:20	1.58992	1.5899999999999999	1.58992	1.58997	15
2025.08.15 01:21	1.58995	1.59001	1.58995	1.59001	5
2025.08.15 01:22	1.58996	1.58996	1.58987	1.5899100000000002	6
2025.08.15 01:23	1.58992	1.58992	1.58986	1.58986	3
2025.08.15 01:24	1.5899	1.58996	1.58989	1.58994	18
2025.08.15 01:25	1.58995	1.58996	1.5899	1.5899299999999998	12
2025.08.15 01:26	1.5899299999999998	1.5899299999999998	1.58976	1.58979	5
2025.08.15 01:27	1.5897700000000001	1.5897999999999999	1.58975	1.58978	6
2025.08.15 01:28	1.58978	1.58985	1.58974	1.58975	10
2025.08.15 01:29	1.58975	1.58975	1.58967	1.58975	16
2025.08.15 01:30	1.5897299999999999	1.58976	1.58971	1.58974	8
2025.08.15 01:31	1.58976	1.58976	1.58975	1.58975	2
2025.08.15 01:32	1.58975	1.58978	1.5897299999999999	1.58978	5
2025.08.15 01:33	1.58978	1.5897999999999999	1.58975	1.58976	6
2025.08.15 01:34	1.58975	1.58985	1.58975	1.58985	4
2025.08.15 01:35	1.58978	1.58985	1.58978	1.58985	10
2025.08.15 01:36	1.58985	1.58985	1.5897999999999999	1.5897999999999999	4
2025.08.15 01:37	1.58979	1.58988	1.58979	1.58986	13
2025.08.15 01:38	1.58989	1.59005	1.58989	1.59002	8
2025.08.15 01:39	1.59005	1.59013	1.59005	1.59013	4
2025.08.15 01:40	1.59013	1.5901399999999999	1.5901100000000001	1.59013	5
2025.08.15 01:41	1.5900699999999999	1.5900699999999999	1.5899999999999999	1.59005	6
2025.08.15 01:42	1.58999	1.58999	1.58999	1.58999	1
2025.08.15 01:43	1.58996	1.58998	1.58979	1.58979	9
2025.08.15 01:44	1.58979	1.58986	1.58979	1.58986	3
2025.08.15 01:45	1.58987	1.58995	1.58987	1.58995	25
2025.08.15 01:46	1.58995	1.58998	1.58995	1.58995	4
2025.08.15 01:47	1.58995	1.5899999999999999	1.58995	1.58998	5
2025.08.15 01:48	1.58995	1.59001	1.58995	1.59001	4
2025.08.15 01:49	1.58999	1.59005	1.58999	1.59002	44
2025.08.15 01:50	1.59002	1.59002	1.58995	1.58995	4
2025.08.15 01:51	1.58995	1.58995	1.58988	1.58988	4
2025.08.15 01:52	1.59003	1.59024	1.59003	1.5901800000000001	11
2025.08.15 01:53	1.5901800000000001	1.5901800000000001	1.59013	1.59013	5
2025.08.15 01:54	1.59009	1.5901	1.59009	1.5901	4
2025.08.15 01:55	1.59008	1.5901100000000001	1.59003	1.5900400000000001	12
2025.08.15 01:56	1.59005	1.59005	1.58997	1.59002	9
2025.08.15 01:57	1.59001	1.59001	1.5899999999999999	1.5899999999999999	2
2025.08.15 01:58	1.59003	1.59008	1.59003	1.59008	3
2025.08.15 01:59	1.59013	1.59013	1.5901100000000001	1.59013	4
2025.08.15 02:00	1.59009	1.59009	1.58992	1.58996	14
2025.08.15 02:01	1.58996	1.59002	1.58996	1.5899999999999999	8
2025.08.15 02:02	1.58999	1.59008	1.58999	1.59008	4
2025.08.15 02:03	1.59008	1.59009	1.58997	1.59008	10
2025.08.15 02:04	1.59008	1.59012	1.59006	1.59012	5
2025.08.15 02:05	1.59015	1.59023	1.59015	1.59022	17
2025.08.15 02:06	1.59022	1.5902699999999999	1.59019	1.59024	9
2025.08.15 02:07	1.59024	1.59024	1.5901999999999998	1.59021	5
2025.08.15 02:08	1.59016	1.59016	1.59016	1.59016	1
2025.08.15 02:09	1.59016	1.59016	1.59015	1.59016	3
2025.08.15 02:10	1.59016	1.5901800000000001	1.59006	1.59006	8
2025.08.15 02:11	1.59005	1.59008	1.58996	1.58998	11
2025.08.15 02:12	1.58995	1.5900699999999999	1.58995	1.59001	7
2025.08.15 02:13	1.58999	1.59002	1.58999	1.58999	3
2025.08.15 02:14	1.58998	1.59005	1.58997	1.59005	10
2025.08.15 02:15	1.59006	1.59013	1.59005	1.59013	6
2025.08.15 02:16	1.5901399999999999	1.5901800000000001	1.59005	1.59008	11
2025.08.15 02:17	1.59006	1.59006	1.59001	1.59001	4
2025.08.15 02:18	1.59001	1.59005	1.59001	1.5900400000000001	3
2025.08.15 02:19	1.59005	1.59006	1.5900400000000001	1.5900400000000001	4
2025.08.15 02:20	1.59003	1.5900400000000001	1.59002	1.59002	3
2025.08.15 02:21	1.59002	1.59002	1.58985	1.5899	15
2025.08.15 02:22	1.58987	1.58987	1.58982	1.58982	3
2025.08.15 02:23	1.58979	1.5899299999999998	1.58979	1.5899100000000002	6
2025.08.15 02:24	ERROR	ERROR	ERROR	ERROR	ERROR
2025.08.15 02:25	1.58986	1.58986	1.58986	1.58986	1
2025.08.15 02:26	1.58986	1.58988	1.58975	1.58975	5
2025.08.15 02:27	1.58975	1.58975	1.5897299999999999	1.58975	3
2025.08.15 02:28	1.58975	1.58975	1.58969	1.58971	3
2025.08.15 02:29	1.5897000000000001	1.58974	1.5897000000000001	1.58974	4
2025.08.15 02:30	1.58969	1.58975	1.58969	1.58969	6
2025.08.15 02:31	1.58972	1.58992	1.58968	1.58992	13
2025.08.15 02:32	1.58998	1.58998	1.58992	1.58996	4
2025.08.15 02:33	1.58995	1.59003	1.58995	1.59003	6
2025.08.15 02:34	1.59001	1.59002	1.58995	1.5899999999999999	5
2025.08.15 02:35	1.59005	1.59005	1.59002	1.59002	2
2025.08.15 02:36	1.59006	1.5901100000000001	1.59006	1.59006	4
2025.08.15 02:37	1.59009	1.59015	1.59009	1.59015	3
2025.08.15 02:38	1.5900699999999999	1.5901100000000001	1.5900400000000001	1.5901100000000001	13
2025.08.15 02:39	1.5901	1.5901399999999999	1.5901	1.5901399999999999	3
2025.08.15 02:40	ERROR	ERROR	ERROR	ERROR	ERROR
2025.08.15 02:41	1.59016	1.59016	1.59016	1.59016	1
2025.08.15 02:42	1.59015	1.59015	1.5901	1.5901100000000001	7
2025.08.15 02:43	1.59012	1.59029	1.59012	1.59026	6
2025.08.15 02:44	1.5902699999999999	1.59029	1.5902699999999999	1.59029	2
2025.08.15 02:45	1.5902699999999999	1.59028	1.59023	1.59023	3
2025.08.15 02:46	1.5902500000000002	1.5902500000000002	1.59012	1.59017	5
2025.08.15 02:47	1.59015	1.59016	1.5901	1.5901	5
2025.08.15 02:48	1.5901	1.59024	1.5901	1.59024	3
2025.08.15 02:49	1.59022	1.59022	1.5900699999999999	1.5900699999999999	6
2025.08.15 02:50	1.5901100000000001	1.5903399999999999	1.5901100000000001	1.59029	21
2025.08.15 02:51	1.5902500000000002	1.5902500000000002	1.58995	1.58995	6
2025.08.15 02:52	1.58994	1.58997	1.58994	1.58995	4
2025.08.15 02:53	1.58994	1.59006	1.58992	1.58997	18
2025.08.15 02:54	1.58998	1.59002	1.58995	1.58999	9
2025.08.15 02:55	1.58999	1.59001	1.58997	1.58997	5
2025.08.15 02:56	1.58995	1.59015	1.5899299999999998	1.5901399999999999	12
2025.08.15 02:57	1.59012	1.5902699999999999	1.5900699999999999	1.59017	6
2025.08.15 02:58	1.59009	1.59012	1.59003	1.59005	9
2025.08.15 02:59	1.59003	1.5901100000000001	1.59003	1.59009	4
2025.08.15 03:00	1.59009	1.59009	1.58978	1.58999	54
2025.08.15 03:01	1.59005	1.59008	1.5899100000000002	1.58995	30
2025.08.15 03:02	1.58997	1.59023	1.58997	1.5900400000000001	28
2025.08.15 03:03	1.59008	1.59008	1.58985	1.58995	37
2025.08.15 03:04	1.58998	1.59009	1.58995	1.59005	29
2025.08.15 03:05	1.59005	1.59015	1.59002	1.59009	31
2025.08.15 03:06	1.59015	1.59015	1.59002	1.59005	40
2025.08.15 03:07	1.5900400000000001	1.59015	1.58988	1.58988	36
2025.08.15 03:08	1.5899299999999998	1.58998	1.58985	1.58995	32
2025.08.15 03:09	1.58995	1.58995	1.58985	1.5899	13
2025.08.15 03:10	1.5899100000000002	1.58997	1.58987	1.58995	22
2025.08.15 03:11	1.58994	1.59005	1.58992	1.58995	20
2025.08.15 03:12	1.58992	1.58996	1.58988	1.58992	25
2025.08.15 03:13	1.58996	1.5899999999999999	1.58988	1.5899100000000002	11
2025.08.15 03:14	1.5899299999999998	1.58997	1.5899	1.5899	8
2025.08.15 03:15	1.58994	1.58997	1.58989	1.58989	7
2025.08.15 03:16	1.58989	1.58995	1.58985	1.58986	13
2025.08.15 03:17	1.58986	1.5899100000000002	1.58986	1.5899	13
2025.08.15 03:18	1.5899100000000002	1.58997	1.5899	1.58996	5
2025.08.15 03:19	1.58996	1.59002	1.58994	1.58999	9
2025.08.15 03:20	1.5900699999999999	1.5900699999999999	1.58985	1.58995	18
2025.08.15 03:21	1.58995	1.59003	1.58995	1.59001	7
2025.08.15 03:22	1.58997	1.58997	1.58987	1.58989	9
2025.08.15 03:23	1.58987	1.59003	1.58985	1.5899999999999999	14
2025.08.15 03:24	1.59002	1.5900400000000001	1.58994	1.58997	7
2025.08.15 03:25	1.58996	1.58999	1.58986	1.58992	10
2025.08.15 03:26	1.58989	1.5899299999999998	1.58986	1.5899	28
2025.08.15 03:27	1.58988	1.5899100000000002	1.58986	1.58988	40
2025.08.15 03:28	1.58988	1.58988	1.58979	1.58982	13
2025.08.15 03:29	1.58982	1.5899100000000002	1.58981	1.5899	23
2025.08.15 03:30	1.58988	1.5899	1.58978	1.58978	15
2025.08.15 03:31	1.58978	1.58981	1.5897299999999999	1.58981	8
2025.08.15 03:32	1.58979	1.58982	1.58975	1.5897999999999999	9
2025.08.15 03:33	1.58978	1.58978	1.58975	1.58978	4
2025.08.15 03:34	1.5897299999999999	1.5897999999999999	1.58972	1.5897999999999999	7
2025.08.15 03:35	1.5897999999999999	1.5897999999999999	1.58968	1.5897299999999999	9
2025.08.15 03:36	1.58976	1.58976	1.58976	1.58976	1
2025.08.15 03:37	1.58972	1.58975	1.58967	1.58975	6
2025.08.15 03:38	1.58978	1.5897999999999999	1.58971	1.58974	6
2025.08.15 03:39	1.5897299999999999	1.5897999999999999	1.5897299999999999	1.58979	7
2025.08.15 03:40	1.58979	1.58986	1.58979	1.58986	3
2025.08.15 03:41	1.58983	1.58987	1.5897999999999999	1.58982	6
2025.08.15 03:42	1.5897999999999999	1.5897999999999999	1.58976	1.58979	3
2025.08.15 03:43	1.58978	1.58978	1.5897299999999999	1.5897299999999999	2
2025.08.15 03:44	1.5897299999999999	1.58975	1.58958	1.58963	14
2025.08.15 03:45	1.5895899999999998	1.58962	1.58956	1.58962	6
2025.08.15 03:46	1.58963	1.58969	1.58955	1.58969	24
2025.08.15 03:47	1.58971	1.58976	1.58971	1.58971	11
2025.08.15 03:48	1.58972	1.58975	1.58969	1.58969	9
2025.08.15 03:49	1.58969	1.58975	1.58969	1.58975	3
2025.08.15 03:50	1.58975	1.58978	1.5897299999999999	1.58975	8
2025.08.15 03:51	1.58974	1.58974	1.58967	1.58967	5
2025.08.15 03:52	1.58974	1.58978	1.58968	1.58968	11
2025.08.15 03:53	1.58971	1.58985	1.58971	1.58985	7
2025.08.15 03:54	1.5897999999999999	1.59001	1.5897999999999999	1.58988	33
2025.08.15 03:55	1.58988	1.59005	1.58988	1.59002	30
2025.08.15 03:56	1.59002	1.59002	1.58979	1.58987	12
2025.08.15 03:57	1.58985	1.5901399999999999	1.58985	1.59001	19
2025.08.15 03:58	1.59006	1.59008	1.59002	1.59005	5
2025.08.15 03:59	1.59003	1.59005	1.58994	1.58994	12
2025.08.15 04:00	1.5899299999999998	1.58999	1.58987	1.5899	21
2025.08.15 04:01	1.58995	1.58996	1.58985	1.58986	31
2025.08.15 04:02	1.58986	1.58986	1.5896599999999999	1.5896599999999999	18
2025.08.15 04:03	1.58963	1.58976	1.58963	1.58968	16
2025.08.15 04:04	1.58967	1.58976	1.5896599999999999	1.58976	29
2025.08.15 04:05	1.58972	1.58985	1.58969	1.5898400000000001	15
2025.08.15 04:06	1.58985	1.5899	1.5897700000000001	1.58986	32
2025.08.15 04:07	1.58987	1.5899299999999998	1.58982	1.58982	15
2025.08.15 04:08	1.58979	1.58982	1.58975	1.5897999999999999	12
2025.08.15 04:09	1.58982	1.58985	1.58978	1.5897999999999999	12
2025.08.15 04:10	1.5898400000000001	1.58995	1.58981	1.58985	15
2025.08.15 04:11	1.58985	1.58992	1.58979	1.58989	10
2025.08.15 04:12	1.58989	1.58995	1.58989	1.58995	4
2025.08.15 04:13	1.58997	1.58997	1.58986	1.58987	10
2025.08.15 04:14	1.58988	1.58995	1.5897700000000001	1.58985	17
2025.08.15 04:15	1.58982	1.58995	1.5897999999999999	1.5897999999999999	32
2025.08.15 04:16	1.5897999999999999	1.58981	1.58974	1.58979	12
2025.08.15 04:17	1.58976	1.58981	1.58975	1.58981	7
2025.08.15 04:18	1.58985	1.5899100000000002	1.58979	1.5899100000000002	19
2025.08.15 04:19	1.5899100000000002	1.5899100000000002	1.5897700000000001	1.58981	20
2025.08.15 04:20	1.58986	1.5899	1.5897700000000001	1.5899	20
2025.08.15 04:21	1.58989	1.58992	1.58982	1.58982	11
2025.08.15 04:22	1.58979	1.58981	1.58971	1.5897700000000001	11
2025.08.15 04:23	1.58981	1.58981	1.58971	1.58976	12
2025.08.15 04:24	1.5897299999999999	1.5898400000000001	1.5897000000000001	1.58979	21
2025.08.15 04:25	1.58982	1.5898400000000001	1.58975	1.58978	9
2025.08.15 04:26	1.58978	1.5899999999999999	1.58975	1.58997	11
2025.08.15 04:27	1.59002	1.59002	1.58995	1.58995	7
2025.08.15 04:28	1.58996	1.5899999999999999	1.5899299999999998	1.58997	15
2025.08.15 04:29	1.59001	1.59001	1.58989	1.58989	12
2025.08.15 04:30	1.58989	1.59005	1.58985	1.59005	24
2025.08.15 04:31	1.59005	1.5902500000000002	1.59005	1.5901800000000001	29
2025.08.15 04:32	1.5901800000000001	1.5902500000000002	1.59016	1.59016	15
2025.08.15 04:33	1.59016	1.59024	1.59015	1.59017	21
2025.08.15 04:34	1.5901999999999998	1.5902500000000002	1.5899999999999999	1.5900400000000001	33
2025.08.15 04:35	1.59005	1.59015	1.58999	1.59015	25
2025.08.15 04:36	1.59015	1.5902699999999999	1.59012	1.59019	14
2025.08.15 04:37	1.5901999999999998	1.59029	1.5901800000000001	1.59021	20
2025.08.15 04:38	1.5901999999999998	1.59026	1.5901800000000001	1.5901800000000001	10
2025.08.15 04:39	1.5901800000000001	1.5902500000000002	1.5901800000000001	1.5901800000000001	15
2025.08.15 04:40	1.5901800000000001	1.5902500000000002	1.58996	1.59005	23
2025.08.15 04:41	1.59005	1.59015	1.59003	1.59015	19
2025.08.15 04:42	1.5901399999999999	1.59017	1.59009	1.5901	27
2025.08.15 04:43	1.5901	1.59026	1.59005	1.59009	19
2025.08.15 04:44	1.59015	1.59015	1.58995	1.58999	22
2025.08.15 04:45	1.5899999999999999	1.59015	1.58999	1.59015	15
2025.08.15 04:46	1.5901	1.59017	1.5900699999999999	1.5901399999999999	16
2025.08.15 04:47	1.59015	1.5902500000000002	1.59015	1.59024	17
2025.08.15 04:48	1.59021	1.59022	1.5900699999999999	1.5900699999999999	10
2025.08.15 04:49	1.59012	1.59012	1.5899299999999998	1.59005	12
2025.08.15 04:50	1.59003	1.5900699999999999	1.58985	1.58992	10
2025.08.15 04:51	1.5899299999999998	1.5900400000000001	1.58987	1.5899	10
2025.08.15 04:52	1.5899100000000002	1.58998	1.58983	1.58998	16
2025.08.15 04:53	1.5899999999999999	1.59003	1.5899100000000002	1.5899100000000002	8
2025.08.15 04:54	1.58992	1.59002	1.58989	1.59002	10
2025.08.15 04:55	1.5899999999999999	1.5901	1.5899999999999999	1.59006	12
2025.08.15 04:56	1.59015	1.5901999999999998	1.58998	1.58998	13
2025.08.15 04:57	1.58996	1.58996	1.58994	1.58996	3
2025.08.15 04:58	1.58999	1.58999	1.5899299999999998	1.58996	4
2025.08.15 04:59	1.5899299999999998	1.59001	1.58988	1.59001	10
2025.08.15 05:00	1.59005	1.5900699999999999	1.58992	1.5900699999999999	43
2025.08.15 05:01	1.59008	1.59016	1.59005	1.59016	18
2025.08.15 05:02	1.59015	1.59028	1.59015	1.59028	22
2025.08.15 05:03	1.59028	1.59035	1.59021	1.59028	23
2025.08.15 05:04	1.59028	1.59035	1.5901999999999998	1.5902500000000002	16
2025.08.15 05:05	1.59024	1.59028	1.59012	1.5902500000000002	29
2025.08.15 05:06	1.59023	1.5903100000000001	1.59019	1.59026	28
2025.08.15 05:07	1.59028	1.59028	1.59016	1.5901800000000001	15
2025.08.15 05:08	1.5901800000000001	1.5901999999999998	1.59015	1.59015	15
2025.08.15 05:09	1.59019	1.59026	1.5901800000000001	1.5901999999999998	13
2025.08.15 05:10	1.59015	1.5901800000000001	1.5901	1.5901399999999999	21
2025.08.15 05:11	1.5901399999999999	1.5901399999999999	1.58997	1.58999	16
2025.08.15 05:12	1.58996	1.59008	1.58992	1.59005	25
2025.08.15 05:13	1.59005	1.59015	1.59002	1.5901399999999999	21
2025.08.15 05:14	1.59013	1.59013	1.58997	1.59003	19
2025.08.15 05:15	1.59006	1.59008	1.58999	1.59003	24
2025.08.15 05:16	1.59002	1.5901999999999998	1.58997	1.5901999999999998	30
2025.08.15 05:17	1.5901999999999998	1.59035	1.5901999999999998	1.5902699999999999	16
2025.08.15 05:18	1.5902500000000002	1.59035	1.59023	1.59033	25
2025.08.15 05:19	1.59036	1.59047	1.59036	1.59047	8
2025.08.15 05:20	1.5905	1.59053	1.59044	1.59049	9
2025.08.15 05:21	1.59053	1.59056	1.59042	1.5905399999999998	26
2025.08.15 05:22	1.5905200000000002	1.59056	1.5904500000000001	1.5904500000000001	7
2025.08.15 05:23	1.59042	1.59042	1.5903399999999999	1.59037	9
2025.08.15 05:24	1.59035	1.5904500000000001	1.59035	1.59042	7
2025.08.15 05:25	1.59042	1.5904500000000001	1.59035	1.5904500000000001	18
2025.08.15 05:26	1.59046	1.59046	1.59028	1.59035	16
2025.08.15 05:27	1.59035	1.5904	1.5903100000000001	1.59039	12
2025.08.15 05:28	1.59042	1.5904500000000001	1.59042	1.59042	7
2025.08.15 05:29	1.5904500000000001	1.59048	1.59043	1.59047	11
2025.08.15 05:30	1.59056	1.5906099999999999	1.59042	1.59049	17
2025.08.15 05:31	1.5905200000000002	1.59055	1.59044	1.59051	16
2025.08.15 05:32	1.59057	1.59062	1.59053	1.59055	17
2025.08.15 05:33	1.59057	1.5906099999999999	1.5905200000000002	1.5905200000000002	14
2025.08.15 05:34	1.59053	1.59055	1.59051	1.59055	5
2025.08.15 05:35	1.59053	1.59053	1.59048	1.59048	5
2025.08.15 05:36	1.59049	1.5905	1.59046	1.59047	15
2025.08.15 05:37	1.59047	1.59055	1.59047	1.5905399999999998	13
2025.08.15 05:38	1.59055	1.59059	1.59055	1.59058	4
2025.08.15 05:39	1.59058	1.5906500000000001	1.59055	1.5906	8
2025.08.15 05:40	1.59059	1.5906	1.59047	1.5905399999999998	11
2025.08.15 05:41	1.5905	1.5905200000000002	1.59046	1.59049	10
2025.08.15 05:42	1.59049	1.59057	1.5904	1.59048	28
2025.08.15 05:43	1.59048	1.5905200000000002	1.59043	1.5905200000000002	11
2025.08.15 05:44	1.59049	1.59049	1.5904	1.5904500000000001	26
2025.08.15 05:45	1.5904500000000001	1.5904500000000001	1.5903100000000001	1.59032	15
2025.08.15 05:46	1.5903100000000001	1.59035	1.5903	1.59032	52
2025.08.15 05:47	1.59035	1.59058	1.59035	1.59058	14
2025.08.15 05:48	1.59058	1.59066	1.59053	1.59063	13
2025.08.15 05:49	1.5906099999999999	1.59062	1.59057	1.59057	10
2025.08.15 05:50	1.5906	1.59062	1.59055	1.59062	9
2025.08.15 05:51	1.59064	1.5906799999999999	1.59055	1.59056	9
2025.08.15 05:52	1.59055	1.59056	1.59049	1.59055	12
2025.08.15 05:53	1.59051	1.59055	1.59047	1.59049	14
2025.08.15 05:54	1.59056	1.59056	1.59035	1.59036	18
2025.08.15 05:55	1.59035	1.59037	1.5903	1.59037	7
2025.08.15 05:56	1.59035	1.5904	1.5903100000000001	1.59036	12
2025.08.15 05:57	1.59036	1.59049	1.59035	1.59048	8
2025.08.15 05:58	1.5904500000000001	1.5904500000000001	1.59042	1.59042	8
2025.08.15 05:59	1.5904500000000001	1.59055	1.5904500000000001	1.59055	12
2025.08.15 06:00	1.59059	1.5906500000000001	1.59055	1.5906500000000001	37
2025.08.15 06:01	1.59062	1.59078	1.59062	1.59078	20
2025.08.15 06:02	1.5907499999999999	1.5907499999999999	1.59067	1.5907499999999999	9
2025.08.15 06:03	1.5907499999999999	1.59077	1.59069	1.59069	8
2025.08.15 06:04	1.59067	1.5907499999999999	1.59066	1.59071	11
2025.08.15 06:05	1.59076	1.59078	1.59069	1.5907499999999999	16
2025.08.15 06:06	1.59077	1.59085	1.59077	1.59083	19
2025.08.15 06:07	1.5907900000000001	1.59085	1.5907	1.5907	64
2025.08.15 06:08	1.5907499999999999	1.59087	1.5907499999999999	1.59087	32
2025.08.15 06:09	1.59087	1.59087	1.5907499999999999	1.59077	8
2025.08.15 06:10	1.5907499999999999	1.5907499999999999	1.59064	1.5906500000000001	16
2025.08.15 06:11	1.5906799999999999	1.5906799999999999	1.5906099999999999	1.5906500000000001	41
2025.08.15 06:12	1.59066	1.5907200000000001	1.59057	1.5906799999999999	52
2025.08.15 06:13	1.5907	1.5907499999999999	1.59062	1.5907200000000001	13
2025.08.15 06:14	1.59073	1.59073	1.59073	1.59073	1
2025.08.15 06:15	1.59076	1.59098	1.59076	1.59098	15
2025.08.15 06:16	1.59096	1.59105	1.59089	1.59104	15
2025.08.15 06:17	1.5910600000000001	1.59108	1.5909499999999999	1.591	9
2025.08.15 06:18	1.59098	1.59098	1.59093	1.59096	5
2025.08.15 06:19	1.59098	1.59107	1.59098	1.5910199999999999	17
2025.08.15 06:20	1.59105	1.59111	1.59104	1.59107	11
2025.08.15 06:21	1.59107	1.5911	1.59104	1.59109	7
2025.08.15 06:22	1.5911300000000002	1.59116	1.59112	1.59116	4
2025.08.15 06:23	1.59125	1.5913	1.59114	1.59114	13
2025.08.15 06:24	1.5911499999999998	1.59116	1.5910600000000001	1.5910600000000001	10
2025.08.15 06:25	1.59111	1.59116	1.59109	1.59109	5
2025.08.15 06:26	1.59109	1.59114	1.5910199999999999	1.59111	10
2025.08.15 06:27	1.59109	1.59109	1.59109	1.59109	1
2025.08.15 06:28	1.59112	1.59117	1.59112	1.5911499999999998	3
2025.08.15 06:29	1.59118	1.59124	1.59109	1.59112	11
2025.08.15 06:30	1.59114	1.59114	1.591	1.59107	8
2025.08.15 06:31	1.59107	1.59114	1.59107	1.59112	6
2025.08.15 06:32	1.59112	1.59127	1.59111	1.59123	18
2025.08.15 06:33	1.59123	1.59141	1.5912199999999999	1.59138	13
2025.08.15 06:34	1.5913300000000001	1.59135	1.59105	1.59117	22
2025.08.15 06:35	1.59117	1.59119	1.5910199999999999	1.59103	12
2025.08.15 06:36	1.5910600000000001	1.5913300000000001	1.5910600000000001	1.59128	15
2025.08.15 06:37	1.59125	1.59132	1.59114	1.59119	18
2025.08.15 06:38	1.5912	1.5912	1.59111	1.59111	5
2025.08.15 06:39	1.59114	1.59123	1.5911	1.59117	10
2025.08.15 06:40	1.5912199999999999	1.59124	1.59112	1.59112	14
2025.08.15 06:41	1.59112	1.59116	1.59098	1.59098	13
2025.08.15 06:42	1.591	1.59103	1.59098	1.591	9
2025.08.15 06:43	1.59097	1.59104	1.59097	1.5909900000000001	7
2025.08.15 06:44	1.59101	1.59117	1.59101	1.59117	7
2025.08.15 06:45	1.59119	1.59119	1.59107	1.59107	11
2025.08.15 06:46	1.5910600000000001	1.5910600000000001	1.59094	1.5909900000000001	7
2025.08.15 06:47	1.59097	1.591	1.5908799999999998	1.59098	11
2025.08.15 06:48	1.591	1.5910600000000001	1.59098	1.5910600000000001	14
2025.08.15 06:49	1.5910600000000001	1.5911499999999998	1.59104	1.59112	10
2025.08.15 06:50	1.5911499999999998	1.5912199999999999	1.59112	1.59118	18
2025.08.15 06:51	1.59118	1.59118	1.59103	1.5911	9
2025.08.15 06:52	1.59105	1.5911300000000002	1.5910199999999999	1.5911300000000002	9
2025.08.15 06:53	1.5911	1.5911499999999998	1.59109	1.5911300000000002	10
2025.08.15 06:54	1.59112	1.59112	1.59096	1.59101	16
2025.08.15 06:55	1.591	1.591	1.59087	1.59087	8
2025.08.15 06:56	1.5908799999999998	1.5909	1.5908799999999998	1.59089	4
2025.08.15 06:57	1.59089	1.59089	1.59083	1.59084	7
2025.08.15 06:58	1.59082	1.59083	1.59078	1.59083	11
2025.08.15 06:59	1.5907900000000001	1.59087	1.5907900000000001	1.59085	9
2025.08.15 07:00	1.5908600000000002	1.5909200000000001	1.59083	1.5908600000000002	10
2025.08.15 07:01	1.5908799999999998	1.5908799999999998	1.59082	1.59084	5
2025.08.15 07:02	1.5907900000000001	1.59085	1.5907900000000001	1.5908099999999998	6
2025.08.15 07:03	1.5908099999999998	1.59087	1.59077	1.59077	7
2025.08.15 07:04	1.5907499999999999	1.5908099999999998	1.5907499999999999	1.5908	10
2025.08.15 07:05	1.5908	1.5908	1.59077	1.59077	2
2025.08.15 07:06	1.5908	1.59082	1.59074	1.5907499999999999	9
2025.08.15 07:07	1.5907200000000001	1.59076	1.5907200000000001	1.59074	8
2025.08.15 07:08	1.59071	1.59071	1.59071	1.59071	1
2025.08.15 07:09	1.59071	1.59071	1.5906799999999999	1.5906799999999999	3
2025.08.15 07:10	1.59066	1.5907	1.59066	1.59067	3
2025.08.15 07:11	1.5907	1.5907	1.5906	1.5906	3
2025.08.15 07:12	1.5906099999999999	1.5907	1.5906099999999999	1.5907	7
2025.08.15 07:13	1.59071	1.5907900000000001	1.59071	1.5907900000000001	5
2025.08.15 07:14	1.59076	1.5908	1.5907499999999999	1.5908	7
2025.08.15 07:15	1.5908099999999998	1.59084	1.5908	1.5908	5
2025.08.15 07:16	1.59077	1.59077	1.5906500000000001	1.5906500000000001	6
2025.08.15 07:17	1.5906799999999999	1.5906799999999999	1.59064	1.59067	8
2025.08.15 07:18	1.59064	1.59064	1.59057	1.5906099999999999	8
2025.08.15 07:19	1.5906	1.59077	1.5906	1.59069	11
2025.08.15 07:20	1.5907200000000001	1.59076	1.5907200000000001	1.59076	10
2025.08.15 07:21	1.5907200000000001	1.59077	1.59067	1.59077	7
2025.08.15 07:22	1.5908099999999998	1.59084	1.59076	1.59076	12
2025.08.15 07:23	1.59076	1.5909200000000001	1.59076	1.59091	6
2025.08.15 07:24	1.5909200000000001	1.5909499999999999	1.5908799999999998	1.59091	7
2025.08.15 07:25	1.5909499999999999	1.59097	1.59089	1.59089	10
2025.08.15 07:26	1.59089	1.591	1.59089	1.5909200000000001	10
2025.08.15 07:27	1.5909499999999999	1.59101	1.5909499999999999	1.59097	4
2025.08.15 07:28	1.5909499999999999	1.59098	1.59093	1.59097	8
2025.08.15 07:29	1.5909200000000001	1.5909499999999999	1.5908799999999998	1.5908799999999998	7
2025.08.15 07:30	1.59091	1.5909900000000001	1.59091	1.5909499999999999	12
2025.08.15 07:31	1.5909499999999999	1.591	1.5909499999999999	1.59097	5
2025.08.15 07:32	1.59094	1.59096	1.59094	1.59096	5
2025.08.15 07:33	1.5909900000000001	1.59105	1.59091	1.59091	8
2025.08.15 07:34	1.5908799999999998	1.5908799999999998	1.5908	1.5908	3
2025.08.15 07:35	1.59077	1.5908099999999998	1.59077	1.5908099999999998	2
2025.08.15 07:36	1.59082	1.59085	1.5907900000000001	1.59083	5
2025.08.15 07:37	1.5908	1.59091	1.5908	1.59091	7
2025.08.15 07:38	1.59094	1.5910199999999999	1.59094	1.59098	5
2025.08.15 07:39	1.59093	1.5909499999999999	1.59093	1.59093	9
2025.08.15 07:40	1.5909499999999999	1.59103	1.59094	1.59097	13
2025.08.15 07:41	1.59093	1.5909499999999999	1.59093	1.5909499999999999	2
2025.08.15 07:42	1.5909200000000001	1.59093	1.5909200000000001	1.59093	2
2025.08.15 07:43	1.5909200000000001	1.59107	1.5909200000000001	1.59107	5
2025.08.15 07:44	1.59107	1.5911	1.591	1.5911	4
2025.08.15 07:45	1.59108	1.59108	1.59107	1.59107	2
2025.08.15 07:46	1.59114	1.59116	1.5911300000000002	1.5911499999999998	15
2025.08.15 07:47	1.5911300000000002	1.59118	1.5911300000000002	1.59118	7
2025.08.15 07:48	1.59118	1.59118	1.59105	1.59111	9
2025.08.15 07:49	1.59114	1.59119	1.5911	1.5911	12
2025.08.15 07:50	1.5911300000000002	1.59125	1.5911300000000002	1.5912	11
2025.08.15 07:51	1.59118	1.59125	1.59118	1.59119	3
2025.08.15 07:52	1.59119	1.59125	1.59116	1.59125	16
2025.08.15 07:53	1.59125	1.59131	1.59125	1.5912899999999999	7
2025.08.15 07:54	1.5912899999999999	1.59135	1.5912600000000001	1.5912600000000001	9
2025.08.15 07:55	1.59127	1.59131	1.5912199999999999	1.59131	8
2025.08.15 07:56	1.59131	1.59131	1.5912899999999999	1.5913	4
2025.08.15 07:57	1.5912899999999999	1.5912899999999999	1.59118	1.59125	14
2025.08.15 07:58	1.59125	1.5912899999999999	1.59125	1.5912899999999999	13
2025.08.15 07:59	1.5912899999999999	1.5912899999999999	1.5912199999999999	1.59125	6
2025.08.15 08:00	1.5912199999999999	1.59124	1.59118	1.5912	6
2025.08.15 08:01	1.59117	1.5912	1.59114	1.59114	9
2025.08.15 08:02	1.59114	1.5911499999999998	1.59108	1.59108	15
2025.08.15 08:03	1.59111	1.59114	1.59107	1.59107	6
2025.08.15 08:04	1.5911	1.5911300000000002	1.59108	1.59112	4
2025.08.15 08:05	1.59114	1.5912199999999999	1.59114	1.5912199999999999	9
2025.08.15 08:06	1.5912	1.59123	1.59117	1.59123	6
2025.08.15 08:07	1.59128	1.59131	1.5911300000000002	1.59119	18
2025.08.15 08:08	1.59127	1.5913	1.59124	1.5912600000000001	7
2025.08.15 08:09	1.59128	1.5912899999999999	1.59128	1.5912899999999999	2
2025.08.15 08:10	1.5913300000000001	1.59135	1.5912600000000001	1.5913	19
2025.08.15 08:11	1.5913300000000001	1.59137	1.5913	1.59135	6
2025.08.15 08:12	1.59132	1.59132	1.59123	1.59123	6
2025.08.15 08:13	1.59125	1.59138	1.5912199999999999	1.59135	14
2025.08.15 08:14	1.59137	1.59137	1.59127	1.5913599999999999	9
2025.08.15 08:15	1.5912899999999999	1.5912899999999999	1.5912899999999999	1.5912899999999999	1
2025.08.15 08:16	1.5912899999999999	1.5912899999999999	1.5912199999999999	1.59124	9
2025.08.15 08:17	1.59128	1.5914700000000002	1.59127	1.59145	8
2025.08.15 08:18	1.59145	1.5914899999999998	1.59145	1.5914700000000002	5
2025.08.15 08:19	1.5914899999999998	1.5915	1.59141	1.59145	12
2025.08.15 08:20	1.59143	1.5914899999999998	1.59143	1.5914899999999998	3
2025.08.15 08:21	1.5914899999999998	1.59155	1.5914899999999998	1.59155	2
2025.08.15 08:22	1.5914899999999998	1.59154	1.5914700000000002	1.59154	4
2025.08.15 08:23	1.5915300000000001	1.5915300000000001	1.59145	1.59145	3
2025.08.15 08:24	1.59145	1.59145	1.59145	1.59145	1
2025.08.15 08:25	1.59145	1.5915300000000001	1.59145	1.5914700000000002	9
2025.08.15 08:26	1.5914700000000002	1.5914700000000002	1.59135	1.5913599999999999	10
2025.08.15 08:27	1.59138	1.59138	1.5913	1.59134	17
2025.08.15 08:28	1.59135	1.59145	1.59135	1.59144	25
2025.08.15 08:29	1.59145	1.59145	1.59144	1.59144	4
2025.08.15 08:30	1.59144	1.59144	1.59125	1.59125	12
2025.08.15 08:31	1.59127	1.59135	1.59125	1.59135	7
2025.08.15 08:32	1.59134	1.59151	1.59134	1.5914899999999998	9
2025.08.15 08:33	1.59154	1.59154	1.5914199999999998	1.59143	9
2025.08.15 08:34	1.5914199999999998	1.5914199999999998	1.5913300000000001	1.59135	7
2025.08.15 08:35	1.59134	1.59143	1.59128	1.5914000000000001	16
2025.08.15 08:36	1.5914199999999998	1.5914899999999998	1.5914000000000001	1.5914000000000001	42
2025.08.15 08:37	1.5914000000000001	1.5914000000000001	1.5913300000000001	1.5913300000000001	4
2025.08.15 08:38	1.59134	1.5914899999999998	1.59134	1.5914700000000002	6
2025.08.15 08:39	1.5914899999999998	1.59151	1.59141	1.59141	20
2025.08.15 08:40	1.5914000000000001	1.59145	1.59131	1.59138	43
2025.08.15 08:41	1.5914000000000001	1.59146	1.59138	1.59144	14
2025.08.15 08:42	1.5914199999999998	1.5914199999999998	1.59135	1.59137	5
2025.08.15 08:43	1.5914199999999998	1.59151	1.5914000000000001	1.5914700000000002	12
2025.08.15 08:44	1.59145	1.59146	1.59135	1.59145	18
2025.08.15 08:45	1.59145	1.59151	1.5914199999999998	1.59145	8
2025.08.15 08:46	1.59148	1.59155	1.59145	1.59155	7
2025.08.15 08:47	1.59155	1.59155	1.59135	1.59135	11
2025.08.15 08:48	1.59135	1.59145	1.5913300000000001	1.59145	23
2025.08.15 08:49	1.59145	1.59146	1.59135	1.59146	20
2025.08.15 08:50	1.5915	1.5915	1.59141	1.59146	12
2025.08.15 08:51	1.59145	1.5915300000000001	1.59143	1.59151	27
2025.08.15 08:52	1.5914899999999998	1.59152	1.59146	1.5915	8
2025.08.15 08:53	1.59154	1.59164	1.5915	1.59164	13
2025.08.15 08:54	1.59164	1.59165	1.59154	1.5916000000000001	30
2025.08.15 08:55	1.5916000000000001	1.59182	1.59158	1.5917599999999998	50
2025.08.15 08:56	1.5917599999999998	1.5919400000000001	1.59175	1.59177	37
2025.08.15 08:57	1.59178	1.5918700000000001	1.59178	1.59185	10
2025.08.15 08:58	1.5918299999999999	1.59191	1.5918299999999999	1.59186	18
2025.08.15 08:59	1.59184	1.5919400000000001	1.59182	1.59189	9
2025.08.15 09:00	1.5918999999999999	1.59193	1.59166	1.59166	26
2025.08.15 09:01	1.59169	1.59205	1.59169	1.59196	30
2025.08.15 09:02	1.59198	1.59205	1.59193	1.59193	20
2025.08.15 09:03	1.59195	1.59207	1.59193	1.59205	18
2025.08.15 09:04	1.59204	1.59213	1.59191	1.5919400000000001	21
2025.08.15 09:05	1.59195	1.5920100000000001	1.59189	1.5919699999999999	13
2025.08.15 09:06	1.592	1.59218	1.592	1.5920800000000002	19
2025.08.15 09:07	1.5920800000000002	1.5920800000000002	1.59186	1.59198	12
2025.08.15 09:08	1.59193	1.5919699999999999	1.59185	1.59185	15
2025.08.15 09:09	1.59189	1.59192	1.59181	1.59181	14
2025.08.15 09:10	1.5918299999999999	1.5918999999999999	1.59171	1.59171	14
2025.08.15 09:11	1.5917400000000002	1.59177	1.59171	1.59173	15
2025.08.15 09:12	1.59173	1.59175	1.59148	1.5915300000000001	12
2025.08.15 09:13	1.5915599999999999	1.5915599999999999	1.5912899999999999	1.5912899999999999	21
2025.08.15 09:14	1.59132	1.59144	1.59128	1.59138	14
2025.08.15 09:15	1.59134	1.59134	1.5910600000000001	1.59114	27
2025.08.15 09:16	1.59111	1.5911499999999998	1.5910199999999999	1.59107	15
2025.08.15 09:17	1.59105	1.59127	1.59105	1.59105	25
2025.08.15 09:18	1.59105	1.59105	1.59087	1.59087	24
2025.08.15 09:19	1.59089	1.59097	1.59085	1.59094	26
2025.08.15 09:20	1.59096	1.59105	1.5908600000000002	1.5909200000000001	27
2025.08.15 09:21	1.5909200000000001	1.59104	1.5909200000000001	1.59101	13
2025.08.15 09:22	1.59101	1.59103	1.59091	1.59091	7
2025.08.15 09:23	1.59089	1.59105	1.59089	1.59105	9
2025.08.15 09:24	1.59105	1.5911	1.59097	1.5910199999999999	18
2025.08.15 09:25	1.5910199999999999	1.5910199999999999	1.59076	1.59085	19
2025.08.15 09:26	1.59085	1.59085	1.5907200000000001	1.5907499999999999	18
2025.08.15 09:27	1.5907499999999999	1.59085	1.59062	1.59062	24
2025.08.15 09:28	1.59062	1.59066	1.59055	1.59066	13
2025.08.15 09:29	1.59067	1.5907900000000001	1.59066	1.5907900000000001	11
2025.08.15 09:30	1.5907900000000001	1.59097	1.5907900000000001	1.59089	17
2025.08.15 09:31	1.5909200000000001	1.5909200000000001	1.5908099999999998	1.5908799999999998	11
2025.08.15 09:32	1.5909499999999999	1.5909499999999999	1.59073	1.59085	23
2025.08.15 09:33	1.5908099999999998	1.59105	1.5907900000000001	1.5909499999999999	35
2025.08.15 09:34	1.5909499999999999	1.5909499999999999	1.59074	1.5908099999999998	31
2025.08.15 09:35	1.59085	1.59105	1.59085	1.5910199999999999	17
2025.08.15 09:36	1.5910199999999999	1.5910199999999999	1.5909	1.5909200000000001	27
2025.08.15 09:37	1.59094	1.59098	1.5909	1.5909499999999999	15
2025.08.15 09:38	1.5909499999999999	1.5910199999999999	1.59094	1.59101	14
2025.08.15 09:39	1.59105	1.5911499999999998	1.59101	1.59107	22
2025.08.15 09:40	1.59107	1.5911499999999998	1.59085	1.59085	8
2025.08.15 09:41	1.5909	1.5909	1.59071	1.59071	16
2025.08.15 09:42	1.59074	1.5907900000000001	1.59067	1.59067	6
2025.08.15 09:43	1.59067	1.59074	1.59062	1.5907200000000001	11
2025.08.15 09:44	1.5907	1.5907499999999999	1.59053	1.5907499999999999	19
2025.08.15 09:45	1.5907	1.59089	1.59066	1.5906799999999999	20
2025.08.15 09:46	1.5906799999999999	1.5908	1.5906799999999999	1.5907	16
2025.08.15 09:47	1.5907499999999999	1.5907499999999999	1.5906099999999999	1.5906500000000001	14
2025.08.15 09:48	1.5907499999999999	1.5908	1.5906500000000001	1.59076	22
2025.08.15 09:49	1.59076	1.59091	1.59076	1.59091	12
2025.08.15 09:50	1.5909200000000001	1.59105	1.5909	1.5910199999999999	23
2025.08.15 09:51	1.5910199999999999	1.59123	1.5910199999999999	1.59123	18
2025.08.15 09:52	1.5912600000000001	1.5912600000000001	1.59118	1.59121	6
2025.08.15 09:53	1.59118	1.5913300000000001	1.5911300000000002	1.59118	13
2025.08.15 09:54	1.5912	1.59135	1.5912	1.59135	12
2025.08.15 09:55	1.5913599999999999	1.59159	1.5913599999999999	1.59159	28
2025.08.15 09:56	1.5916000000000001	1.5916000000000001	1.59145	1.59148	11
2025.08.15 09:57	1.59144	1.5916000000000001	1.59144	1.59151	14
2025.08.15 09:58	1.5915300000000001	1.5916000000000001	1.59143	1.59145	30
2025.08.15 09:59	1.59145	1.59145	1.59135	1.59138	16
2025.08.15 10:00	1.59138	1.59146	1.59128	1.5913	38
2025.08.15 10:01	1.5913	1.59144	1.59128	1.59139	16
2025.08.15 10:02	1.5914199999999998	1.5915599999999999	1.5914199999999998	1.59154	20
2025.08.15 10:03	1.59155	1.59157	1.59145	1.59145	7
2025.08.15 10:04	1.59148	1.59159	1.59137	1.59155	27
2025.08.15 10:05	1.5915300000000001	1.59172	1.5915	1.59169	24
2025.08.15 10:06	1.59173	1.59193	1.5917	1.5918999999999999	22
2025.08.15 10:07	1.5919400000000001	1.5919400000000001	1.5917	1.59178	22
2025.08.15 10:08	1.5918	1.59188	1.59177	1.59185	12
2025.08.15 10:09	1.59185	1.59199	1.5917	1.59195	32
2025.08.15 10:10	1.59196	1.5920299999999998	1.59185	1.5918700000000001	17
2025.08.15 10:11	1.5918700000000001	1.59202	1.59179	1.5919400000000001	14
2025.08.15 10:12	1.5919699999999999	1.59204	1.59189	1.59189	16
2025.08.15 10:13	1.59185	1.5918700000000001	1.5917599999999998	1.5917599999999998	23
2025.08.15 10:14	1.59175	1.59175	1.59145	1.5917	41
2025.08.15 10:15	1.59173	1.59173	1.5911499999999998	1.59135	38
2025.08.15 10:16	1.59135	1.59135	1.59125	1.59128	30
2025.08.15 10:17	1.59127	1.5912899999999999	1.59089	1.5909200000000001	39
2025.08.15 10:18	1.5909499999999999	1.59111	1.5909499999999999	1.5910600000000001	24
2025.08.15 10:19	1.5910199999999999	1.59105	1.59089	1.59101	15
2025.08.15 10:20	1.59103	1.5912899999999999	1.59103	1.5912899999999999	14
2025.08.15 10:21	1.59128	1.59144	1.59128	1.59139	13
2025.08.15 10:22	1.59141	1.59141	1.5911499999999998	1.5912	15
2025.08.15 10:23	1.59123	1.59131	1.59114	1.59131	8
2025.08.15 10:24	1.59128	1.59128	1.59103	1.59123	19
2025.08.15 10:25	1.5912199999999999	1.59131	1.5911	1.59116	19
2025.08.15 10:26	1.5911499999999998	1.5912	1.59098	1.591	19
2025.08.15 10:27	1.59101	1.59105	1.59085	1.59085	16
2025.08.15 10:28	1.59089	1.59105	1.5908799999999998	1.59103	18
2025.08.15 10:29	1.59103	1.59114	1.59094	1.59094	10
2025.08.15 10:30	1.59094	1.59103	1.59076	1.5909	27
2025.08.15 10:31	1.59091	1.59109	1.59091	1.5910600000000001	19
2025.08.15 10:32	1.59108	1.59108	1.5908600000000002	1.59087	13
2025.08.15 10:33	1.59089	1.59108	1.59087	1.5909200000000001	16
2025.08.15 10:34	1.59096	1.5911	1.59091	1.59105	17
2025.08.15 10:35	1.5910199999999999	1.59116	1.5910199999999999	1.5911	14
2025.08.15 10:36	1.5911300000000002	1.59117	1.5909900000000001	1.59116	18
2025.08.15 10:37	1.5911300000000002	1.5913	1.5911300000000002	1.5912199999999999	15
2025.08.15 10:38	1.59119	1.5912600000000001	1.59108	1.59118	17
2025.08.15 10:39	1.59112	1.59145	1.5911	1.59145	20
2025.08.15 10:40	1.59146	1.59172	1.59143	1.59168	27
2025.08.15 10:41	1.59172	1.59175	1.5916000000000001	1.59164	17
2025.08.15 10:42	1.59166	1.5916700000000001	1.59162	1.59165	5
2025.08.15 10:43	1.59168	1.59188	1.59154	1.59182	19
2025.08.15 10:44	1.59182	1.59199	1.59182	1.59199	17
2025.08.15 10:45	1.59196	1.592	1.5918700000000001	1.59198	24
2025.08.15 10:46	1.5920100000000001	1.5920999999999998	1.5920100000000001	1.59207	10
2025.08.15 10:47	1.59202	1.59218	1.5920100000000001	1.59218	9
2025.08.15 10:48	1.59215	1.5922100000000001	1.59215	1.59219	5
2025.08.15 10:49	1.5922100000000001	1.5922399999999999	1.59212	1.59212	10
2025.08.15 10:50	1.59215	1.59256	1.59215	1.59254	17
2025.08.15 10:51	1.5925500000000001	1.5925500000000001	1.59241	1.59246	11
2025.08.15 10:52	1.59247	1.59247	1.59225	1.5923699999999998	13
2025.08.15 10:53	1.5923500000000002	1.5923500000000002	1.5922100000000001	1.59234	10
2025.08.15 10:54	1.5923500000000002	1.59256	1.5923500000000002	1.5925099999999999	24
2025.08.15 10:55	1.5926	1.59277	1.5926	1.59275	15
2025.08.15 10:56	1.5927	1.59275	1.59246	1.5925500000000001	13
2025.08.15 10:57	1.59254	1.5926	1.5924800000000001	1.5926	26
2025.08.15 10:58	1.59257	1.59257	1.5922800000000001	1.5922800000000001	26
2025.08.15 10:59	1.5923	1.5925500000000001	1.5923	1.59245	33
2025.08.15 11:00	1.59245	1.59252	1.59225	1.5923500000000002	41
2025.08.15 11:01	1.59233	1.5923500000000002	1.5921699999999999	1.59219	26
2025.08.15 11:02	1.5922100000000001	1.5922800000000001	1.5922100000000001	1.59227	11
2025.08.15 11:03	1.59229	1.5923500000000002	1.59219	1.5923500000000002	21
2025.08.15 11:04	1.5923699999999998	1.5924	1.59216	1.59219	13
2025.08.15 11:05	1.59219	1.5922800000000001	1.5920299999999998	1.5920299999999998	25
2025.08.15 11:06	1.59205	1.5921699999999999	1.5919699999999999	1.59205	23
2025.08.15 11:07	1.59205	1.59206	1.59189	1.59192	25
2025.08.15 11:08	1.59191	1.59198	1.59175	1.59177	23
2025.08.15 11:09	1.59175	1.59185	1.5917400000000002	1.59185	26
2025.08.15 11:10	1.59185	1.59185	1.59168	1.59169	27
2025.08.15 11:11	1.59169	1.59185	1.59165	1.59185	21
2025.08.15 11:12	1.59185	1.59207	1.59185	1.59195	37
2025.08.15 11:13	1.59195	1.59198	1.59184	1.59189	26
2025.08.15 11:14	1.59189	1.59189	1.5916700000000001	1.59168	16
2025.08.15 11:15	1.59168	1.59178	1.5916000000000001	1.59178	13
2025.08.15 11:16	1.5918	1.59188	1.59178	1.59185	24
2025.08.15 11:17	1.59185	1.59199	1.59175	1.59199	20
2025.08.15 11:18	1.59185	1.59195	1.5918299999999999	1.59191	24
2025.08.15 11:19	1.59191	1.59191	1.59179	1.59179	15
2025.08.15 11:20	1.59179	1.59179	1.59165	1.59175	17
2025.08.15 11:21	1.59177	1.59186	1.59169	1.59175	14
2025.08.15 11:22	1.59175	1.59182	1.59173	1.59173	14
2025.08.15 11:23	1.59175	1.59175	1.5916700000000001	1.5917	8
2025.08.15 11:24	1.59168	1.59175	1.5915	1.5915	26
2025.08.15 11:25	1.5914899999999998	1.5915599999999999	1.59139	1.59155	27
2025.08.15 11:26	1.59151	1.59158	1.59143	1.59158	13
2025.08.15 11:27	1.59157	1.59161	1.59146	1.59148	18
2025.08.15 11:28	1.59151	1.59161	1.59151	1.59159	22
2025.08.15 11:29	1.59157	1.59165	1.59145	1.59152	24
2025.08.15 11:30	1.59151	1.59177	1.59148	1.59177	20
2025.08.15 11:31	1.5918	1.59184	1.59141	1.5914899999999998	46
2025.08.15 11:32	1.5914899999999998	1.59161	1.5914899999999998	1.59157	22
2025.08.15 11:33	1.59161	1.5916700000000001	1.59141	1.5914700000000002	21
2025.08.15 11:34	1.59146	1.59158	1.59141	1.59157	15
2025.08.15 11:35	1.5916000000000001	1.59168	1.5916000000000001	1.5916700000000001	7
2025.08.15 11:36	1.59164	1.59169	1.59161	1.5916700000000001	8
2025.08.15 11:37	1.5917	1.5918700000000001	1.59166	1.59185	22
2025.08.15 11:38	1.59185	1.59188	1.59158	1.59165	16
2025.08.15 11:39	1.59166	1.59175	1.59155	1.59165	17
2025.08.15 11:40	1.59165	1.59165	1.59145	1.59145	14
2025.08.15 11:41	1.59145	1.59148	1.59135	1.59148	15
2025.08.15 11:42	1.59148	1.59148	1.59145	1.5914700000000002	7
2025.08.15 11:43	1.5914700000000002	1.59148	1.59135	1.59148	16
2025.08.15 11:44	1.59145	1.59173	1.59137	1.59169	24
2025.08.15 11:45	1.59172	1.59182	1.59169	1.5917599999999998	11
2025.08.15 11:46	1.59178	1.5924	1.59178	1.59236	18
2025.08.15 11:47	1.5923699999999998	1.59246	1.59234	1.59246	9
2025.08.15 11:48	1.59247	1.59274	1.5924399999999999	1.59256	18
2025.08.15 11:49	1.59256	1.59268	1.59241	1.5926399999999998	22
2025.08.15 11:50	1.59263	1.59263	1.5924399999999999	1.59249	16
2025.08.15 11:51	1.59249	1.59291	1.5924800000000001	1.5926399999999998	26
2025.08.15 11:52	1.5926200000000001	1.59265	1.59249	1.59249	14
2025.08.15 11:53	1.5925099999999999	1.59257	1.5924399999999999	1.59249	11
2025.08.15 11:54	1.59246	1.59252	1.59243	1.59243	12
2025.08.15 11:55	1.5924800000000001	1.5925099999999999	1.5924399999999999	1.59245	9
2025.08.15 11:56	1.5924800000000001	1.59254	1.59245	1.5925	11
2025.08.15 11:57	1.59247	1.59247	1.5922800000000001	1.59241	22
2025.08.15 11:58	1.59239	1.59241	1.59234	1.5924	8
2025.08.15 11:59	1.5923699999999998	1.59246	1.5923699999999998	1.59246	11
2025.08.15 12:00	1.5925099999999999	1.5925099999999999	1.5924	1.59247	8
2025.08.15 12:01	1.5924399999999999	1.5925099999999999	1.59234	1.59234	15
2025.08.15 12:02	1.5923	1.5923	1.59212	1.59219	20
2025.08.15 12:03	1.5922100000000001	1.5923699999999998	1.5922	1.59226	12
2025.08.15 12:04	1.59226	1.59245	1.59207	1.59243	20
2025.08.15 12:05	1.59245	1.5924800000000001	1.5922399999999999	1.5922399999999999	12
2025.08.15 12:06	1.5921699999999999	1.5925500000000001	1.59214	1.5925500000000001	38
2025.08.15 12:07	1.5925500000000001	1.5925500000000001	1.5924	1.59245	16
2025.08.15 12:08	1.59243	1.59245	1.59232	1.59239	26
2025.08.15 12:09	1.5924	1.59259	1.5924	1.59259	9
2025.08.15 12:10	1.5926	1.59275	1.5926	1.5926	22
2025.08.15 12:11	1.59252	1.5925799999999999	1.59243	1.5925	21
2025.08.15 12:12	1.59253	1.59257	1.59249	1.59249	12
2025.08.15 12:13	1.59247	1.59247	1.59232	1.5923500000000002	10
2025.08.15 12:14	1.59236	1.59238	1.5921699999999999	1.5921699999999999	18
2025.08.15 12:15	1.59218	1.59225	1.59202	1.59216	20
2025.08.15 12:16	1.5921699999999999	1.59226	1.5921699999999999	1.59222	10
2025.08.15 12:17	1.5922100000000001	1.59249	1.5922100000000001	1.59243	18
2025.08.15 12:18	1.5924	1.59252	1.59239	1.59239	19
2025.08.15 12:19	1.59242	1.59246	1.5923699999999998	1.59243	9
2025.08.15 12:20	1.59242	1.59259	1.59242	1.59242	14
2025.08.15 12:21	1.5924	1.59242	1.59222	1.5923699999999998	22
2025.08.15 12:22	1.5923699999999998	1.59242	1.5923	1.5923500000000002	21
2025.08.15 12:23	1.5923500000000002	1.5923500000000002	1.5922800000000001	1.5923	11
2025.08.15 12:24	1.5923	1.5923500000000002	1.59216	1.59226	38
2025.08.15 12:25	1.5922800000000001	1.59236	1.59225	1.59231	18
2025.08.15 12:26	1.59232	1.5923500000000002	1.59225	1.59233	18
2025.08.15 12:27	1.59231	1.5923699999999998	1.5922800000000001	1.5922800000000001	14
2025.08.15 12:28	1.59231	1.59231	1.59189	1.59189	25
2025.08.15 12:29	1.5918700000000001	1.59205	1.5918700000000001	1.59188	20
2025.08.15 12:30	1.59195	1.59198	1.59185	1.5918999999999999	24
2025.08.15 12:31	1.59189	1.59211	1.59186	1.5920100000000001	37
2025.08.15 12:32	1.592	1.59204	1.59198	1.59198	6
2025.08.15 12:33	1.59198	1.592	1.5918	1.5918	15
2025.08.15 12:34	1.5918	1.5918299999999999	1.59159	1.59164	16
2025.08.15 12:35	1.59164	1.5916700000000001	1.59158	1.5916700000000001	16
2025.08.15 12:36	1.5916700000000001	1.5917	1.59151	1.59155	22
2025.08.15 12:37	1.59155	1.59165	1.59152	1.59152	23
2025.08.15 12:38	1.59154	1.59155	1.59139	1.5914199999999998	50
2025.08.15 12:39	1.59144	1.5916700000000001	1.59139	1.5916700000000001	27
2025.08.15 12:40	1.59175	1.59175	1.59157	1.59166	21
2025.08.15 12:41	1.59165	1.59169	1.5915599999999999	1.59159	21
2025.08.15 12:42	1.59157	1.59169	1.59157	1.59166	22
2025.08.15 12:43	1.5916700000000001	1.59185	1.5916700000000001	1.59175	17
2025.08.15 12:44	1.5917599999999998	1.59185	1.59175	1.59175	16
2025.08.15 12:45	1.59175	1.5918299999999999	1.59175	1.5917599999999998	12
2025.08.15 12:46	1.5917599999999998	1.5918	1.59173	1.59175	16
2025.08.15 12:47	1.59175	1.59179	1.59171	1.59175	10
2025.08.15 12:48	1.59175	1.59177	1.59152	1.59157	21
2025.08.15 12:49	1.59157	1.59175	1.59157	1.59175	19
2025.08.15 12:50	1.59175	1.59175	1.5916700000000001	1.59168	16
2025.08.15 12:51	1.59168	1.59175	1.59141	1.59143	21
2025.08.15 12:52	1.59145	1.5916700000000001	1.59145	1.5916700000000001	20
2025.08.15 12:53	1.59169	1.59175	1.59155	1.59166	19
2025.08.15 12:54	1.59165	1.59165	1.5914899999999998	1.59155	20
2025.08.15 12:55	1.5915599999999999	1.59166	1.5915	1.59155	40
2025.08.15 12:56	1.59155	1.59165	1.59154	1.59155	12
2025.08.15 12:57	1.59157	1.59178	1.59155	1.59155	29
2025.08.15 12:58	1.5915599999999999	1.5917	1.5915599999999999	1.59165	25
2025.08.15 12:59	1.59161	1.59175	1.5915	1.59159	24
2025.08.15 13:00	1.5916299999999999	1.5917	1.59152	1.59165	30
2025.08.15 13:01	1.59157	1.59165	1.59141	1.59145	29
2025.08.15 13:02	1.59145	1.59146	1.59135	1.59145	19
2025.08.15 13:03	1.59137	1.59165	1.59135	1.59155	16
2025.08.15 13:04	1.5914899999999998	1.59158	1.59145	1.59155	16
2025.08.15 13:05	1.59155	1.59165	1.59145	1.59145	15
2025.08.15 13:06	1.59145	1.5914899999999998	1.59125	1.5912600000000001	16
2025.08.15 13:07	1.5912600000000001	1.59145	1.59119	1.5914000000000001	13
2025.08.15 13:08	1.5914000000000001	1.59146	1.5913	1.59135	17
2025.08.15 13:09	1.59137	1.5914700000000002	1.5913599999999999	1.59141	19
2025.08.15 13:10	1.59145	1.59155	1.59135	1.59141	11
2025.08.15 13:11	1.59145	1.5914700000000002	1.5913599999999999	1.5913599999999999	27
2025.08.15 13:12	1.5913599999999999	1.59148	1.59135	1.59143	17
2025.08.15 13:13	1.59145	1.59154	1.59135	1.59137	14
2025.08.15 13:14	1.59138	1.59151	1.59138	1.59146	10
2025.08.15 13:15	1.59146	1.59159	1.59139	1.59139	19
2025.08.15 13:16	1.59145	1.59145	1.59125	1.5912600000000001	13
2025.08.15 13:17	1.59128	1.59148	1.59128	1.59145	21
2025.08.15 13:18	1.59148	1.5915	1.59135	1.5913599999999999	13
2025.08.15 13:19	1.5913599999999999	1.59157	1.59135	1.59146	20
2025.08.15 13:20	1.59148	1.59162	1.5914700000000002	1.59162	11
2025.08.15 13:21	1.5916000000000001	1.5916000000000001	1.59151	1.59155	8
2025.08.15 13:22	1.59155	1.5915599999999999	1.5914899999999998	1.5914899999999998	5
2025.08.15 13:23	1.59148	1.59148	1.5912899999999999	1.59132	18
2025.08.15 13:24	1.59132	1.5914000000000001	1.5912899999999999	1.59138	20
2025.08.15 13:25	1.5913599999999999	1.5913599999999999	1.59128	1.59135	17
2025.08.15 13:26	1.59132	1.5914700000000002	1.59132	1.59144	8
2025.08.15 13:27	1.59144	1.59144	1.5914000000000001	1.5914199999999998	5
2025.08.15 13:28	1.5914000000000001	1.59152	1.59135	1.59137	11
2025.08.15 13:29	1.59132	1.5913599999999999	1.5913	1.59134	11
2025.08.15 13:30	1.59134	1.5914199999999998	1.5912600000000001	1.5912600000000001	14
2025.08.15 13:31	1.59125	1.59135	1.59109	1.5911	24
2025.08.15 13:32	1.59107	1.5912899999999999	1.5910600000000001	1.59125	16
2025.08.15 13:33	1.5912600000000001	1.59135	1.5912	1.5912	10
2025.08.15 13:34	1.5912	1.5912	1.59109	1.5911499999999998	18
2025.08.15 13:35	1.5911499999999998	1.5912600000000001	1.5911499999999998	1.5912600000000001	6
2025.08.15 13:36	1.59128	1.5913599999999999	1.59125	1.5913599999999999	12
2025.08.15 13:37	1.59135	1.59135	1.59134	1.59135	3
2025.08.15 13:38	1.5913599999999999	1.5914000000000001	1.5912199999999999	1.5912199999999999	11
2025.08.15 13:39	1.59121	1.5912600000000001	1.59119	1.59125	13
2025.08.15 13:40	1.59128	1.59138	1.59125	1.5913300000000001	15
2025.08.15 13:41	1.59132	1.5913599999999999	1.5912	1.59123	12
2025.08.15 13:42	1.59121	1.5912899999999999	1.59112	1.59116	17
2025.08.15 13:43	1.5912199999999999	1.5912199999999999	1.59105	1.59107	22
2025.08.15 13:44	1.5910600000000001	1.59112	1.5909499999999999	1.59098	16
2025.08.15 13:45	1.5909499999999999	1.5911	1.5909499999999999	1.59105	20
2025.08.15 13:46	1.59105	1.59105	1.5907499999999999	1.5907499999999999	22
2025.08.15 13:47	1.5907499999999999	1.59087	1.5907499999999999	1.5907900000000001	9
2025.08.15 13:48	1.59078	1.59104	1.59078	1.59085	40
2025.08.15 13:49	1.59085	1.59116	1.59085	1.59112	40
2025.08.15 13:50	1.59112	1.5911499999999998	1.59103	1.5910600000000001	14
2025.08.15 13:51	1.5910600000000001	1.59116	1.5910600000000001	1.59116	20
2025.08.15 13:52	1.59116	1.59119	1.5911300000000002	1.5911300000000002	11
2025.08.15 13:53	1.5911499999999998	1.59119	1.5910600000000001	1.59112	24
2025.08.15 13:54	1.59112	1.5912	1.59112	1.59118	9
2025.08.15 13:55	1.5911499999999998	1.59123	1.59108	1.59114	13
2025.08.15 13:56	1.5911499999999998	1.59117	1.59108	1.59108	15
2025.08.15 13:57	1.59104	1.5910600000000001	1.5909200000000001	1.5909200000000001	11
2025.08.15 13:58	1.5908799999999998	1.59093	1.5907900000000001	1.5907900000000001	17
2025.08.15 13:59	1.59078	1.59087	1.59078	1.5908	20
2025.08.15 14:00	1.5907499999999999	1.59111	1.59064	1.59111	35
2025.08.15 14:01	1.5911300000000002	1.5911300000000002	1.5909499999999999	1.5909499999999999	10
2025.08.15 14:02	1.5909499999999999	1.59097	1.5909200000000001	1.5909499999999999	17
2025.08.15 14:03	1.59097	1.5909900000000001	1.5909200000000001	1.5909499999999999	12
2025.08.15 14:04	1.59098	1.59105	1.59097	1.5909900000000001	11
2025.08.15 14:05	1.5909900000000001	1.5909900000000001	1.5909499999999999	1.5909499999999999	5
2025.08.15 14:06	1.59097	1.59103	1.5909499999999999	1.59098	6
2025.08.15 14:07	1.5910199999999999	1.59116	1.591	1.591	16
2025.08.15 14:08	1.591	1.591	1.59085	1.59085	14
2025.08.15 14:09	1.59085	1.59085	1.5907200000000001	1.59078	24
2025.08.15 14:10	1.59077	1.59085	1.59077	1.59085	19
2025.08.15 14:11	1.59085	1.59091	1.59082	1.59087	17
2025.08.15 14:12	1.5909499999999999	1.59101	1.5909200000000001	1.59101	5
2025.08.15 14:13	1.59101	1.59112	1.5909900000000001	1.59105	11
2025.08.15 14:14	1.59105	1.5911300000000002	1.59105	1.5911	8
2025.08.15 14:15	1.59112	1.5911499999999998	1.59107	1.59111	9
2025.08.15 14:16	1.59111	1.59117	1.59101	1.59101	10
2025.08.15 14:17	1.59103	1.59108	1.59096	1.5910199999999999	21
2025.08.15 14:18	1.59104	1.59107	1.59101	1.59101	4
2025.08.15 14:19	1.591	1.59125	1.591	1.5912199999999999	15
2025.08.15 14:20	1.5912199999999999	1.59139	1.59118	1.59139	19
2025.08.15 14:21	1.59137	1.59145	1.59128	1.59128	13
2025.08.15 14:22	1.59131	1.59131	1.5912600000000001	1.59127	7
2025.08.15 14:23	1.5914000000000001	1.5914199999999998	1.5913	1.5913	9
2025.08.15 14:24	1.5911499999999998	1.59116	1.5911	1.5911300000000002	7
2025.08.15 14:25	1.5911	1.59114	1.59109	1.59111	10
2025.08.15 14:26	1.59111	1.59111	1.59108	1.59108	4
2025.08.15 14:27	1.59107	1.59109	1.59101	1.5910600000000001	7
2025.08.15 14:28	1.59104	1.5911300000000002	1.59104	1.5911300000000002	5
2025.08.15 14:29	1.59114	1.5912199999999999	1.59112	1.59119	7
2025.08.15 14:30	1.59124	1.59139	1.59124	1.5912600000000001	14
2025.08.15 14:31	1.59125	1.59125	1.5909499999999999	1.5909499999999999	14
2025.08.15 14:32	1.59096	1.59107	1.59096	1.59107	11
2025.08.15 14:33	1.59105	1.59116	1.591	1.5911	11
2025.08.15 14:34	1.59108	1.5911300000000002	1.59105	1.59111	10
2025.08.15 14:35	1.5911300000000002	1.59123	1.5911300000000002	1.5911499999999998	18
2025.08.15 14:36	1.59114	1.59135	1.59111	1.59134	18
2025.08.15 14:37	1.59135	1.59145	1.59127	1.59141	20
2025.08.15 14:38	1.59141	1.59141	1.5913	1.5913	21
2025.08.15 14:39	1.59132	1.59141	1.5913	1.59135	16
2025.08.15 14:40	1.59135	1.59146	1.59135	1.59141	14
2025.08.15 14:41	1.59143	1.59143	1.59128	1.59128	12
2025.08.15 14:42	1.59132	1.59132	1.5911499999999998	1.59118	36
2025.08.15 14:43	1.5911499999999998	1.59118	1.59105	1.59105	17
2025.08.15 14:44	1.5910600000000001	1.5911	1.59105	1.59108	13
2025.08.15 14:45	1.59105	1.59109	1.591	1.59101	15
2025.08.15 14:46	1.5909900000000001	1.5910199999999999	1.59091	1.59098	13
2025.08.15 14:47	1.59097	1.59101	1.59094	1.59101	4
2025.08.15 14:48	1.59105	1.59105	1.5909	1.5909499999999999	8
2025.08.15 14:49	1.5909499999999999	1.5911499999999998	1.5909499999999999	1.5911499999999998	13
2025.08.15 14:50	1.5911499999999998	1.5911499999999998	1.59105	1.5911499999999998	14
2025.08.15 14:51	1.59109	1.59116	1.59109	1.59111	11
2025.08.15 14:52	1.59108	1.5911499999999998	1.591	1.59105	24
2025.08.15 14:53	1.59105	1.5911300000000002	1.59101	1.5911300000000002	18
2025.08.15 14:54	1.5911499999999998	1.5912	1.5909499999999999	1.5909499999999999	14
2025.08.15 14:55	1.59096	1.59105	1.5909499999999999	1.591	18
2025.08.15 14:56	1.59098	1.5910199999999999	1.59091	1.59098	28
2025.08.15 14:57	1.59101	1.59103	1.59097	1.5909900000000001	14
2025.08.15 14:58	1.5909499999999999	1.59111	1.59094	1.59111	30
2025.08.15 14:59	1.5911	1.59125	1.5910600000000001	1.5912	13
2025.08.15 15:00	1.59117	1.59135	1.5911499999999998	1.59131	23
2025.08.15 15:01	1.59131	1.59134	1.59128	1.59128	10
2025.08.15 15:02	1.5913	1.59135	1.59123	1.59125	31
2025.08.15 15:03	1.59127	1.59137	1.59127	1.5912899999999999	36
2025.08.15 15:04	1.59135	1.5913599999999999	1.59124	1.59124	15
2025.08.15 15:05	1.59121	1.59121	1.59107	1.59111	27
2025.08.15 15:06	1.59111	1.59116	1.59105	1.59116	17
2025.08.15 15:07	1.59117	1.59138	1.5911300000000002	1.5911300000000002	28
2025.08.15 15:08	1.59116	1.5913	1.59116	1.5913	17
2025.08.15 15:09	1.59134	1.59138	1.59116	1.59118	10
2025.08.15 15:10	1.5911499999999998	1.59132	1.5911499999999998	1.59123	28
2025.08.15 15:11	1.5912600000000001	1.59139	1.59114	1.5911499999999998	15
2025.08.15 15:12	1.5911499999999998	1.5912199999999999	1.5911300000000002	1.59117	18
2025.08.15 15:13	1.59119	1.59124	1.59116	1.59118	6
2025.08.15 15:14	1.59118	1.5912	1.59108	1.5911499999999998	18
2025.08.15 15:15	1.59119	1.59119	1.59105	1.59111	18
2025.08.15 15:16	1.5911300000000002	1.59125	1.5911300000000002	1.5911499999999998	26
2025.08.15 15:17	1.59118	1.59125	1.59111	1.59121	17
2025.08.15 15:18	1.59124	1.59124	1.59096	1.59103	26
2025.08.15 15:19	1.59101	1.59116	1.5909900000000001	1.59112	26
2025.08.15 15:20	1.59109	1.59121	1.59105	1.5912	24
2025.08.15 15:21	1.59124	1.59124	1.591	1.59107	29
2025.08.15 15:22	1.59105	1.59114	1.5909499999999999	1.5909499999999999	9
2025.08.15 15:23	1.59098	1.59105	1.59085	1.5909499999999999	49
2025.08.15 15:24	1.59097	1.5911	1.59093	1.5911	26
2025.08.15 15:25	1.5911	1.5912600000000001	1.59098	1.59108	43
2025.08.15 15:26	1.59108	1.59108	1.59083	1.5908799999999998	36
2025.08.15 15:27	1.5908600000000002	1.5909200000000001	1.5907499999999999	1.5908799999999998	42
2025.08.15 15:28	1.59091	1.591	1.59085	1.5909200000000001	20
2025.08.15 15:29	1.5908799999999998	1.59098	1.58987	1.59057	90
2025.08.15 15:30	1.59055	1.5914199999999998	1.5901800000000001	1.59024	199
2025.08.15 15:31	1.5902500000000002	1.59047	1.58975	1.59039	130
2025.08.15 15:32	1.59036	1.59039	1.5901	1.5901	53
2025.08.15 15:33	1.5901	1.59056	1.59005	1.59039	67
2025.08.15 15:34	1.5904	1.59043	1.5901100000000001	1.5903	54
2025.08.15 15:35	1.5903	1.5905200000000002	1.59024	1.59048	66
2025.08.15 15:36	1.5904500000000001	1.5908099999999998	1.59035	1.5908099999999998	74
2025.08.15 15:37	1.59078	1.59084	1.59058	1.5907200000000001	56
2025.08.15 15:38	1.5907200000000001	1.59117	1.5907200000000001	1.59103	50
2025.08.15 15:39	1.5910600000000001	1.5912600000000001	1.59067	1.59107	102
2025.08.15 15:40	1.59121	1.59141	1.5909900000000001	1.59141	71
2025.08.15 15:41	1.59138	1.59204	1.5912600000000001	1.59132	104
2025.08.15 15:42	1.59137	1.5914199999999998	1.5911499999999998	1.59121	38
2025.08.15 15:43	1.59118	1.59125	1.59104	1.59114	54
2025.08.15 15:44	1.59117	1.5914199999999998	1.59117	1.5914199999999998	45
2025.08.15 15:45	1.59139	1.59165	1.5912600000000001	1.59159	46
2025.08.15 15:46	1.59164	1.59185	1.5915599999999999	1.5916700000000001	56
2025.08.15 15:47	1.59165	1.59165	1.5911499999999998	1.59119	40
2025.08.15 15:48	1.59111	1.59145	1.59111	1.5912899999999999	36
2025.08.15 15:49	1.5913	1.59139	1.5912199999999999	1.5913300000000001	40
2025.08.15 15:50	1.59135	1.59152	1.59132	1.5914199999999998	33
2025.08.15 15:51	1.5914700000000002	1.5914700000000002	1.59135	1.59139	25
2025.08.15 15:52	1.59138	1.59139	1.59123	1.5912600000000001	34
2025.08.15 15:53	1.5912899999999999	1.59139	1.59118	1.5912600000000001	44
2025.08.15 15:54	1.5912199999999999	1.5914700000000002	1.5912	1.59139	42
2025.08.15 15:55	1.59137	1.5914199999999998	1.5912600000000001	1.59132	47
2025.08.15 15:56	1.59135	1.59144	1.5913	1.59141	50
2025.08.15 15:57	1.59146	1.59158	1.5913599999999999	1.59155	42
2025.08.15 15:58	1.59151	1.59151	1.59135	1.59145	31
2025.08.15 15:59	1.59145	1.59155	1.59135	1.5914700000000002	25
2025.08.15 16:00	1.59151	1.59168	1.59148	1.59161	47
2025.08.15 16:01	1.59159	1.59182	1.59155	1.5918	61
2025.08.15 16:02	1.59177	1.59185	1.59154	1.59162	40
2025.08.15 16:03	1.59165	1.59171	1.59146	1.59146	32
2025.08.15 16:04	1.59145	1.5914700000000002	1.59124	1.59127	58
2025.08.15 16:05	1.5913	1.59135	1.5912	1.5912600000000001	42
2025.08.15 16:06	1.59125	1.59145	1.59123	1.59139	34
2025.08.15 16:07	1.59141	1.59157	1.59141	1.59151	56
2025.08.15 16:08	1.59148	1.5915	1.5913599999999999	1.59143	38
2025.08.15 16:09	1.5914000000000001	1.59146	1.59127	1.59135	41
2025.08.15 16:10	1.5913300000000001	1.59135	1.59105	1.59107	33
2025.08.15 16:11	1.59109	1.59119	1.5910600000000001	1.5911300000000002	27
2025.08.15 16:12	1.5911499999999998	1.59127	1.5911	1.59121	41
2025.08.15 16:13	1.5912	1.5912	1.59109	1.59119	20
2025.08.15 16:14	1.59117	1.5912199999999999	1.5909	1.59093	44
2025.08.15 16:15	1.59096	1.59096	1.5907499999999999	1.5907499999999999	38
2025.08.15 16:16	1.5907499999999999	1.59089	1.59057	1.5908099999999998	65
2025.08.15 16:17	1.59078	1.59082	1.59067	1.59069	40
2025.08.15 16:18	1.5907200000000001	1.5907900000000001	1.5905	1.5906799999999999	80
2025.08.15 16:19	1.5907	1.5907	1.59048	1.59053	49
2025.08.15 16:20	1.59048	1.59057	1.5903800000000001	1.59057	29
2025.08.15 16:21	1.59055	1.59055	1.59044	1.59047	19
2025.08.15 16:22	1.5904500000000001	1.59049	1.59021	1.5902699999999999	31
2025.08.15 16:23	1.59024	1.59028	1.59012	1.5902699999999999	35
2025.08.15 16:24	1.5902500000000002	1.59035	1.59021	1.59035	22
2025.08.15 16:25	1.59037	1.5906500000000001	1.59037	1.5906	33
2025.08.15 16:26	1.59063	1.59085	1.59063	1.59078	28
2025.08.15 16:27	1.59083	1.59096	1.59055	1.59062	56
2025.08.15 16:28	1.5906099999999999	1.5908099999999998	1.59049	1.59078	38
2025.08.15 16:29	1.59077	1.59083	1.59067	1.5907499999999999	42
2025.08.15 16:30	1.59077	1.59101	1.59077	1.59098	57
2025.08.15 16:31	1.5909900000000001	1.591	1.5906799999999999	1.59084	60
2025.08.15 16:32	1.59085	1.59089	1.59064	1.59085	50
2025.08.15 16:33	1.5908099999999998	1.59104	1.59073	1.59098	43
2025.08.15 16:34	1.5909200000000001	1.59096	1.5907499999999999	1.5907499999999999	49
2025.08.15 16:35	1.5906500000000001	1.5906500000000001	1.59047	1.59063	28
2025.08.15 16:36	1.5906	1.5906	1.5903800000000001	1.5904099999999999	25
2025.08.15 16:37	1.5904500000000001	1.5906099999999999	1.59035	1.59051	31
2025.08.15 16:38	1.59055	1.59083	1.59051	1.59077	40
2025.08.15 16:39	1.5907499999999999	1.59082	1.59069	1.59073	44
2025.08.15 16:40	1.5907900000000001	1.5908099999999998	1.5906500000000001	1.59071	43
2025.08.15 16:41	1.59074	1.5908099999999998	1.5907	1.59076	24
2025.08.15 16:42	1.59083	1.5909499999999999	1.5907499999999999	1.59087	34
2025.08.15 16:43	1.5909	1.5909	1.59066	1.5907	47
2025.08.15 16:44	1.59074	1.5907499999999999	1.59055	1.5906099999999999	44
2025.08.15 16:45	1.5906	1.59097	1.5906	1.59094	48
2025.08.15 16:46	1.5909200000000001	1.5909200000000001	1.5907900000000001	1.5908600000000002	33
2025.08.15 16:47	1.59089	1.5909900000000001	1.59062	1.59093	38
2025.08.15 16:48	1.59091	1.5912600000000001	1.59091	1.5912600000000001	44
2025.08.15 16:49	1.59125	1.59132	1.59103	1.59117	57
2025.08.15 16:50	1.59114	1.59125	1.59096	1.59107	96
2025.08.15 16:51	1.59104	1.59114	1.59104	1.59105	39
2025.08.15 16:52	1.5909900000000001	1.5912	1.5909900000000001	1.59119	57
2025.08.15 16:53	1.5911300000000002	1.5912600000000001	1.59105	1.59109	42
2025.08.15 16:54	1.59108	1.59109	1.59087	1.59089	46
2025.08.15 16:55	1.5909200000000001	1.59108	1.59084	1.5909499999999999	38
2025.08.15 16:56	1.59093	1.59096	1.5907499999999999	1.59077	57
2025.08.15 16:57	1.5907900000000001	1.5909200000000001	1.59071	1.5908099999999998	43
2025.08.15 16:58	1.59083	1.591	1.59083	1.59096	97
2025.08.15 16:59	1.59093	1.59114	1.59076	1.59085	79
2025.08.15 17:00	1.5908099999999998	1.5914199999999998	1.5908099999999998	1.5911300000000002	124
2025.08.15 17:01	1.59116	1.59155	1.59103	1.59141	55
2025.08.15 17:02	1.59141	1.59173	1.59134	1.59134	59
2025.08.15 17:03	1.5913	1.59138	1.59116	1.5912600000000001	52
2025.08.15 17:04	1.59127	1.59158	1.59116	1.59155	57
2025.08.15 17:05	1.59154	1.5915599999999999	1.5913	1.59155	58
2025.08.15 17:06	1.59155	1.59164	1.59148	1.59155	38
2025.08.15 17:07	1.5915599999999999	1.59185	1.59145	1.59155	61
2025.08.15 17:08	1.59152	1.59175	1.5914899999999998	1.59165	58
2025.08.15 17:09	1.59165	1.59177	1.59145	1.59151	55
2025.08.15 17:10	1.5914899999999998	1.59179	1.5914899999999998	1.59166	76
2025.08.15 17:11	1.59165	1.59205	1.59165	1.59195	51
2025.08.15 17:12	1.5919400000000001	1.59215	1.59188	1.59205	45
2025.08.15 17:13	1.59205	1.59205	1.59162	1.59165	43
2025.08.15 17:14	1.5916700000000001	1.5918	1.5916700000000001	1.59177	25
2025.08.15 17:15	1.59177	1.59199	1.59165	1.59185	42
2025.08.15 17:16	1.59185	1.5919699999999999	1.59179	1.5919400000000001	36
2025.08.15 17:17	1.59195	1.5920800000000002	1.59188	1.5920800000000002	49
2025.08.15 17:18	1.59205	1.59207	1.5918999999999999	1.59202	31
2025.08.15 17:19	1.59202	1.59216	1.5919400000000001	1.5919699999999999	42
2025.08.15 17:20	1.59199	1.59226	1.59199	1.59223	28
2025.08.15 17:21	1.59227	1.5922800000000001	1.59214	1.59226	34
2025.08.15 17:22	1.59223	1.5923699999999998	1.59223	1.59233	31
2025.08.15 17:23	1.59231	1.59234	1.5921699999999999	1.5921699999999999	33
2025.08.15 17:24	1.59218	1.59247	1.59212	1.59215	40
2025.08.15 17:25	1.59212	1.59225	1.5920800000000002	1.59215	29
2025.08.15 17:26	1.59212	1.59226	1.5920800000000002	1.59218	52
2025.08.15 17:27	1.59216	1.59219	1.59205	1.5920999999999998	20
2025.08.15 17:28	1.59218	1.59243	1.59213	1.59222	29
2025.08.15 17:29	1.59222	1.59225	1.59205	1.59205	21
2025.08.15 17:30	1.5920100000000001	1.59219	1.5920100000000001	1.59205	35
2025.08.15 17:31	1.59209	1.59209	1.59185	1.59189	32
2025.08.15 17:32	1.59188	1.5919699999999999	1.5917599999999998	1.59195	38
2025.08.15 17:33	1.59195	1.592	1.59178	1.59188	28
2025.08.15 17:34	1.59191	1.59214	1.5918299999999999	1.59211	39
2025.08.15 17:35	1.5920800000000002	1.59218	1.59192	1.59196	27
2025.08.15 17:36	1.59199	1.5922	1.59186	1.5922	32
2025.08.15 17:37	1.5922100000000001	1.59229	1.5921699999999999	1.59219	20
2025.08.15 17:38	1.5922399999999999	1.59227	1.5921699999999999	1.59227	19
2025.08.15 17:39	1.5922	1.59243	1.5922	1.5923699999999998	26
2025.08.15 17:40	1.59233	1.59233	1.5921699999999999	1.5922100000000001	19
2025.08.15 17:41	1.5921699999999999	1.59223	1.5920299999999998	1.5922	30
2025.08.15 17:42	1.5922100000000001	1.59227	1.5921699999999999	1.5921699999999999	18
2025.08.15 17:43	1.59209	1.59215	1.59202	1.59205	83
2025.08.15 17:44	1.59205	1.59206	1.59185	1.59185	100
2025.08.15 17:45	1.59185	1.59211	1.59178	1.5920100000000001	37
2025.08.15 17:46	1.5920100000000001	1.59207	1.59188	1.59207	45
2025.08.15 17:47	1.59207	1.5922100000000001	1.59207	1.59218	23
2025.08.15 17:48	1.59216	1.59216	1.59168	1.59179	32
2025.08.15 17:49	1.59179	1.5918700000000001	1.5917400000000002	1.5918299999999999	39
2025.08.15 17:50	1.5918299999999999	1.5919400000000001	1.59166	1.5917	40
2025.08.15 17:51	1.5917	1.5917	1.5914199999999998	1.59159	70
2025.08.15 17:52	1.5915599999999999	1.59169	1.5914000000000001	1.59162	42
2025.08.15 17:53	1.59165	1.59165	1.59141	1.59146	38
2025.08.15 17:54	1.59144	1.5915300000000001	1.59134	1.59143	46
2025.08.15 17:55	1.59144	1.5917	1.59132	1.5916299999999999	37
2025.08.15 17:56	1.59165	1.59172	1.5914899999999998	1.59158	28
2025.08.15 17:57	1.5915599999999999	1.5916700000000001	1.5914700000000002	1.59155	44
2025.08.15 17:58	1.59152	1.59152	1.59139	1.59152	30
2025.08.15 17:59	1.5914899999999998	1.59166	1.5914199999999998	1.59162	48
2025.08.15 18:00	1.59159	1.5916000000000001	1.59146	1.59148	35
2025.08.15 18:01	1.59148	1.59159	1.5913599999999999	1.5914700000000002	35
2025.08.15 18:02	1.59151	1.5916000000000001	1.59137	1.5915	48
2025.08.15 18:03	1.59155	1.59165	1.59148	1.59165	26
2025.08.15 18:04	1.59164	1.59164	1.5913599999999999	1.59138	55
2025.08.15 18:05	1.59135	1.59146	1.5912899999999999	1.59144	31
2025.08.15 18:06	1.5914700000000002	1.5914700000000002	1.59123	1.59125	20
2025.08.15 18:07	1.59123	1.5912600000000001	1.59097	1.5911499999999998	27
2025.08.15 18:08	1.59118	1.59121	1.5909499999999999	1.5910600000000001	21
2025.08.15 18:09	1.59105	1.59107	1.5908099999999998	1.59085	30
2025.08.15 18:10	1.5908799999999998	1.59089	1.59069	1.5908600000000002	49
2025.08.15 18:11	1.59085	1.5909499999999999	1.5908099999999998	1.5909499999999999	33
2025.08.15 18:12	1.59096	1.59098	1.5908099999999998	1.5908799999999998	21
2025.08.15 18:13	1.5909200000000001	1.5909499999999999	1.59076	1.59083	22
2025.08.15 18:14	1.59078	1.59078	1.59042	1.59053	38
2025.08.15 18:15	1.59056	1.59056	1.59037	1.59037	30
2025.08.15 18:16	1.5904	1.59049	1.5904	1.5904500000000001	28
2025.08.15 18:17	1.5904500000000001	1.59076	1.5904500000000001	1.59071	36
2025.08.15 18:18	1.5907	1.5907499999999999	1.59057	1.5907499999999999	19
2025.08.15 18:19	1.5907499999999999	1.5908600000000002	1.5907499999999999	1.59085	13
2025.08.15 18:20	1.5908799999999998	1.59097	1.59085	1.59096	29
2025.08.15 18:21	1.59098	1.5910199999999999	1.59077	1.5908	20
2025.08.15 18:22	1.5907900000000001	1.59096	1.59074	1.59089	16
2025.08.15 18:23	1.5909	1.5909200000000001	1.5907499999999999	1.5909200000000001	17
2025.08.15 18:24	1.5909499999999999	1.5909900000000001	1.5908799999999998	1.59089	8
2025.08.15 18:25	1.59091	1.59098	1.59078	1.59096	31
2025.08.15 18:26	1.59097	1.59111	1.5909200000000001	1.59103	27
2025.08.15 18:27	1.5910600000000001	1.5912600000000001	1.59105	1.59117	23
2025.08.15 18:28	1.59116	1.59117	1.59107	1.5911	31
2025.08.15 18:29	1.59108	1.59125	1.59108	1.59116	15
2025.08.15 18:30	1.5911499999999998	1.59132	1.59114	1.5912	26
2025.08.15 18:31	1.5912600000000001	1.59128	1.59104	1.59107	13
2025.08.15 18:32	1.59108	1.59116	1.59107	1.5911300000000002	15
2025.08.15 18:33	1.59117	1.5913300000000001	1.59109	1.59111	26
2025.08.15 18:34	1.5910600000000001	1.5911	1.5909499999999999	1.5909900000000001	19
2025.08.15 18:35	1.59096	1.59117	1.5909499999999999	1.59117	16
2025.08.15 18:36	1.5911300000000002	1.5912	1.59108	1.5911499999999998	19
2025.08.15 18:37	1.59117	1.5912600000000001	1.59117	1.5912	8
2025.08.15 18:38	1.59123	1.59123	1.59103	1.59103	18
2025.08.15 18:39	1.5909900000000001	1.59103	1.59087	1.59089	14
2025.08.15 18:40	1.5908799999999998	1.591	1.59085	1.59091	18
2025.08.15 18:41	1.59091	1.59091	1.59077	1.5907900000000001	25
2025.08.15 18:42	1.59082	1.59082	1.5906	1.5906	19
2025.08.15 18:43	1.5906	1.5906	1.59047	1.5905200000000002	10
2025.08.15 18:44	1.59055	1.5906500000000001	1.59051	1.5906500000000001	21
2025.08.15 18:45	1.5906099999999999	1.5906500000000001	1.59048	1.5905	15
2025.08.15 18:46	1.59053	1.59053	1.5903	1.5904500000000001	23
2025.08.15 18:47	1.5904099999999999	1.59048	1.5904099999999999	1.5904500000000001	12
2025.08.15 18:48	1.5904500000000001	1.5904500000000001	1.59022	1.5903100000000001	24
2025.08.15 18:49	1.59033	1.59035	1.59028	1.59032	15
2025.08.15 18:50	1.59024	1.5903800000000001	1.59024	1.5903	24
2025.08.15 18:51	1.59033	1.59039	1.5903	1.5903399999999999	31
2025.08.15 18:52	1.59032	1.59037	1.59021	1.59029	48
2025.08.15 18:53	1.5902699999999999	1.59037	1.59015	1.59016	38
2025.08.15 18:54	1.5901800000000001	1.59032	1.5901399999999999	1.5902500000000002	29
2025.08.15 18:55	1.59028	1.59035	1.5901999999999998	1.59028	25
2025.08.15 18:56	1.5902500000000002	1.5902500000000002	1.59005	1.5901399999999999	16
2025.08.15 18:57	1.59016	1.59022	1.59006	1.59006	20
2025.08.15 18:58	1.5901	1.5901	1.59003	1.59006	6
2025.08.15 18:59	1.5900699999999999	1.59035	1.5900699999999999	1.59029	18
2025.08.15 19:00	1.5902699999999999	1.59036	1.59013	1.5903399999999999	37
2025.08.15 19:01	1.59033	1.59049	1.59026	1.59049	24
2025.08.15 19:02	1.59049	1.5905200000000002	1.59039	1.59047	26
2025.08.15 19:03	1.59047	1.59049	1.5903	1.5903	36
2025.08.15 19:04	1.59035	1.59035	1.5902699999999999	1.59035	17
2025.08.15 19:05	1.5903800000000001	1.59048	1.5903800000000001	1.59043	46
2025.08.15 19:06	1.5904500000000001	1.5905399999999998	1.5904	1.5905399999999998	9
2025.08.15 19:07	1.5905200000000002	1.5905200000000002	1.59044	1.59048	8
2025.08.15 19:08	1.5904500000000001	1.5904500000000001	1.5903399999999999	1.59035	29
2025.08.15 19:09	1.59035	1.5904099999999999	1.59026	1.5904099999999999	46
2025.08.15 19:10	1.5904500000000001	1.59046	1.59039	1.59044	54
2025.08.15 19:11	1.59042	1.5904500000000001	1.59035	1.5904	12
2025.08.15 19:12	1.59042	1.5904500000000001	1.5903	1.5903800000000001	25
2025.08.15 19:13	1.5904099999999999	1.5904500000000001	1.59028	1.59028	16
2025.08.15 19:14	1.5902500000000002	1.5904	1.5902500000000002	1.5904	9
2025.08.15 19:15	1.59035	1.59037	1.59015	1.59015	14
2025.08.15 19:16	1.5901100000000001	1.59028	1.5901100000000001	1.5902699999999999	12
2025.08.15 19:17	1.5902699999999999	1.5902699999999999	1.5901399999999999	1.5901399999999999	18
2025.08.15 19:18	1.5901399999999999	1.59022	1.5901100000000001	1.59022	25
2025.08.15 19:19	1.59023	1.5902500000000002	1.5901399999999999	1.5901800000000001	16
2025.08.15 19:20	1.5901999999999998	1.5902699999999999	1.5901399999999999	1.59026	44
2025.08.15 19:21	1.5903	1.59039	1.5902500000000002	1.59029	36
2025.08.15 19:22	1.59024	1.5903	1.59022	1.5902500000000002	13
2025.08.15 19:23	1.5903	1.5904099999999999	1.5903	1.59037	11
2025.08.15 19:24	1.5904	1.5904	1.59037	1.5904	3
2025.08.15 19:25	1.59036	1.5904	1.5899999999999999	1.5900400000000001	11
2025.08.15 19:26	1.5900699999999999	1.5900699999999999	1.58995	1.58996	7
2025.08.15 19:27	1.58995	1.58996	1.58979	1.58985	15
2025.08.15 19:28	1.58987	1.58989	1.58978	1.58978	11
2025.08.15 19:29	1.5897700000000001	1.58978	1.58965	1.5897700000000001	33
2025.08.15 19:30	1.58981	1.5898400000000001	1.58967	1.5897700000000001	21
2025.08.15 19:31	1.58981	1.58981	1.5896400000000002	1.58967	12
2025.08.15 19:32	1.58972	1.58972	1.58954	1.58955	10
2025.08.15 19:33	1.58954	1.5896	1.5895000000000001	1.58955	12
2025.08.15 19:34	1.58955	1.58965	1.58955	1.58965	17
2025.08.15 19:35	1.58965	1.58968	1.5895000000000001	1.58965	31
2025.08.15 19:36	1.58967	1.58975	1.5896599999999999	1.58971	11
2025.08.15 19:37	1.5897299999999999	1.58989	1.58971	1.58983	22
2025.08.15 19:38	1.58981	1.58986	1.58981	1.58982	15
2025.08.15 19:39	1.58983	1.5899	1.58979	1.58979	10
2025.08.15 19:40	1.58979	1.58986	1.58979	1.5897999999999999	12
2025.08.15 19:41	1.58982	1.5899100000000002	1.58982	1.5899100000000002	7
2025.08.15 19:42	1.58995	1.5901	1.58994	1.59008	27
2025.08.15 19:43	1.5901	1.59022	1.59005	1.59015	30
2025.08.15 19:44	1.59015	1.59015	1.58997	1.59009	23
2025.08.15 19:45	1.59013	1.59013	1.5899299999999998	1.59005	20
2025.08.15 19:46	1.59006	1.5902500000000002	1.58999	1.5902500000000002	32
2025.08.15 19:47	1.59026	1.5902699999999999	1.5901800000000001	1.5902500000000002	29
2025.08.15 19:48	1.5902500000000002	1.59026	1.5902500000000002	1.59026	4
2025.08.15 19:49	1.59021	1.5902500000000002	1.59013	1.5901999999999998	23
2025.08.15 19:50	1.59021	1.59021	1.59015	1.59015	3
2025.08.15 19:51	1.59015	1.5901999999999998	1.59008	1.59015	13
2025.08.15 19:52	1.59016	1.5902500000000002	1.59016	1.5902500000000002	15
2025.08.15 19:53	1.5902500000000002	1.5902500000000002	1.59012	1.59012	13
2025.08.15 19:54	1.59009	1.5902500000000002	1.59009	1.59021	18
2025.08.15 19:55	1.5902500000000002	1.5902500000000002	1.5901399999999999	1.5901999999999998	9
2025.08.15 19:56	1.59016	1.5902699999999999	1.59009	1.59024	33
2025.08.15 19:57	1.5902500000000002	1.59035	1.59024	1.59032	18
2025.08.15 19:58	1.5903100000000001	1.5904099999999999	1.5902500000000002	1.5903100000000001	21
2025.08.15 19:59	1.5903100000000001	1.5905	1.59019	1.5905	25
2025.08.15 20:00	1.5905200000000002	1.59069	1.59048	1.59056	56
2025.08.15 20:01	1.59055	1.59058	1.59035	1.59037	35
2025.08.15 20:02	1.59037	1.5904500000000001	1.5903	1.5904500000000001	11
2025.08.15 20:03	1.5904500000000001	1.5904500000000001	1.5904	1.5904500000000001	14
2025.08.15 20:04	1.5904500000000001	1.5905200000000002	1.5904099999999999	1.5905	14
2025.08.15 20:05	1.59049	1.5906500000000001	1.59046	1.5906500000000001	13
2025.08.15 20:06	1.5906500000000001	1.59069	1.59059	1.59069	8
2025.08.15 20:07	1.59077	1.591	1.59077	1.5909499999999999	23
2025.08.15 20:08	1.5909499999999999	1.59105	1.5909200000000001	1.59105	6
2025.08.15 20:09	1.59109	1.59109	1.59085	1.59091	22
2025.08.15 20:10	1.59091	1.59096	1.59077	1.59094	27
2025.08.15 20:11	1.5909499999999999	1.5910199999999999	1.59089	1.5909200000000001	35
2025.08.15 20:12	1.59089	1.59103	1.59089	1.5909499999999999	19
2025.08.15 20:13	1.59096	1.591	1.59087	1.59096	27
2025.08.15 20:14	1.59093	1.5911	1.5909	1.59109	24
2025.08.15 20:15	1.5910600000000001	1.59114	1.591	1.59114	15
2025.08.15 20:16	1.59116	1.59125	1.59116	1.59118	17
2025.08.15 20:17	1.59116	1.59132	1.59116	1.5912899999999999	16
2025.08.15 20:18	1.5912899999999999	1.5913	1.59094	1.59094	21
2025.08.15 20:19	1.59094	1.5909499999999999	1.59084	1.59089	20
2025.08.15 20:20	1.5908799999999998	1.5909	1.59076	1.5909	30
2025.08.15 20:21	1.59094	1.5910199999999999	1.59089	1.59093	21
2025.08.15 20:22	1.5909499999999999	1.59104	1.59093	1.59104	19
2025.08.15 20:23	1.59107	1.59107	1.59073	1.5907499999999999	16
2025.08.15 20:24	1.5907499999999999	1.5907900000000001	1.59073	1.59076	15
2025.08.15 20:25	1.59076	1.59077	1.5906	1.5906	22
2025.08.15 20:26	1.5906	1.5906099999999999	1.59047	1.5905	22
2025.08.15 20:27	1.5905200000000002	1.59085	1.5905200000000002	1.59085	22
2025.08.15 20:28	1.59085	1.5909200000000001	1.5907499999999999	1.5908799999999998	22
2025.08.15 20:29	1.5908799999999998	1.5909499999999999	1.59085	1.59091	13
2025.08.15 20:30	1.59091	1.59107	1.59071	1.59074	33
2025.08.15 20:31	1.5907499999999999	1.5908	1.59074	1.59077	14
2025.08.15 20:32	1.59078	1.59078	1.5906500000000001	1.59071	24
2025.08.15 20:33	1.59071	1.5908799999999998	1.59071	1.59085	9
2025.08.15 20:34	1.59089	1.59089	1.5906500000000001	1.5906500000000001	9
2025.08.15 20:35	1.59067	1.5907499999999999	1.59067	1.59069	10
2025.08.15 20:36	1.5907	1.5907	1.59067	1.59067	2
2025.08.15 20:37	1.59069	1.59076	1.59069	1.59073	6
2025.08.15 20:38	1.5907499999999999	1.59077	1.59073	1.59073	5
2025.08.15 20:39	1.59077	1.59077	1.5907200000000001	1.59073	5
2025.08.15 20:40	1.59076	1.5908799999999998	1.5907200000000001	1.59082	18
2025.08.15 20:41	1.59082	1.59082	1.59073	1.59078	11
2025.08.15 20:42	1.5908	1.5908	1.5907	1.5907	11
2025.08.15 20:43	1.5907	1.59073	1.59064	1.5906799999999999	11
2025.08.15 20:44	1.5906799999999999	1.5907499999999999	1.59067	1.5907499999999999	14
2025.08.15 20:45	1.59074	1.5908099999999998	1.59069	1.59078	11
2025.08.15 20:46	1.59077	1.59078	1.59069	1.59071	11
2025.08.15 20:47	1.59071	1.5907499999999999	1.59067	1.5906799999999999	16
2025.08.15 20:48	1.59071	1.5907900000000001	1.59071	1.59076	15
2025.08.15 20:49	1.5908099999999998	1.5908099999999998	1.5906799999999999	1.59073	17
2025.08.15 20:50	1.5907499999999999	1.59084	1.5907200000000001	1.5907499999999999	16
2025.08.15 20:51	1.5908099999999998	1.5908099999999998	1.5907	1.59073	9
2025.08.15 20:52	1.59071	1.59076	1.59069	1.59076	4
2025.08.15 20:53	1.59076	1.59078	1.5906799999999999	1.5906799999999999	9
2025.08.15 20:54	1.5907200000000001	1.5908	1.5906500000000001	1.5908	12
2025.08.15 20:55	1.59077	1.59078	1.59069	1.59069	15
2025.08.15 20:56	1.59071	1.5907200000000001	1.5906500000000001	1.5907	9
2025.08.15 20:57	1.59067	1.5907200000000001	1.59057	1.5906	6
2025.08.15 20:58	1.59063	1.5906500000000001	1.5905399999999998	1.5906099999999999	16
2025.08.15 20:59	1.5906500000000001	1.5907	1.59058	1.5906500000000001	13
2025.08.15 21:00	1.59066	1.59071	1.59055	1.59058	9
2025.08.15 21:01	1.59056	1.5906500000000001	1.5905399999999998	1.5905399999999998	10
2025.08.15 21:02	1.5905	1.5905	1.59035	1.59047	16
2025.08.15 21:03	1.59044	1.59062	1.59044	1.59058	29
2025.08.15 21:04	1.5906	1.59063	1.59051	1.59057	14
2025.08.15 21:05	1.5905399999999998	1.5906	1.5905399999999998	1.59056	40
2025.08.15 21:06	1.59059	1.5906099999999999	1.59029	1.59036	39
2025.08.15 21:07	1.59033	1.59042	1.59021	1.5903800000000001	49
2025.08.15 21:08	1.59042	1.59042	1.59033	1.59036	17
2025.08.15 21:09	1.59033	1.5905	1.59033	1.5903800000000001	15
2025.08.15 21:10	1.5904500000000001	1.59049	1.59039	1.59048	13
2025.08.15 21:11	1.59044	1.59046	1.5904	1.59046	10
2025.08.15 21:12	1.59044	1.59048	1.59044	1.59046	7
2025.08.15 21:13	1.59043	1.59069	1.59043	1.5906	11
2025.08.15 21:14	1.59062	1.59064	1.59055	1.59056	26
2025.08.15 21:15	1.59058	1.5907	1.59056	1.59067	20
2025.08.15 21:16	1.59071	1.59071	1.59057	1.59062	23
2025.08.15 21:17	1.59066	1.59066	1.59055	1.5906500000000001	20
2025.08.15 21:18	1.59071	1.59077	1.5906500000000001	1.59074	19
2025.08.15 21:19	1.59073	1.59078	1.5907	1.5907499999999999	15
2025.08.15 21:20	1.59076	1.5908	1.5907	1.59073	15
2025.08.15 21:21	1.5907200000000001	1.59078	1.5906799999999999	1.59078	21
2025.08.15 21:22	1.59076	1.5907900000000001	1.5906799999999999	1.5907200000000001	14
2025.08.15 21:23	1.59067	1.59069	1.59064	1.59064	6
2025.08.15 21:24	1.5906099999999999	1.5907200000000001	1.5906099999999999	1.5906799999999999	15
2025.08.15 21:25	1.59066	1.5908	1.59066	1.59076	18
2025.08.15 21:26	1.5907200000000001	1.59076	1.59071	1.59074	12
2025.08.15 21:27	1.5908	1.5908	1.5907200000000001	1.5907499999999999	8
2025.08.15 21:28	1.5907499999999999	1.59076	1.5906799999999999	1.5907200000000001	8
2025.08.15 21:29	1.59074	1.59074	1.5906099999999999	1.59063	9
2025.08.15 21:30	1.59063	1.5906799999999999	1.59058	1.59066	17
2025.08.15 21:31	1.59071	1.59071	1.59063	1.59069	16
2025.08.15 21:32	1.59073	1.59073	1.5907	1.59073	7
2025.08.15 21:33	1.5907499999999999	1.5908	1.59063	1.59069	17
2025.08.15 21:34	1.59073	1.59073	1.5906	1.5906799999999999	15
2025.08.15 21:35	1.59071	1.5907900000000001	1.59063	1.59066	21
2025.08.15 21:36	1.5906500000000001	1.59066	1.59057	1.59063	29
2025.08.15 21:37	1.59063	1.59069	1.5906099999999999	1.5906799999999999	7
2025.08.15 21:38	1.59071	1.59071	1.5906500000000001	1.59066	9
2025.08.15 21:39	1.5906799999999999	1.5907	1.5906500000000001	1.59067	5
2025.08.15 21:40	1.59063	1.59066	1.5905200000000002	1.59058	10
2025.08.15 21:41	1.59057	1.5906099999999999	1.59057	1.5906099999999999	2
2025.08.15 21:42	1.5906099999999999	1.5906099999999999	1.59042	1.59042	16
2025.08.15 21:43	1.5904500000000001	1.59059	1.5904500000000001	1.59056	11
2025.08.15 21:44	1.59055	1.5906099999999999	1.59055	1.5906	11
2025.08.15 21:45	1.59057	1.5906099999999999	1.59056	1.59056	5
2025.08.15 21:46	1.59056	1.59059	1.59051	1.59059	9
2025.08.15 21:47	1.59057	1.5906099999999999	1.59053	1.59053	7
2025.08.15 21:48	1.59055	1.59059	1.59053	1.59059	9
2025.08.15 21:49	1.5906099999999999	1.59062	1.59057	1.59057	4
2025.08.15 21:50	1.59057	1.59067	1.59056	1.59056	9
2025.08.15 21:51	1.59055	1.5906	1.5905	1.59053	9
2025.08.15 21:52	1.59051	1.5906500000000001	1.59051	1.5906500000000001	7
2025.08.15 21:53	1.5906	1.5907	1.59055	1.59067	15
2025.08.15 21:54	1.59058	1.59067	1.59058	1.59067	8
2025.08.15 21:55	1.59069	1.59073	1.59059	1.59059	7
2025.08.15 21:56	1.59058	1.5907	1.59053	1.59067	9
2025.08.15 21:57	1.59071	1.59091	1.59071	1.59089	14
2025.08.15 21:58	1.59087	1.5908799999999998	1.5908099999999998	1.59083	8
2025.08.15 21:59	ERROR	ERROR	ERROR	ERROR	ERROR
2025.08.15 22:00	ERROR	ERROR	ERROR	ERROR	ERROR
2025.08.15 22:01	ERROR	ERROR	ERROR	ERROR	ERROR
2025.08.15 22:02	ERROR	ERROR	ERROR	ERROR	ERROR
2025.08.15 22:03	ERROR	ERROR	ERROR	ERROR	ERROR
2025.08.15 22:04	ERROR	ERROR	ERROR	ERROR	ERROR
2025.08.15 22:05	ERROR	ERROR	ERROR	ERROR	ERROR
2025.08.15 22:06	ERROR	ERROR	ERROR	ERROR	ERROR
2025.08.15 22:07	ERROR	ERROR	ERROR	ERROR	ERROR
2025.08.15 22:08	ERROR	ERROR	ERROR	ERROR	ERROR
2025.08.15 22:09	ERROR	ERROR	ERROR	ERROR	ERROR
2025.08.15 22:10	ERROR	ERROR	ERROR	ERROR	ERROR
2025.08.15 22:11	ERROR	ERROR	ERROR	ERROR	ERROR
2025.08.15 22:12	ERROR	ERROR	ERROR	ERROR	ERROR
2025.08.15 22:13	ERROR	ERROR	ERROR	ERROR	ERROR
2025.08.15 22:14	ERROR	ERROR	ERROR	ERROR	ERROR
2025.08.15 22:15	ERROR	ERROR	ERROR	ERROR	ERROR
2025.08.15 22:16	ERROR	ERROR	ERROR	ERROR	ERROR
2025.08.15 22:17	ERROR	ERROR	ERROR	ERROR	ERROR
2025.08.15 22:18	ERROR	ERROR	ERROR	ERROR	ERROR
2025.08.15 22:19	ERROR	ERROR	ERROR	ERROR	ERROR
2025.08.15 22:20	ERROR	ERROR	ERROR	ERROR	ERROR
2025.08.15 22:21	ERROR	ERROR	ERROR	ERROR	ERROR
2025.08.15 22:22	ERROR	ERROR	ERROR	ERROR	ERROR
2025.08.15 22:23	ERROR	ERROR	ERROR	ERROR	ERROR
2025.08.15 22:24	ERROR	ERROR	ERROR	ERROR	ERROR
2025.08.15 22:25	ERROR	ERROR	ERROR	ERROR	ERROR
2025.08.15 22:26	ERROR	ERROR	ERROR	ERROR	ERROR
2025.08.15 22:27	ERROR	ERROR	ERROR	ERROR	ERROR
2025.08.15 22:28	ERROR	ERROR	ERROR	ERROR	ERROR
2025.08.15 22:29	ERROR	ERROR	ERROR	ERROR	ERROR
2025.08.15 22:30	ERROR	ERROR	ERROR	ERROR	ERROR
2025.08.15 22:31	ERROR	ERROR	ERROR	ERROR	ERROR
2025.08.15 22:32	ERROR	ERROR	ERROR	ERROR	ERROR
2025.08.15 22:33	ERROR	ERROR	ERROR	ERROR	ERROR
2025.08.15 22:34	ERROR	ERROR	ERROR	ERROR	ERROR
2025.08.15 22:35	ERROR	ERROR	ERROR	ERROR	ERROR
2025.08.15 22:36	ERROR	ERROR	ERROR	ERROR	ERROR
2025.08.15 22:37	ERROR	ERROR	ERROR	ERROR	ERROR
2025.08.15 22:38	ERROR	ERROR	ERROR	ERROR	ERROR
2025.08.15 22:39	ERROR	ERROR	ERROR	ERROR	ERROR
2025.08.15 22:40	ERROR	ERROR	ERROR	ERROR	ERROR
2025.08.15 22:41	ERROR	ERROR	ERROR	ERROR	ERROR
2025.08.15 22:42	ERROR	ERROR	ERROR	ERROR	ERROR
2025.08.15 22:43	ERROR	ERROR	ERROR	ERROR	ERROR
2025.08.15 22:44	ERROR	ERROR	ERROR	ERROR	ERROR
2025.08.15 22:45	ERROR	ERROR	ERROR	ERROR	ERROR
2025.08.15 22:46	ERROR	ERROR	ERROR	ERROR	ERROR
2025.08.15 22:47	ERROR	ERROR	ERROR	ERROR	ERROR
2025.08.15 22:48	ERROR	ERROR	ERROR	ERROR	ERROR
2025.08.15 22:49	ERROR	ERROR	ERROR	ERROR	ERROR
2025.08.15 22:50	ERROR	ERROR	ERROR	ERROR	ERROR
2025.08.15 22:51	ERROR	ERROR	ERROR	ERROR	ERROR
2025.08.15 22:52	ERROR	ERROR	ERROR	ERROR	ERROR
2025.08.15 22:53	ERROR	ERROR	ERROR	ERROR	ERROR
2025.08.15 22:54	ERROR	ERROR	ERROR	ERROR	ERROR
2025.08.15 22:55	ERROR	ERROR	ERROR	ERROR	ERROR
2025.08.15 22:56	ERROR	ERROR	ERROR	ERROR	ERROR
2025.08.15 22:57	ERROR	ERROR	ERROR	ERROR	ERROR
2025.08.15 22:58	ERROR	ERROR	ERROR	ERROR	ERROR
2025.08.15 22:59	ERROR	ERROR	ERROR	ERROR	ERROR
2025.08.15 23:00	ERROR	ERROR	ERROR	ERROR	ERROR
2025.08.15 23:01	ERROR	ERROR	ERROR	ERROR	ERROR
2025.08.15 23:02	ERROR	ERROR	ERROR	ERROR	ERROR
2025.08.15 23:03	ERROR	ERROR	ERROR	ERROR	ERROR
2025.08.15 23:04	ERROR	ERROR	ERROR	ERROR	ERROR
2025.08.15 23:05	ERROR	ERROR	ERROR	ERROR	ERROR
2025.08.15 23:06	ERROR	ERROR	ERROR	ERROR	ERROR
2025.08.15 23:07	ERROR	ERROR	ERROR	ERROR	ERROR
2025.08.15 23:08	ERROR	ERROR	ERROR	ERROR	ERROR
2025.08.15 23:09	ERROR	ERROR	ERROR	ERROR	ERROR
2025.08.15 23:10	ERROR	ERROR	ERROR	ERROR	ERROR
2025.08.15 23:11	ERROR	ERROR	ERROR	ERROR	ERROR
2025.08.15 23:12	ERROR	ERROR	ERROR	ERROR	ERROR
2025.08.15 23:13	ERROR	ERROR	ERROR	ERROR	ERROR
2025.08.15 23:14	ERROR	ERROR	ERROR	ERROR	ERROR
2025.08.15 23:15	ERROR	ERROR	ERROR	ERROR	ERROR
2025.08.15 23:16	ERROR	ERROR	ERROR	ERROR	ERROR
2025.08.15 23:17	ERROR	ERROR	ERROR	ERROR	ERROR
2025.08.15 23:18	ERROR	ERROR	ERROR	ERROR	ERROR
2025.08.15 23:19	ERROR	ERROR	ERROR	ERROR	ERROR
2025.08.15 23:20	ERROR	ERROR	ERROR	ERROR	ERROR
2025.08.15 23:21	ERROR	ERROR	ERROR	ERROR	ERROR
2025.08.15 23:22	ERROR	ERROR	ERROR	ERROR	ERROR
2025.08.15 23:23	ERROR	ERROR	ERROR	ERROR	ERROR
2025.08.15 23:24	ERROR	ERROR	ERROR	ERROR	ERROR
2025.08.15 23:25	ERROR	ERROR	ERROR	ERROR	ERROR
2025.08.15 23:26	ERROR	ERROR	ERROR	ERROR	ERROR
2025.08.15 23:27	ERROR	ERROR	ERROR	ERROR	ERROR
2025.08.15 23:28	ERROR	ERROR	ERROR	ERROR	ERROR
2025.08.15 23:29	ERROR	ERROR	ERROR	ERROR	ERROR
2025.08.15 23:30	ERROR	ERROR	ERROR	ERROR	ERROR
2025.08.15 23:31	ERROR	ERROR	ERROR	ERROR	ERROR
2025.08.15 23:32	ERROR	ERROR	ERROR	ERROR	ERROR
2025.08.15 23:33	ERROR	ERROR	ERROR	ERROR	ERROR
2025.08.15 23:34	ERROR	ERROR	ERROR	ERROR	ERROR
2025.08.15 23:35	ERROR	ERROR	ERROR	ERROR	ERROR
2025.08.15 23:36	ERROR	ERROR	ERROR	ERROR	ERROR
2025.08.15 23:37	ERROR	ERROR	ERROR	ERROR	ERROR
2025.08.15 23:38	ERROR	ERROR	ERROR	ERROR	ERROR
2025.08.15 23:39	ERROR	ERROR	ERROR	ERROR	ERROR
2025.08.15 23:40	ERROR	ERROR	ERROR	ERROR	ERROR
2025.08.15 23:41	ERROR	ERROR	ERROR	ERROR	ERROR
2025.08.15 23:42	ERROR	ERROR	ERROR	ERROR	ERROR
2025.08.15 23:43	ERROR	ERROR	ERROR	ERROR	ERROR
2025.08.15 23:44	ERROR	ERROR	ERROR	ERROR	ERROR
2025.08.15 23:45	ERROR	ERROR	ERROR	ERROR	ERROR
2025.08.15 23:46	ERROR	ERROR	ERROR	ERROR	ERROR
2025.08.15 23:47	ERROR	ERROR	ERROR	ERROR	ERROR
2025.08.15 23:48	ERROR	ERROR	ERROR	ERROR	ERROR
2025.08.15 23:49	ERROR	ERROR	ERROR	ERROR	ERROR
2025.08.15 23:50	ERROR	ERROR	ERROR	ERROR	ERROR
2025.08.15 23:51	ERROR	ERROR	ERROR	ERROR	ERROR
2025.08.15 23:52	ERROR	ERROR	ERROR	ERROR	ERROR
2025.08.15 23:53	ERROR	ERROR	ERROR	ERROR	ERROR
2025.08.15 23:54	ERROR	ERROR	ERROR	ERROR	ERROR
2025.08.15 23:55	ERROR	ERROR	ERROR	ERROR	ERROR
2025.08.15 23:56	ERROR	ERROR	ERROR	ERROR	ERROR
2025.08.15 23:57	ERROR	ERROR	ERROR	ERROR	ERROR
2025.08.15 23:58	ERROR	ERROR	ERROR	ERROR	ERROR
2025.08.15 23:59	ERROR	ERROR	ERROR	ERROR	ERROR
