Time	Open	High	Low	Close	Volume
2025.07.11 00:00	0.52429	0.52484	0.52429	0.52472	96
2025.07.11 00:01	0.52352	0.52355	0.52273	0.52343	7
2025.07.11 00:02	0.52343	0.52349	0.52342	0.52342	8
2025.07.11 00:03	0.52342	0.52344	0.52339	0.52344	4
2025.07.11 00:04	0.52344	0.52346	0.52338	0.52346	4
2025.07.11 00:05	0.52346	0.52424	0.52346	0.52424	5
2025.07.11 00:06	0.52424	0.52424	0.52414	0.52418	3
2025.07.11 00:07	0.52418	0.52418	0.52416	0.52416	2
2025.07.11 00:08	0.52416	0.52416	0.52416	0.52416	1
2025.07.11 00:09	0.52416	0.5242	0.52415	0.5242	4
2025.07.11 00:10	0.5242	0.52429	0.52415	0.52415	8
2025.07.11 00:11	0.52413	0.52417	0.5239	0.5239	6
2025.07.11 00:12	0.5239	0.52413	0.5239	0.52413	2
2025.07.11 00:13	0.52413	0.52413	0.52413	0.52413	1
2025.07.11 00:14	0.52412	0.52412	0.52412	0.52412	1
2025.07.11 00:15	0.52412	0.52412	0.52412	0.52412	1
2025.07.11 00:16	0.52412	0.52412	0.52411	0.52411	2
2025.07.11 00:17	0.52411	0.52411	0.52411	0.52411	1
2025.07.11 00:18	0.52411	0.52411	0.52405	0.52405	3
2025.07.11 00:19	0.52405	0.52405	0.52405	0.52405	1
2025.07.11 00:20	0.5238	0.52381	0.52379	0.52381	5
2025.07.11 00:21	0.52381	0.52382	0.52381	0.52382	2
2025.07.11 00:22	0.52381	0.52381	0.52381	0.52381	1
2025.07.11 00:23	0.52378	0.52407	0.52378	0.52378	4
2025.07.11 00:24	0.52378	0.52387	0.52378	0.52385	4
2025.07.11 00:25	0.52385	0.52387	0.52385	0.52386	3
2025.07.11 00:26	0.52386	0.52387	0.52377	0.52377	3
2025.07.11 00:27	0.52377	0.52377	0.52376	0.52376	2
2025.07.11 00:28	0.52376	0.52377	0.52376	0.52377	2
2025.07.11 00:29	0.52377	0.5238	0.52377	0.5238	3
2025.07.11 00:30	0.52379	0.52381	0.52378	0.52379	15
2025.07.11 00:31	0.5238	0.52385	0.52379	0.52383	11
2025.07.11 00:32	0.52382	0.52397	0.52382	0.52397	5
2025.07.11 00:33	0.52397	0.52399	0.52394	0.52394	12
2025.07.11 00:34	0.52388	0.52388	0.52383	0.52384	14
2025.07.11 00:35	0.52384	0.52384	0.52381	0.52383	6
2025.07.11 00:36	0.52383	0.52386	0.52383	0.52385	17
2025.07.11 00:37	0.52385	0.52386	0.52383	0.52385	17
2025.07.11 00:38	0.52385	0.52386	0.52382	0.52384	12
2025.07.11 00:39	0.52383	0.52387	0.52381	0.52387	13
2025.07.11 00:40	0.52385	0.52387	0.52381	0.52385	45
2025.07.11 00:41	0.52383	0.52384	0.5238	0.52381	41
2025.07.11 00:42	0.52383	0.52385	0.52381	0.52383	64
2025.07.11 00:43	0.52385	0.52385	0.52383	0.52385	15
2025.07.11 00:44	0.52384	0.52385	0.52382	0.52383	16
2025.07.11 00:45	0.52383	0.52384	0.52381	0.52383	11
2025.07.11 00:46	0.52383	0.52391	0.52383	0.52391	14
2025.07.11 00:47	0.52391	0.52392	0.52391	0.52392	2
2025.07.11 00:48	0.52392	0.52392	0.52391	0.52392	3
2025.07.11 00:49	0.52392	0.52392	0.52392	0.52392	1
2025.07.11 00:50	0.52392	0.52393	0.52391	0.52393	4
2025.07.11 00:51	0.52393	0.52393	0.52392	0.52393	3
2025.07.11 00:52	0.52393	0.52393	0.5239	0.52392	6
2025.07.11 00:53	0.52392	0.52393	0.52389	0.52391	10
2025.07.11 00:54	0.5239	0.52393	0.52389	0.5239	19
2025.07.11 00:55	0.52391	0.52391	0.52385	0.52387	33
2025.07.11 00:56	0.52387	0.52391	0.52385	0.52387	59
2025.07.11 00:57	0.52387	0.52391	0.52384	0.52389	48
2025.07.11 00:58	0.52385	0.52389	0.52383	0.52386	42
2025.07.11 00:59	0.52386	0.52387	0.52384	0.52385	14
2025.07.11 01:00	0.52385	0.52449	0.52378	0.52447	53
2025.07.11 01:01	0.52459	0.52467	0.52459	0.52467	30
2025.07.11 01:02	0.52467	0.52468	0.52464	0.52466	16
2025.07.11 01:03	0.52468	0.52472	0.52468	0.52472	32
2025.07.11 01:04	0.52472	0.52481	0.52472	0.52479	38
2025.07.11 01:05	0.52479	0.52484	0.52479	0.52482	44
2025.07.11 01:06	0.52483	0.52483	0.52481	0.52482	5
2025.07.11 01:07	0.52483	0.52484	0.52483	0.52483	5
2025.07.11 01:08	0.52482	0.52484	0.52477	0.52484	23
2025.07.11 01:09	0.52485	0.5249	0.52482	0.52489	18
2025.07.11 01:10	0.52489	0.52492	0.52489	0.52492	7
2025.07.11 01:11	0.52492	0.52499	0.52491	0.52494	19
2025.07.11 01:12	0.52494	0.52501	0.52492	0.525	25
2025.07.11 01:13	0.52499	0.52501	0.52489	0.52494	34
2025.07.11 01:14	0.52492	0.52501	0.52489	0.52498	59
2025.07.11 01:15	0.52501	0.52503	0.52494	0.52502	18
2025.07.11 01:16	0.52502	0.52502	0.52498	0.525	20
2025.07.11 01:17	0.525	0.52503	0.52497	0.52503	22
2025.07.11 01:18	0.52503	0.52505	0.52501	0.52505	15
2025.07.11 01:19	0.52505	0.5251	0.52504	0.52509	16
2025.07.11 01:20	0.5251	0.5251	0.52505	0.52509	10
2025.07.11 01:21	0.52509	0.52513	0.52509	0.52509	6
2025.07.11 01:22	0.52509	0.52509	0.52501	0.52502	16
2025.07.11 01:23	0.52501	0.52503	0.52499	0.52499	5
2025.07.11 01:24	0.52499	0.52501	0.52499	0.52501	2
2025.07.11 01:25	0.52501	0.52501	0.52496	0.52498	6
2025.07.11 01:26	0.52499	0.525	0.52498	0.52499	4
2025.07.11 01:27	0.525	0.525	0.52499	0.525	3
2025.07.11 01:28	0.525	0.525	0.52496	0.52497	4
2025.07.11 01:29	0.52498	0.52501	0.52498	0.52498	6
2025.07.11 01:30	0.52498	0.52498	0.52497	0.52497	2
2025.07.11 01:31	0.52497	0.52501	0.52497	0.52498	5
2025.07.11 01:32	0.52498	0.52498	0.52495	0.52495	3
2025.07.11 01:33	0.52496	0.52496	0.52492	0.52494	4
2025.07.11 01:34	0.52494	0.52494	0.52494	0.52494	1
2025.07.11 01:35	0.52495	0.52495	0.5249	0.52495	16
2025.07.11 01:36	0.52495	0.52498	0.52495	0.52498	5
2025.07.11 01:37	0.52498	0.52498	0.52498	0.52498	1
2025.07.11 01:38	0.52498	0.52498	0.52495	0.52495	4
2025.07.11 01:39	0.52496	0.52498	0.52495	0.52497	4
2025.07.11 01:40	0.52497	0.5251	0.52497	0.52505	17
2025.07.11 01:41	0.52504	0.52504	0.52497	0.52497	6
2025.07.11 01:42	0.52496	0.52499	0.52496	0.52496	7
2025.07.11 01:43	0.52496	0.52501	0.52495	0.52497	8
2025.07.11 01:44	0.52497	0.52505	0.52497	0.52504	13
2025.07.11 01:45	0.52505	0.52505	0.52502	0.52504	11
2025.07.11 01:46	0.52504	0.52504	0.52502	0.52503	6
2025.07.11 01:47	0.52504	0.52505	0.52502	0.52503	12
2025.07.11 01:48	0.52503	0.52503	0.52499	0.52501	10
2025.07.11 01:49	0.52501	0.52505	0.52501	0.52504	6
2025.07.11 01:50	0.52504	0.52505	0.52503	0.52503	6
2025.07.11 01:51	0.52504	0.52504	0.525	0.52501	9
2025.07.11 01:52	0.52501	0.52503	0.52495	0.52497	11
2025.07.11 01:53	0.52498	0.52501	0.52497	0.525	6
2025.07.11 01:54	0.52499	0.525	0.52497	0.52498	20
2025.07.11 01:55	0.525	0.52502	0.52492	0.52492	20
2025.07.11 01:56	0.52493	0.52493	0.52491	0.52492	6
2025.07.11 01:57	0.52493	0.52493	0.52491	0.52492	8
2025.07.11 01:58	0.52492	0.52495	0.52492	0.52494	9
2025.07.11 01:59	0.52495	0.52499	0.52494	0.52499	5
2025.07.11 02:00	0.52499	0.52502	0.52494	0.52496	46
2025.07.11 02:01	0.52497	0.52509	0.52497	0.52509	19
2025.07.11 02:02	0.52509	0.5251	0.52509	0.52509	3
2025.07.11 02:03	0.52509	0.52513	0.52509	0.52512	12
2025.07.11 02:04	0.52511	0.52511	0.52502	0.52503	21
2025.07.11 02:05	0.52503	0.52504	0.52498	0.52498	20
2025.07.11 02:06	0.52498	0.525	0.52497	0.52499	16
2025.07.11 02:07	0.525	0.52501	0.52497	0.525	9
2025.07.11 02:08	0.52501	0.52503	0.52499	0.52501	15
2025.07.11 02:09	0.52501	0.52504	0.52499	0.52501	17
2025.07.11 02:10	0.52501	0.52507	0.52499	0.52504	15
2025.07.11 02:11	0.52503	0.52506	0.52503	0.52505	11
2025.07.11 02:12	0.52502	0.52505	0.52501	0.52505	20
2025.07.11 02:13	0.52505	0.52505	0.52501	0.52502	9
2025.07.11 02:14	0.52501	0.52504	0.52501	0.52501	7
2025.07.11 02:15	0.52502	0.52504	0.525	0.525	9
2025.07.11 02:16	0.52501	0.52501	0.52498	0.525	12
2025.07.11 02:17	0.525	0.525	0.52497	0.52497	9
2025.07.11 02:18	0.52497	0.52499	0.52496	0.52498	12
2025.07.11 02:19	0.52498	0.525	0.52495	0.52496	17
2025.07.11 02:20	0.52497	0.52497	0.52492	0.52494	12
2025.07.11 02:21	0.52493	0.52497	0.52491	0.52497	16
2025.07.11 02:22	0.52498	0.52501	0.52498	0.52501	12
2025.07.11 02:23	0.52501	0.52504	0.52498	0.52498	14
2025.07.11 02:24	0.52498	0.52502	0.52498	0.52502	11
2025.07.11 02:25	0.52503	0.52506	0.52502	0.52506	11
2025.07.11 02:26	0.52506	0.52507	0.52506	0.52507	6
2025.07.11 02:27	0.52506	0.52506	0.52502	0.52503	8
2025.07.11 02:28	0.52505	0.52505	0.52502	0.52504	10
2025.07.11 02:29	0.52503	0.52504	0.52502	0.52503	6
2025.07.11 02:30	0.52505	0.52505	0.52498	0.52499	9
2025.07.11 02:31	0.52499	0.52504	0.52499	0.52502	12
2025.07.11 02:32	0.52502	0.52502	0.52495	0.52495	18
2025.07.11 02:33	0.52495	0.52498	0.52495	0.52496	6
2025.07.11 02:34	0.52497	0.52499	0.52497	0.52499	3
2025.07.11 02:35	0.52501	0.52504	0.52496	0.52502	14
2025.07.11 02:36	0.52503	0.52504	0.52502	0.52502	11
2025.07.11 02:37	0.52501	0.52505	0.52501	0.52503	6
2025.07.11 02:38	0.52502	0.52504	0.52502	0.52503	4
2025.07.11 02:39	0.52502	0.52502	0.52499	0.52499	4
2025.07.11 02:40	0.525	0.52502	0.525	0.52502	3
2025.07.11 02:41	0.52502	0.52503	0.525	0.525	3
2025.07.11 02:42	0.525	0.52501	0.52497	0.52497	6
2025.07.11 02:43	0.52498	0.52502	0.52497	0.52498	11
2025.07.11 02:44	0.52499	0.52501	0.52497	0.52497	8
2025.07.11 02:45	0.52497	0.525	0.52495	0.525	22
2025.07.11 02:46	0.52499	0.52501	0.52499	0.52501	7
2025.07.11 02:47	0.525	0.525	0.52497	0.52498	8
2025.07.11 02:48	0.52499	0.52501	0.52494	0.52501	37
2025.07.11 02:49	0.52501	0.52508	0.525	0.52507	25
2025.07.11 02:50	0.52509	0.52513	0.52506	0.52512	22
2025.07.11 02:51	0.52513	0.52516	0.52511	0.52514	15
2025.07.11 02:52	0.52514	0.52519	0.52514	0.52519	12
2025.07.11 02:53	0.52518	0.52521	0.52517	0.52521	26
2025.07.11 02:54	0.52521	0.52524	0.52521	0.52524	28
2025.07.11 02:55	0.52524	0.52525	0.52518	0.52518	36
2025.07.11 02:56	0.52518	0.52519	0.52516	0.52517	26
2025.07.11 02:57	0.52517	0.52519	0.52514	0.52516	23
2025.07.11 02:58	0.52516	0.52521	0.52515	0.52519	42
2025.07.11 02:59	0.5252	0.5252	0.52514	0.52514	27
2025.07.11 03:00	0.52514	0.52515	0.52499	0.52499	87
2025.07.11 03:01	0.52498	0.52507	0.52495	0.52496	51
2025.07.11 03:02	0.52495	0.52518	0.52494	0.52517	77
2025.07.11 03:03	0.52517	0.52525	0.52515	0.52524	38
2025.07.11 03:04	0.52524	0.52529	0.52522	0.52524	36
2025.07.11 03:05	0.52523	0.52529	0.52492	0.52496	59
2025.07.11 03:06	0.52497	0.52507	0.52497	0.52507	60
2025.07.11 03:07	0.52507	0.52509	0.52487	0.52487	70
2025.07.11 03:08	0.52487	0.52495	0.52479	0.52484	67
2025.07.11 03:09	0.52485	0.52486	0.52472	0.52475	53
2025.07.11 03:10	0.52475	0.52482	0.52475	0.5248	39
2025.07.11 03:11	0.52481	0.52483	0.52469	0.52473	42
2025.07.11 03:12	0.52472	0.52475	0.52463	0.52466	37
2025.07.11 03:13	0.52466	0.52468	0.5246	0.52463	32
2025.07.11 03:14	0.52464	0.52469	0.52463	0.52466	22
2025.07.11 03:15	0.52466	0.52478	0.52463	0.52465	50
2025.07.11 03:16	0.52466	0.52475	0.52447	0.52457	125
2025.07.11 03:17	0.52458	0.52458	0.52436	0.52444	91
2025.07.11 03:18	0.52441	0.52441	0.52413	0.52419	134
2025.07.11 03:19	0.5242	0.52421	0.52388	0.52389	113
2025.07.11 03:20	0.52391	0.52396	0.52375	0.5239	88
2025.07.11 03:21	0.52389	0.524	0.52383	0.52383	100
2025.07.11 03:22	0.52384	0.52386	0.52349	0.52356	123
2025.07.11 03:23	0.52357	0.52359	0.52341	0.52343	75
2025.07.11 03:24	0.5234	0.52343	0.52307	0.52312	113
2025.07.11 03:25	0.5231	0.5232	0.52298	0.52317	111
2025.07.11 03:26	0.52317	0.52318	0.52299	0.52311	104
2025.07.11 03:27	0.5231	0.52314	0.52292	0.52311	79
2025.07.11 03:28	0.5231	0.52314	0.52301	0.52314	89
2025.07.11 03:29	0.52311	0.5233	0.52307	0.5233	68
2025.07.11 03:30	0.52328	0.52328	0.52298	0.52327	122
2025.07.11 03:31	0.52328	0.52332	0.52321	0.52329	101
2025.07.11 03:32	0.52325	0.52348	0.52324	0.52346	106
2025.07.11 03:33	0.52346	0.52364	0.52342	0.52362	92
2025.07.11 03:34	0.52362	0.52367	0.5235	0.52351	97
2025.07.11 03:35	0.52352	0.52356	0.52344	0.52351	82
2025.07.11 03:36	0.52351	0.52363	0.52351	0.52361	60
2025.07.11 03:37	0.5236	0.5236	0.52344	0.52353	98
2025.07.11 03:38	0.52353	0.52358	0.52343	0.52354	65
2025.07.11 03:39	0.52355	0.52358	0.52351	0.52352	54
2025.07.11 03:40	0.52352	0.52354	0.52338	0.52341	61
2025.07.11 03:41	0.52339	0.52348	0.52338	0.52343	55
2025.07.11 03:42	0.52343	0.52358	0.52343	0.52357	51
2025.07.11 03:43	0.52357	0.52363	0.52347	0.52353	70
2025.07.11 03:44	0.52352	0.52355	0.52334	0.52336	43
2025.07.11 03:45	0.52333	0.52341	0.52321	0.52341	71
2025.07.11 03:46	0.52341	0.52355	0.52337	0.52354	79
2025.07.11 03:47	0.52354	0.52364	0.52351	0.52364	78
2025.07.11 03:48	0.52362	0.52364	0.52342	0.52351	71
2025.07.11 03:49	0.5235	0.5237	0.5235	0.52369	53
2025.07.11 03:50	0.52369	0.52369	0.5235	0.52354	66
2025.07.11 03:51	0.52354	0.52358	0.52353	0.52354	36
2025.07.11 03:52	0.52353	0.52354	0.52338	0.52348	52
2025.07.11 03:53	0.52346	0.52355	0.52334	0.52344	77
2025.07.11 03:54	0.52346	0.52346	0.52307	0.52309	111
2025.07.11 03:55	0.52307	0.52307	0.52288	0.52302	108
2025.07.11 03:56	0.52302	0.52379	0.523	0.52365	139
2025.07.11 03:57	0.52368	0.5239	0.52363	0.52374	180
2025.07.11 03:58	0.52375	0.52389	0.52363	0.52365	130
2025.07.11 03:59	0.52362	0.52367	0.52352	0.52357	110
2025.07.11 04:00	0.52358	0.52364	0.52342	0.52359	80
2025.07.11 04:01	0.52358	0.52368	0.52349	0.52362	68
2025.07.11 04:02	0.52363	0.5237	0.52361	0.52368	57
2025.07.11 04:03	0.5237	0.52371	0.5235	0.52351	72
2025.07.11 04:04	0.5235	0.5236	0.52338	0.52343	77
2025.07.11 04:05	0.52341	0.52353	0.52332	0.52335	86
2025.07.11 04:06	0.52332	0.52341	0.52329	0.52341	68
2025.07.11 04:07	0.52342	0.52342	0.52319	0.52322	59
2025.07.11 04:08	0.52322	0.52326	0.52319	0.52324	41
2025.07.11 04:09	0.52325	0.52347	0.52324	0.52347	73
2025.07.11 04:10	0.52348	0.52358	0.52345	0.52351	66
2025.07.11 04:11	0.52352	0.52368	0.52344	0.52365	56
2025.07.11 04:12	0.52364	0.52385	0.52364	0.52384	54
2025.07.11 04:13	0.52383	0.52385	0.52367	0.52371	74
2025.07.11 04:14	0.52371	0.52376	0.52368	0.52374	48
2025.07.11 04:15	0.52375	0.52404	0.52374	0.52404	74
2025.07.11 04:16	0.52406	0.52406	0.52393	0.52394	71
2025.07.11 04:17	0.52392	0.52392	0.52379	0.5238	44
2025.07.11 04:18	0.52379	0.5239	0.52376	0.52378	60
2025.07.11 04:19	0.52379	0.52382	0.52372	0.52382	49
2025.07.11 04:20	0.52383	0.524	0.52383	0.52395	50
2025.07.11 04:21	0.52394	0.52396	0.52386	0.52396	63
2025.07.11 04:22	0.52396	0.52401	0.52388	0.52401	68
2025.07.11 04:23	0.52399	0.52406	0.52393	0.52402	65
2025.07.11 04:24	0.52401	0.52445	0.524	0.52438	65
2025.07.11 04:25	0.52439	0.5245	0.52437	0.52439	46
2025.07.11 04:26	0.52438	0.52453	0.52433	0.52451	60
2025.07.11 04:27	0.5245	0.52487	0.52449	0.52483	67
2025.07.11 04:28	0.52483	0.52501	0.52483	0.5249	104
2025.07.11 04:29	0.52491	0.52492	0.52482	0.52488	49
2025.07.11 04:30	0.52494	0.52499	0.52456	0.52462	71
2025.07.11 04:31	0.52464	0.52483	0.52464	0.52469	69
2025.07.11 04:32	0.52469	0.52486	0.52468	0.52482	96
2025.07.11 04:33	0.52481	0.52484	0.5246	0.52468	71
2025.07.11 04:34	0.5247	0.52485	0.52465	0.52485	53
2025.07.11 04:35	0.52485	0.52505	0.52478	0.52487	82
2025.07.11 04:36	0.52488	0.52504	0.52486	0.52499	40
2025.07.11 04:37	0.52499	0.52504	0.52494	0.52504	44
2025.07.11 04:38	0.52503	0.52531	0.52503	0.5253	71
2025.07.11 04:39	0.52529	0.52539	0.52527	0.52539	52
2025.07.11 04:40	0.52539	0.52544	0.52526	0.52538	55
2025.07.11 04:41	0.52537	0.5255	0.52534	0.5254	52
2025.07.11 04:42	0.52542	0.52563	0.52539	0.52552	74
2025.07.11 04:43	0.52551	0.52553	0.52541	0.52547	60
2025.07.11 04:44	0.52547	0.52547	0.52536	0.52544	44
2025.07.11 04:45	0.52543	0.52551	0.52532	0.52535	39
2025.07.11 04:46	0.52535	0.52535	0.5252	0.52524	48
2025.07.11 04:47	0.52526	0.52527	0.52517	0.52518	44
2025.07.11 04:48	0.52519	0.5253	0.52515	0.5253	37
2025.07.11 04:49	0.5253	0.52534	0.52522	0.52526	50
2025.07.11 04:50	0.52526	0.52528	0.52506	0.5251	49
2025.07.11 04:51	0.52509	0.52517	0.52509	0.5251	65
2025.07.11 04:52	0.52509	0.52519	0.52509	0.52514	30
2025.07.11 04:53	0.52516	0.52517	0.52506	0.52508	59
2025.07.11 04:54	0.5251	0.52516	0.52507	0.52509	68
2025.07.11 04:55	0.5251	0.52513	0.525	0.52501	70
2025.07.11 04:56	0.52502	0.52514	0.52499	0.52513	42
2025.07.11 04:57	0.52514	0.52514	0.52507	0.52508	52
2025.07.11 04:58	0.5251	0.52516	0.5251	0.52513	47
2025.07.11 04:59	0.52512	0.52516	0.52508	0.52511	52
2025.07.11 05:00	0.52512	0.52528	0.52509	0.52527	47
2025.07.11 05:01	0.52528	0.52532	0.52515	0.52528	55
2025.07.11 05:02	0.52528	0.52534	0.52526	0.52532	46
2025.07.11 05:03	0.52533	0.52536	0.52522	0.5253	39
2025.07.11 05:04	0.52533	0.52539	0.52533	0.52536	47
2025.07.11 05:05	0.52537	0.52539	0.52531	0.52531	57
2025.07.11 05:06	0.52532	0.52532	0.52518	0.52518	36
2025.07.11 05:07	0.52517	0.52525	0.52511	0.52512	51
2025.07.11 05:08	0.52512	0.52535	0.52512	0.52533	44
2025.07.11 05:09	0.52533	0.52539	0.52529	0.52537	23
2025.07.11 05:10	0.52536	0.52544	0.52533	0.5254	48
2025.07.11 05:11	0.5254	0.52541	0.52531	0.52532	44
2025.07.11 05:12	0.52533	0.52536	0.52531	0.52535	35
2025.07.11 05:13	0.52536	0.5254	0.52534	0.52536	38
2025.07.11 05:14	0.52537	0.52537	0.52522	0.52532	47
2025.07.11 05:15	0.52533	0.52539	0.52528	0.52536	37
2025.07.11 05:16	0.52535	0.52545	0.52535	0.5254	43
2025.07.11 05:17	0.52542	0.52543	0.52522	0.52525	59
2025.07.11 05:18	0.52526	0.52528	0.52519	0.52524	49
2025.07.11 05:19	0.52525	0.52526	0.52516	0.52518	70
2025.07.11 05:20	0.52519	0.52526	0.52515	0.52517	62
2025.07.11 05:21	0.52517	0.52518	0.52503	0.52508	39
2025.07.11 05:22	0.52508	0.52516	0.52496	0.52496	51
2025.07.11 05:23	0.525	0.52507	0.52499	0.52507	34
2025.07.11 05:24	0.52507	0.52512	0.525	0.52501	55
2025.07.11 05:25	0.52502	0.52502	0.5249	0.52494	35
2025.07.11 05:26	0.52495	0.52496	0.52485	0.52485	44
2025.07.11 05:27	0.52485	0.52495	0.52482	0.52493	38
2025.07.11 05:28	0.52493	0.52493	0.52476	0.52481	54
2025.07.11 05:29	0.52481	0.5249	0.52481	0.52484	25
2025.07.11 05:30	0.52484	0.52486	0.52471	0.52471	70
2025.07.11 05:31	0.52472	0.52483	0.52469	0.52471	65
2025.07.11 05:32	0.52475	0.52477	0.52467	0.52468	63
2025.07.11 05:33	0.52468	0.5248	0.52464	0.52479	51
2025.07.11 05:34	0.52479	0.52482	0.52472	0.52472	52
2025.07.11 05:35	0.52473	0.52485	0.52473	0.52485	34
2025.07.11 05:36	0.52485	0.52488	0.52481	0.52482	17
2025.07.11 05:37	0.52483	0.52489	0.5248	0.52489	22
2025.07.11 05:38	0.52487	0.52492	0.52485	0.5249	29
2025.07.11 05:39	0.52487	0.52493	0.52485	0.5249	46
2025.07.11 05:40	0.52491	0.52494	0.52485	0.52494	50
2025.07.11 05:41	0.52493	0.52498	0.52486	0.52494	39
2025.07.11 05:42	0.52495	0.52496	0.52486	0.52489	50
2025.07.11 05:43	0.52488	0.52489	0.52483	0.52484	25
2025.07.11 05:44	0.52485	0.52491	0.52477	0.52477	20
2025.07.11 05:45	0.52475	0.52476	0.52468	0.52469	30
2025.07.11 05:46	0.52469	0.52469	0.52463	0.52464	22
2025.07.11 05:47	0.52464	0.52471	0.52461	0.52463	21
2025.07.11 05:48	0.52463	0.5247	0.52463	0.5247	15
2025.07.11 05:49	0.52471	0.52475	0.52469	0.5247	10
2025.07.11 05:50	0.52469	0.5247	0.52466	0.52469	16
2025.07.11 05:51	0.52466	0.52474	0.52466	0.52468	18
2025.07.11 05:52	0.52468	0.52482	0.52468	0.52478	35
2025.07.11 05:53	0.52477	0.52483	0.52473	0.5248	24
2025.07.11 05:54	0.52479	0.52479	0.52473	0.52473	19
2025.07.11 05:55	0.52474	0.52475	0.5247	0.5247	7
2025.07.11 05:56	0.52471	0.52485	0.52471	0.52485	14
2025.07.11 05:57	0.52486	0.5249	0.52483	0.52486	31
2025.07.11 05:58	0.52483	0.52486	0.52477	0.5248	36
2025.07.11 05:59	0.5248	0.52482	0.52467	0.52468	46
2025.07.11 06:00	0.52468	0.52471	0.52456	0.52459	51
2025.07.11 06:01	0.52459	0.5246	0.52456	0.52458	42
2025.07.11 06:02	0.52457	0.52458	0.52453	0.52457	32
2025.07.11 06:03	0.52455	0.52461	0.52455	0.52458	32
2025.07.11 06:04	0.52458	0.52465	0.52457	0.52464	44
2025.07.11 06:05	0.52465	0.52471	0.52465	0.52471	21
2025.07.11 06:06	0.52471	0.52475	0.52466	0.52467	25
2025.07.11 06:07	0.52467	0.52473	0.52464	0.52471	24
2025.07.11 06:08	0.5247	0.5247	0.5246	0.52462	20
2025.07.11 06:09	0.52462	0.52467	0.52461	0.52464	14
2025.07.11 06:10	0.52464	0.52464	0.52453	0.52458	30
2025.07.11 06:11	0.52458	0.52464	0.52455	0.52461	44
2025.07.11 06:12	0.5246	0.52465	0.52455	0.52464	20
2025.07.11 06:13	0.52465	0.52469	0.52464	0.52469	17
2025.07.11 06:14	0.5247	0.52472	0.52469	0.52471	16
2025.07.11 06:15	0.5247	0.52471	0.52465	0.52468	26
2025.07.11 06:16	0.52469	0.52472	0.52466	0.52468	25
2025.07.11 06:17	0.52467	0.52472	0.52467	0.52468	23
2025.07.11 06:18	0.52469	0.52472	0.52465	0.52472	22
2025.07.11 06:19	0.52473	0.52476	0.52471	0.52476	48
2025.07.11 06:20	0.52476	0.52485	0.52474	0.52481	22
2025.07.11 06:21	0.52482	0.52486	0.52481	0.52485	29
2025.07.11 06:22	0.52484	0.52484	0.52478	0.5248	18
2025.07.11 06:23	0.5248	0.52481	0.52467	0.52467	18
2025.07.11 06:24	0.52467	0.52481	0.52467	0.5248	52
2025.07.11 06:25	0.52481	0.52487	0.5248	0.52484	35
2025.07.11 06:26	0.52485	0.52494	0.52485	0.52493	21
2025.07.11 06:27	0.52492	0.52496	0.52481	0.52488	37
2025.07.11 06:28	0.52488	0.5249	0.5248	0.52481	44
2025.07.11 06:29	0.52482	0.52483	0.52475	0.52482	36
2025.07.11 06:30	0.52483	0.52493	0.52481	0.52492	40
2025.07.11 06:31	0.52492	0.52507	0.52492	0.52505	38
2025.07.11 06:32	0.52504	0.52507	0.525	0.52505	45
2025.07.11 06:33	0.52506	0.52507	0.52498	0.52502	50
2025.07.11 06:34	0.52502	0.52503	0.52489	0.52491	43
2025.07.11 06:35	0.52492	0.52492	0.52484	0.52486	23
2025.07.11 06:36	0.52486	0.52491	0.52485	0.52488	13
2025.07.11 06:37	0.52488	0.52498	0.52488	0.52495	24
2025.07.11 06:38	0.52494	0.52506	0.52493	0.52504	34
2025.07.11 06:39	0.52505	0.52514	0.52502	0.52503	25
2025.07.11 06:40	0.52504	0.52511	0.52501	0.52501	27
2025.07.11 06:41	0.52499	0.525	0.52489	0.52491	21
2025.07.11 06:42	0.52492	0.52501	0.52492	0.52497	37
2025.07.11 06:43	0.52496	0.52497	0.52494	0.52495	11
2025.07.11 06:44	0.52496	0.52498	0.52492	0.52492	19
2025.07.11 06:45	0.52493	0.52496	0.52491	0.52495	18
2025.07.11 06:46	0.52496	0.52503	0.52495	0.52499	13
2025.07.11 06:47	0.52499	0.52504	0.52496	0.52504	25
2025.07.11 06:48	0.52503	0.52507	0.52503	0.52506	12
2025.07.11 06:49	0.52506	0.52511	0.52505	0.5251	23
2025.07.11 06:50	0.5251	0.5251	0.52504	0.52507	19
2025.07.11 06:51	0.52508	0.52508	0.52494	0.52498	16
2025.07.11 06:52	0.52498	0.52501	0.52496	0.52496	20
2025.07.11 06:53	0.52496	0.52501	0.52495	0.52498	26
2025.07.11 06:54	0.52498	0.52512	0.52498	0.52511	20
2025.07.11 06:55	0.52511	0.52513	0.52506	0.52507	23
2025.07.11 06:56	0.52507	0.5251	0.52501	0.52501	18
2025.07.11 06:57	0.52501	0.52505	0.52498	0.52501	27
2025.07.11 06:58	0.52502	0.52503	0.52496	0.52498	27
2025.07.11 06:59	0.52499	0.52503	0.52497	0.525	25
2025.07.11 07:00	0.525	0.52504	0.52496	0.52496	32
2025.07.11 07:01	0.52497	0.52504	0.52485	0.52485	32
2025.07.11 07:02	0.52486	0.52491	0.52485	0.52486	29
2025.07.11 07:03	0.52487	0.52489	0.52479	0.52481	48
2025.07.11 07:04	0.52482	0.52484	0.52479	0.52479	39
2025.07.11 07:05	0.5248	0.52483	0.52478	0.52481	36
2025.07.11 07:06	0.52479	0.52484	0.52476	0.52481	43
2025.07.11 07:07	0.5248	0.52484	0.52478	0.52484	30
2025.07.11 07:08	0.52484	0.52486	0.52484	0.52485	14
2025.07.11 07:09	0.52488	0.52488	0.52475	0.52478	25
2025.07.11 07:10	0.52473	0.52474	0.52468	0.52474	29
2025.07.11 07:11	0.52474	0.52474	0.52468	0.52473	15
2025.07.11 07:12	0.52473	0.52474	0.52468	0.52471	25
2025.07.11 07:13	0.52472	0.52476	0.52466	0.52474	50
2025.07.11 07:14	0.52475	0.52476	0.52469	0.52471	20
2025.07.11 07:15	0.52472	0.52472	0.52459	0.5246	30
2025.07.11 07:16	0.52461	0.52468	0.5246	0.52462	50
2025.07.11 07:17	0.52463	0.52467	0.52459	0.52464	44
2025.07.11 07:18	0.52466	0.52468	0.52463	0.52464	33
2025.07.11 07:19	0.52465	0.52467	0.52462	0.52464	39
2025.07.11 07:20	0.52464	0.52466	0.52456	0.52459	33
2025.07.11 07:21	0.5246	0.52467	0.52458	0.52466	44
2025.07.11 07:22	0.52467	0.52469	0.52458	0.52458	64
2025.07.11 07:23	0.52457	0.52462	0.52456	0.5246	45
2025.07.11 07:24	0.52462	0.52467	0.52462	0.52465	23
2025.07.11 07:25	0.52464	0.52464	0.52455	0.52456	52
2025.07.11 07:26	0.52457	0.52457	0.5245	0.52457	44
2025.07.11 07:27	0.52455	0.52458	0.52446	0.52458	50
2025.07.11 07:28	0.52458	0.5246	0.52456	0.52459	25
2025.07.11 07:29	0.52459	0.52462	0.52452	0.52454	44
2025.07.11 07:30	0.52454	0.52457	0.52435	0.52437	52
2025.07.11 07:31	0.52438	0.5244	0.52422	0.52429	48
2025.07.11 07:32	0.52428	0.52434	0.52427	0.52434	42
2025.07.11 07:33	0.52433	0.52436	0.52431	0.52436	17
2025.07.11 07:34	0.52433	0.52435	0.52431	0.52432	20
2025.07.11 07:35	0.52431	0.52432	0.52426	0.52428	24
2025.07.11 07:36	0.52428	0.52438	0.52428	0.52437	22
2025.07.11 07:37	0.52435	0.5244	0.52431	0.52436	34
2025.07.11 07:38	0.52435	0.52441	0.52433	0.52439	33
2025.07.11 07:39	0.5244	0.5244	0.5243	0.52432	42
2025.07.11 07:40	0.52432	0.52439	0.52432	0.52439	22
2025.07.11 07:41	0.52439	0.52439	0.52421	0.52421	16
2025.07.11 07:42	0.52421	0.52427	0.5242	0.52424	49
2025.07.11 07:43	0.52426	0.5243	0.52424	0.52425	38
2025.07.11 07:44	0.52425	0.52426	0.52421	0.52424	36
2025.07.11 07:45	0.52425	0.5243	0.52423	0.52428	23
2025.07.11 07:46	0.52428	0.5243	0.52422	0.52425	29
2025.07.11 07:47	0.52425	0.52428	0.52425	0.52427	15
2025.07.11 07:48	0.52428	0.52429	0.52422	0.52429	21
2025.07.11 07:49	0.52427	0.52437	0.52425	0.52436	33
2025.07.11 07:50	0.52435	0.52442	0.52434	0.52442	15
2025.07.11 07:51	0.52441	0.52442	0.52432	0.5244	32
2025.07.11 07:52	0.52439	0.52441	0.52428	0.52434	37
2025.07.11 07:53	0.52432	0.52434	0.52424	0.52428	33
2025.07.11 07:54	0.52427	0.5243	0.52424	0.52429	34
2025.07.11 07:55	0.5243	0.52433	0.52425	0.52426	26
2025.07.11 07:56	0.52426	0.52427	0.52423	0.52426	20
2025.07.11 07:57	0.52425	0.52434	0.52424	0.52431	25
2025.07.11 07:58	0.52429	0.52435	0.52426	0.52434	36
2025.07.11 07:59	0.52434	0.52438	0.52432	0.52434	26
2025.07.11 08:00	0.52436	0.52442	0.52436	0.5244	30
2025.07.11 08:01	0.52441	0.52449	0.52435	0.52447	42
2025.07.11 08:02	0.52446	0.52453	0.52443	0.52443	58
2025.07.11 08:03	0.52443	0.52451	0.52443	0.52449	28
2025.07.11 08:04	0.52448	0.52458	0.52448	0.52457	40
2025.07.11 08:05	0.52454	0.52457	0.52446	0.52448	36
2025.07.11 08:06	0.52449	0.52459	0.52449	0.52454	39
2025.07.11 08:07	0.52453	0.52459	0.52451	0.52459	34
2025.07.11 08:08	0.52458	0.52462	0.5245	0.52455	49
2025.07.11 08:09	0.52455	0.52457	0.52452	0.52453	43
2025.07.11 08:10	0.52452	0.52453	0.52441	0.52443	46
2025.07.11 08:11	0.52442	0.52448	0.52437	0.52437	48
2025.07.11 08:12	0.52437	0.5244	0.52435	0.52439	34
2025.07.11 08:13	0.5244	0.52445	0.52438	0.52439	31
2025.07.11 08:14	0.52438	0.5244	0.52422	0.52427	54
2025.07.11 08:15	0.52426	0.52436	0.52424	0.52434	37
2025.07.11 08:16	0.52434	0.52441	0.52434	0.52438	14
2025.07.11 08:17	0.52439	0.5244	0.52432	0.5244	33
2025.07.11 08:18	0.5244	0.52444	0.52438	0.52441	35
2025.07.11 08:19	0.5244	0.52443	0.52437	0.52438	27
2025.07.11 08:20	0.52437	0.52447	0.52435	0.5244	37
2025.07.11 08:21	0.5244	0.52444	0.5244	0.52441	41
2025.07.11 08:22	0.52442	0.52445	0.52438	0.52442	38
2025.07.11 08:23	0.52443	0.52448	0.52436	0.52444	44
2025.07.11 08:24	0.52445	0.52447	0.52435	0.52435	51
2025.07.11 08:25	0.52433	0.52438	0.52431	0.52438	34
2025.07.11 08:26	0.52438	0.52445	0.52435	0.52444	31
2025.07.11 08:27	0.52445	0.52447	0.52435	0.52437	26
2025.07.11 08:28	0.52437	0.52449	0.52435	0.52448	34
2025.07.11 08:29	0.52448	0.52448	0.52443	0.52443	24
2025.07.11 08:30	0.52441	0.5246	0.5244	0.52458	42
2025.07.11 08:31	0.52457	0.52464	0.52456	0.52464	23
2025.07.11 08:32	0.52463	0.52469	0.52461	0.52468	31
2025.07.11 08:33	0.52467	0.52468	0.52463	0.52465	16
2025.07.11 08:34	0.52464	0.52471	0.52464	0.52469	19
2025.07.11 08:35	0.52469	0.52469	0.52456	0.52456	26
2025.07.11 08:36	0.52456	0.52466	0.52451	0.52466	25
2025.07.11 08:37	0.52465	0.5248	0.52464	0.52477	29
2025.07.11 08:38	0.52477	0.52481	0.52467	0.52467	46
2025.07.11 08:39	0.52467	0.52469	0.5246	0.52461	29
2025.07.11 08:40	0.52461	0.52463	0.52459	0.52462	17
2025.07.11 08:41	0.52461	0.52468	0.52459	0.52467	28
2025.07.11 08:42	0.52468	0.52468	0.52451	0.52457	31
2025.07.11 08:43	0.52458	0.52463	0.52451	0.52452	27
2025.07.11 08:44	0.52455	0.52468	0.52455	0.52464	23
2025.07.11 08:45	0.52464	0.52475	0.52464	0.52471	28
2025.07.11 08:46	0.52471	0.52479	0.5247	0.52474	28
2025.07.11 08:47	0.52475	0.52477	0.52471	0.52476	33
2025.07.11 08:48	0.52475	0.52482	0.52475	0.52482	31
2025.07.11 08:49	0.52483	0.52483	0.52478	0.52479	24
2025.07.11 08:50	0.5248	0.5248	0.5247	0.52473	22
2025.07.11 08:51	0.52473	0.52473	0.52465	0.52465	38
2025.07.11 08:52	0.52465	0.52466	0.52461	0.52463	22
2025.07.11 08:53	0.52462	0.52467	0.52461	0.52461	30
2025.07.11 08:54	0.5246	0.52466	0.52458	0.52464	25
2025.07.11 08:55	0.52463	0.52466	0.52458	0.52459	31
2025.07.11 08:56	0.5246	0.52468	0.52459	0.52459	22
2025.07.11 08:57	0.52458	0.52458	0.52444	0.52446	28
2025.07.11 08:58	0.52447	0.52447	0.52433	0.5244	31
2025.07.11 08:59	0.52442	0.52443	0.52436	0.52438	28
2025.07.11 09:00	0.52436	0.52436	0.52424	0.52424	94
2025.07.11 09:01	0.52424	0.52431	0.52417	0.52417	37
2025.07.11 09:02	0.52417	0.52426	0.52416	0.52422	40
2025.07.11 09:03	0.52423	0.52444	0.5242	0.52439	74
2025.07.11 09:04	0.52441	0.52445	0.52436	0.52442	81
2025.07.11 09:05	0.52442	0.52445	0.52436	0.52436	55
2025.07.11 09:06	0.52436	0.52446	0.52433	0.52444	54
2025.07.11 09:07	0.52444	0.52452	0.52442	0.52451	54
2025.07.11 09:08	0.52449	0.52453	0.52444	0.52447	49
2025.07.11 09:09	0.52447	0.5245	0.52439	0.52445	41
2025.07.11 09:10	0.52445	0.52456	0.52444	0.52444	60
2025.07.11 09:11	0.52445	0.52458	0.52444	0.52453	75
2025.07.11 09:12	0.52452	0.52464	0.52448	0.52454	64
2025.07.11 09:13	0.52454	0.52456	0.52435	0.52435	59
2025.07.11 09:14	0.52435	0.52465	0.52435	0.5246	58
2025.07.11 09:15	0.52459	0.52478	0.52459	0.52472	49
2025.07.11 09:16	0.52475	0.52478	0.52467	0.52472	47
2025.07.11 09:17	0.52474	0.52478	0.52465	0.52475	61
2025.07.11 09:18	0.52476	0.52477	0.52467	0.52468	60
2025.07.11 09:19	0.5247	0.52474	0.52467	0.52474	62
2025.07.11 09:20	0.52473	0.52481	0.52468	0.52474	71
2025.07.11 09:21	0.52473	0.52474	0.52466	0.52474	36
2025.07.11 09:22	0.52474	0.52479	0.5247	0.52471	43
2025.07.11 09:23	0.52472	0.52472	0.52465	0.52468	49
2025.07.11 09:24	0.52469	0.52476	0.52468	0.52475	47
2025.07.11 09:25	0.52474	0.52475	0.52465	0.5247	40
2025.07.11 09:26	0.52472	0.52475	0.52464	0.52474	45
2025.07.11 09:27	0.52474	0.52474	0.52461	0.52465	48
2025.07.11 09:28	0.52466	0.52471	0.52464	0.5247	32
2025.07.11 09:29	0.5247	0.52474	0.52462	0.52474	69
2025.07.11 09:30	0.52475	0.5248	0.52464	0.5247	71
2025.07.11 09:31	0.52469	0.52474	0.52463	0.52466	62
2025.07.11 09:32	0.52466	0.52476	0.52466	0.52475	57
2025.07.11 09:33	0.52474	0.5248	0.52468	0.5248	75
2025.07.11 09:34	0.52479	0.52483	0.52477	0.52481	49
2025.07.11 09:35	0.52481	0.52494	0.52479	0.5249	90
2025.07.11 09:36	0.52489	0.52492	0.52485	0.52487	53
2025.07.11 09:37	0.52487	0.52497	0.52487	0.52495	69
2025.07.11 09:38	0.52494	0.52502	0.5249	0.52492	54
2025.07.11 09:39	0.52494	0.52497	0.52476	0.52479	51
2025.07.11 09:40	0.52479	0.52479	0.52471	0.52476	73
2025.07.11 09:41	0.52476	0.52491	0.52476	0.52491	68
2025.07.11 09:42	0.52492	0.52494	0.52486	0.5249	36
2025.07.11 09:43	0.52492	0.52498	0.52489	0.52495	56
2025.07.11 09:44	0.52496	0.52497	0.52487	0.5249	43
2025.07.11 09:45	0.5249	0.52492	0.5248	0.52487	60
2025.07.11 09:46	0.52488	0.52493	0.52481	0.52488	54
2025.07.11 09:47	0.52487	0.52495	0.52487	0.52494	27
2025.07.11 09:48	0.52494	0.525	0.52486	0.52499	71
2025.07.11 09:49	0.52499	0.525	0.52494	0.52495	34
2025.07.11 09:50	0.52495	0.52504	0.52491	0.52496	69
2025.07.11 09:51	0.52496	0.52499	0.52493	0.52495	44
2025.07.11 09:52	0.52495	0.52499	0.52486	0.5249	54
2025.07.11 09:53	0.5249	0.525	0.5249	0.52495	58
2025.07.11 09:54	0.52496	0.52496	0.52478	0.52483	49
2025.07.11 09:55	0.52482	0.5249	0.52478	0.52487	52
2025.07.11 09:56	0.52488	0.52504	0.52485	0.525	75
2025.07.11 09:57	0.52501	0.52503	0.52496	0.52496	52
2025.07.11 09:58	0.52495	0.52506	0.52494	0.52503	36
2025.07.11 09:59	0.52502	0.52514	0.52502	0.52512	31
2025.07.11 10:00	0.52512	0.52517	0.52504	0.52512	78
2025.07.11 10:01	0.52513	0.52518	0.52499	0.52499	37
2025.07.11 10:02	0.525	0.5251	0.52497	0.52507	79
2025.07.11 10:03	0.52505	0.52508	0.52502	0.52504	44
2025.07.11 10:04	0.52504	0.52507	0.52494	0.52499	60
2025.07.11 10:05	0.52498	0.52505	0.52498	0.52499	58
2025.07.11 10:06	0.52499	0.52499	0.52487	0.52493	63
2025.07.11 10:07	0.52492	0.52496	0.52484	0.52486	65
2025.07.11 10:08	0.52485	0.52485	0.52476	0.52483	63
2025.07.11 10:09	0.52483	0.52485	0.52473	0.52474	59
2025.07.11 10:10	0.52473	0.52478	0.52468	0.5247	67
2025.07.11 10:11	0.5247	0.5247	0.52456	0.52464	69
2025.07.11 10:12	0.52464	0.52464	0.52453	0.52458	82
2025.07.11 10:13	0.52458	0.5246	0.52449	0.52456	68
2025.07.11 10:14	0.52456	0.52456	0.52435	0.52437	90
2025.07.11 10:15	0.52437	0.52447	0.52431	0.52447	89
2025.07.11 10:16	0.52446	0.52448	0.52441	0.52444	52
2025.07.11 10:17	0.52444	0.52451	0.52443	0.52447	46
2025.07.11 10:18	0.52448	0.52451	0.52441	0.52443	64
2025.07.11 10:19	0.52444	0.52448	0.52436	0.52437	60
2025.07.11 10:20	0.52438	0.52443	0.52433	0.52443	81
2025.07.11 10:21	0.52443	0.52451	0.5244	0.52443	62
2025.07.11 10:22	0.52443	0.52455	0.52443	0.52455	63
2025.07.11 10:23	0.52454	0.52459	0.5245	0.52458	56
2025.07.11 10:24	0.52458	0.52471	0.52458	0.52468	73
2025.07.11 10:25	0.52467	0.52474	0.52465	0.52473	75
2025.07.11 10:26	0.52474	0.52479	0.5247	0.52475	47
2025.07.11 10:27	0.52476	0.5248	0.52468	0.52476	39
2025.07.11 10:28	0.52475	0.52481	0.52472	0.52474	48
2025.07.11 10:29	0.52473	0.52488	0.52473	0.52487	50
2025.07.11 10:30	0.52489	0.52493	0.52482	0.52488	44
2025.07.11 10:31	0.52486	0.5249	0.52482	0.52485	44
2025.07.11 10:32	0.52484	0.52493	0.52484	0.52489	41
2025.07.11 10:33	0.52491	0.52498	0.52487	0.52497	61
2025.07.11 10:34	0.52498	0.525	0.52492	0.52495	62
2025.07.11 10:35	0.52495	0.52502	0.52493	0.52497	47
2025.07.11 10:36	0.52497	0.525	0.52493	0.52496	44
2025.07.11 10:37	0.52496	0.52501	0.52488	0.52496	72
2025.07.11 10:38	0.52497	0.52499	0.52487	0.5249	49
2025.07.11 10:39	0.5249	0.52491	0.52482	0.52483	39
2025.07.11 10:40	0.52484	0.52495	0.52483	0.52487	53
2025.07.11 10:41	0.52486	0.52486	0.52476	0.52479	51
2025.07.11 10:42	0.5248	0.52483	0.52478	0.52483	30
2025.07.11 10:43	0.52483	0.52495	0.52483	0.52493	45
2025.07.11 10:44	0.52493	0.52497	0.52485	0.52488	65
2025.07.11 10:45	0.52488	0.52497	0.52484	0.52495	47
2025.07.11 10:46	0.52494	0.52495	0.5248	0.52483	59
2025.07.11 10:47	0.52483	0.52489	0.5248	0.52482	75
2025.07.11 10:48	0.52483	0.5249	0.5248	0.52488	66
2025.07.11 10:49	0.52488	0.52489	0.52479	0.52484	68
2025.07.11 10:50	0.52483	0.52485	0.52474	0.52474	66
2025.07.11 10:51	0.52473	0.52481	0.52466	0.52481	35
2025.07.11 10:52	0.52481	0.52489	0.52481	0.52485	51
2025.07.11 10:53	0.52484	0.52485	0.52474	0.52479	55
2025.07.11 10:54	0.52479	0.52481	0.52465	0.52465	75
2025.07.11 10:55	0.52466	0.5247	0.52462	0.52468	65
2025.07.11 10:56	0.52466	0.52468	0.52462	0.52463	52
2025.07.11 10:57	0.52464	0.52468	0.52455	0.52455	61
2025.07.11 10:58	0.52457	0.52457	0.52441	0.52443	70
2025.07.11 10:59	0.52443	0.52447	0.5244	0.52444	47
2025.07.11 11:00	0.52444	0.52458	0.52442	0.52456	72
2025.07.11 11:01	0.52456	0.52456	0.5244	0.52451	46
2025.07.11 11:02	0.52451	0.5246	0.52449	0.52454	80
2025.07.11 11:03	0.52454	0.52454	0.52439	0.52441	46
2025.07.11 11:04	0.52441	0.52441	0.52424	0.52424	55
2025.07.11 11:05	0.52424	0.52425	0.52404	0.52406	69
2025.07.11 11:06	0.52406	0.5242	0.52405	0.5242	44
2025.07.11 11:07	0.52421	0.52422	0.52403	0.52403	35
2025.07.11 11:08	0.52404	0.52404	0.52394	0.524	65
2025.07.11 11:09	0.52401	0.52403	0.52389	0.52395	47
2025.07.11 11:10	0.52394	0.52395	0.52382	0.52384	71
2025.07.11 11:11	0.52384	0.52385	0.52372	0.52382	56
2025.07.11 11:12	0.52382	0.52387	0.52373	0.52375	54
2025.07.11 11:13	0.52375	0.52382	0.52375	0.52378	50
2025.07.11 11:14	0.52378	0.52387	0.52375	0.52382	40
2025.07.11 11:15	0.52383	0.52384	0.52374	0.5238	44
2025.07.11 11:16	0.52381	0.52388	0.52376	0.52385	33
2025.07.11 11:17	0.52386	0.52389	0.5238	0.52383	36
2025.07.11 11:18	0.52382	0.52389	0.5238	0.52387	68
2025.07.11 11:19	0.52387	0.5239	0.52364	0.52364	101
2025.07.11 11:20	0.52364	0.52376	0.52363	0.52374	46
2025.07.11 11:21	0.52374	0.52382	0.52369	0.52381	47
2025.07.11 11:22	0.52381	0.52392	0.52379	0.52392	55
2025.07.11 11:23	0.52392	0.52405	0.52387	0.524	67
2025.07.11 11:24	0.524	0.52423	0.524	0.52423	68
2025.07.11 11:25	0.52422	0.52429	0.52422	0.52428	73
2025.07.11 11:26	0.52426	0.52431	0.5242	0.52431	50
2025.07.11 11:27	0.52429	0.52438	0.52429	0.52437	62
2025.07.11 11:28	0.52437	0.52439	0.52429	0.52431	88
2025.07.11 11:29	0.52432	0.52435	0.52427	0.52434	69
2025.07.11 11:30	0.52434	0.5244	0.52428	0.52433	75
2025.07.11 11:31	0.52433	0.52435	0.52425	0.52427	44
2025.07.11 11:32	0.52426	0.52429	0.52415	0.52418	44
2025.07.11 11:33	0.52418	0.52424	0.52412	0.52417	63
2025.07.11 11:34	0.52418	0.52423	0.52412	0.5242	63
2025.07.11 11:35	0.52419	0.52424	0.52414	0.52423	43
2025.07.11 11:36	0.52423	0.52429	0.52423	0.52428	31
2025.07.11 11:37	0.52428	0.5243	0.52421	0.52425	45
2025.07.11 11:38	0.52425	0.5243	0.52422	0.52427	41
2025.07.11 11:39	0.52427	0.5243	0.52424	0.52424	59
2025.07.11 11:40	0.52425	0.5243	0.52419	0.5242	64
2025.07.11 11:41	0.52421	0.52427	0.52418	0.52427	62
2025.07.11 11:42	0.52427	0.52435	0.52427	0.52429	53
2025.07.11 11:43	0.5243	0.5243	0.5242	0.52428	69
2025.07.11 11:44	0.52429	0.52429	0.52421	0.52422	39
2025.07.11 11:45	0.52421	0.52421	0.52414	0.52419	42
2025.07.11 11:46	0.52419	0.52425	0.52417	0.52424	45
2025.07.11 11:47	0.52425	0.5243	0.52421	0.5243	53
2025.07.11 11:48	0.5243	0.52435	0.52426	0.52434	52
2025.07.11 11:49	0.52434	0.52436	0.5243	0.52431	56
2025.07.11 11:50	0.52431	0.52431	0.52426	0.52429	46
2025.07.11 11:51	0.52425	0.52432	0.52423	0.5243	43
2025.07.11 11:52	0.52428	0.5243	0.52418	0.52418	48
2025.07.11 11:53	0.52419	0.52423	0.52416	0.52419	70
2025.07.11 11:54	0.52418	0.5242	0.52392	0.52396	75
2025.07.11 11:55	0.52397	0.52399	0.52383	0.52389	84
2025.07.11 11:56	0.5239	0.52396	0.52386	0.52388	66
2025.07.11 11:57	0.52387	0.52388	0.52379	0.52386	57
2025.07.11 11:58	0.52386	0.52386	0.52378	0.52382	81
2025.07.11 11:59	0.52383	0.52388	0.52378	0.52386	54
2025.07.11 12:00	0.52386	0.52393	0.52384	0.52385	81
2025.07.11 12:01	0.52385	0.52394	0.52382	0.52383	48
2025.07.11 12:02	0.52382	0.52398	0.52381	0.52394	32
2025.07.11 12:03	0.52395	0.52397	0.52391	0.52391	49
2025.07.11 12:04	0.52391	0.524	0.52391	0.52397	66
2025.07.11 12:05	0.52398	0.52402	0.52392	0.524	43
2025.07.11 12:06	0.524	0.52401	0.52391	0.52393	47
2025.07.11 12:07	0.52393	0.52394	0.52384	0.52392	53
2025.07.11 12:08	0.52392	0.52395	0.5239	0.52392	40
2025.07.11 12:09	0.52394	0.52398	0.52389	0.52392	53
2025.07.11 12:10	0.52391	0.52395	0.52389	0.52393	56
2025.07.11 12:11	0.52394	0.52395	0.52386	0.52392	48
2025.07.11 12:12	0.52393	0.52395	0.52385	0.52385	39
2025.07.11 12:13	0.52385	0.52387	0.52381	0.52386	65
2025.07.11 12:14	0.52386	0.52391	0.52385	0.52389	29
2025.07.11 12:15	0.52389	0.52397	0.52382	0.52396	26
2025.07.11 12:16	0.52396	0.52398	0.5239	0.52393	52
2025.07.11 12:17	0.52393	0.52394	0.52385	0.52387	35
2025.07.11 12:18	0.52388	0.5239	0.52385	0.52386	26
2025.07.11 12:19	0.52388	0.52389	0.52385	0.52388	36
2025.07.11 12:20	0.52389	0.52389	0.52382	0.52385	46
2025.07.11 12:21	0.52385	0.5239	0.52381	0.52385	45
2025.07.11 12:22	0.52386	0.52388	0.52379	0.52388	46
2025.07.11 12:23	0.52386	0.52386	0.52376	0.52377	40
2025.07.11 12:24	0.52377	0.5239	0.52377	0.5239	41
2025.07.11 12:25	0.5239	0.52393	0.52389	0.52392	28
2025.07.11 12:26	0.52392	0.52393	0.52385	0.52387	30
2025.07.11 12:27	0.52387	0.52387	0.52372	0.52372	34
2025.07.11 12:28	0.52372	0.5238	0.52366	0.5238	51
2025.07.11 12:29	0.5238	0.52383	0.52375	0.52375	40
2025.07.11 12:30	0.52375	0.52376	0.52366	0.52372	47
2025.07.11 12:31	0.52371	0.52377	0.52365	0.52375	50
2025.07.11 12:32	0.52375	0.52375	0.52371	0.52372	29
2025.07.11 12:33	0.52373	0.52375	0.52366	0.52371	47
2025.07.11 12:34	0.52371	0.52376	0.5237	0.52376	47
2025.07.11 12:35	0.52376	0.52388	0.52375	0.52387	41
2025.07.11 12:36	0.52388	0.52398	0.52388	0.52395	44
2025.07.11 12:37	0.52394	0.52405	0.52394	0.52401	67
2025.07.11 12:38	0.52401	0.52403	0.52396	0.52396	29
2025.07.11 12:39	0.52396	0.52403	0.52396	0.52403	40
2025.07.11 12:40	0.52404	0.52412	0.52404	0.52411	68
2025.07.11 12:41	0.52411	0.52415	0.52408	0.52412	73
2025.07.11 12:42	0.52413	0.52413	0.52404	0.52408	65
2025.07.11 12:43	0.52407	0.52407	0.52396	0.52399	56
2025.07.11 12:44	0.52399	0.52402	0.52388	0.52393	53
2025.07.11 12:45	0.52393	0.52396	0.5239	0.5239	38
2025.07.11 12:46	0.5239	0.52392	0.5237	0.52372	39
2025.07.11 12:47	0.52372	0.52376	0.52366	0.52367	46
2025.07.11 12:48	0.52368	0.52369	0.52357	0.52358	35
2025.07.11 12:49	0.52358	0.52361	0.52349	0.5235	63
2025.07.11 12:50	0.52353	0.52354	0.52339	0.52341	62
2025.07.11 12:51	0.52342	0.52345	0.52334	0.5234	59
2025.07.11 12:52	0.52341	0.52342	0.52333	0.52335	63
2025.07.11 12:53	0.52333	0.52343	0.5233	0.52342	66
2025.07.11 12:54	0.52344	0.52347	0.52334	0.52341	49
2025.07.11 12:55	0.52343	0.52346	0.52337	0.52337	66
2025.07.11 12:56	0.52336	0.52344	0.52336	0.52341	53
2025.07.11 12:57	0.52341	0.52343	0.52333	0.52336	48
2025.07.11 12:58	0.52336	0.5234	0.52331	0.52335	49
2025.07.11 12:59	0.52336	0.52338	0.52321	0.52325	72
2025.07.11 13:00	0.52325	0.52337	0.52317	0.52335	70
2025.07.11 13:01	0.52335	0.52335	0.5232	0.52322	45
2025.07.11 13:02	0.52321	0.52322	0.52298	0.52302	58
2025.07.11 13:03	0.52303	0.52308	0.523	0.52301	30
2025.07.11 13:04	0.52301	0.52309	0.52297	0.52306	25
2025.07.11 13:05	0.52306	0.52319	0.52305	0.52317	57
2025.07.11 13:06	0.52316	0.52333	0.52316	0.52332	42
2025.07.11 13:07	0.52332	0.52349	0.5233	0.52349	50
2025.07.11 13:08	0.52348	0.52356	0.52346	0.52356	45
2025.07.11 13:09	0.52352	0.52362	0.52352	0.52361	51
2025.07.11 13:10	0.52362	0.52364	0.52354	0.52355	50
2025.07.11 13:11	0.52355	0.52375	0.52355	0.52373	49
2025.07.11 13:12	0.52373	0.52385	0.52372	0.52385	43
2025.07.11 13:13	0.52385	0.52388	0.52376	0.52386	49
2025.07.11 13:14	0.52386	0.52392	0.52386	0.52389	37
2025.07.11 13:15	0.52389	0.52392	0.52389	0.5239	40
2025.07.11 13:16	0.52389	0.52393	0.52383	0.52388	57
2025.07.11 13:17	0.52387	0.52412	0.52387	0.52408	76
2025.07.11 13:18	0.52408	0.52408	0.52399	0.52403	69
2025.07.11 13:19	0.52404	0.52405	0.52397	0.52398	33
2025.07.11 13:20	0.52398	0.52407	0.52398	0.52402	46
2025.07.11 13:21	0.52402	0.52408	0.52399	0.52407	47
2025.07.11 13:22	0.52406	0.52409	0.52402	0.52409	62
2025.07.11 13:23	0.52409	0.52409	0.52403	0.52407	15
2025.07.11 13:24	0.52408	0.5241	0.52402	0.52408	29
2025.07.11 13:25	0.52408	0.52416	0.52405	0.52409	34
2025.07.11 13:26	0.52409	0.52419	0.52409	0.52416	54
2025.07.11 13:27	0.52415	0.52416	0.52404	0.5241	58
2025.07.11 13:28	0.52409	0.52414	0.52406	0.52411	58
2025.07.11 13:29	0.52411	0.52414	0.52406	0.5241	75
2025.07.11 13:30	0.52411	0.52413	0.52389	0.52397	59
2025.07.11 13:31	0.52398	0.52402	0.52395	0.52402	41
2025.07.11 13:32	0.52403	0.52406	0.52396	0.52405	40
2025.07.11 13:33	0.52405	0.52411	0.52404	0.52411	37
2025.07.11 13:34	0.52413	0.52415	0.52403	0.5241	49
2025.07.11 13:35	0.52411	0.52413	0.52406	0.52406	36
2025.07.11 13:36	0.52407	0.52412	0.52406	0.52408	28
2025.07.11 13:37	0.52407	0.52411	0.52405	0.52411	23
2025.07.11 13:38	0.52411	0.52414	0.52409	0.5241	26
2025.07.11 13:39	0.5241	0.52416	0.5241	0.52416	29
2025.07.11 13:40	0.52416	0.52423	0.52411	0.52421	34
2025.07.11 13:41	0.52422	0.52422	0.5241	0.52413	86
2025.07.11 13:42	0.52411	0.52416	0.52407	0.52415	49
2025.07.11 13:43	0.52416	0.52419	0.52409	0.52412	60
2025.07.11 13:44	0.52413	0.52414	0.52408	0.52413	31
2025.07.11 13:45	0.52413	0.52422	0.52413	0.52417	52
2025.07.11 13:46	0.52419	0.52425	0.52415	0.52425	40
2025.07.11 13:47	0.52425	0.52425	0.5242	0.52422	21
2025.07.11 13:48	0.52422	0.52423	0.52418	0.52423	24
2025.07.11 13:49	0.52424	0.52426	0.5242	0.52424	37
2025.07.11 13:50	0.52424	0.5243	0.52421	0.52423	50
2025.07.11 13:51	0.52424	0.52425	0.52415	0.5242	28
2025.07.11 13:52	0.5242	0.52429	0.52418	0.52428	52
2025.07.11 13:53	0.52428	0.5243	0.52422	0.52425	56
2025.07.11 13:54	0.52425	0.52427	0.52422	0.52425	69
2025.07.11 13:55	0.52425	0.52427	0.52409	0.52411	50
2025.07.11 13:56	0.52408	0.52412	0.52402	0.52408	69
2025.07.11 13:57	0.52408	0.5241	0.5239	0.5239	44
2025.07.11 13:58	0.5239	0.52401	0.52387	0.52397	85
2025.07.11 13:59	0.52398	0.52406	0.52397	0.52397	59
2025.07.11 14:00	0.52395	0.52396	0.52378	0.52385	74
2025.07.11 14:01	0.52387	0.52395	0.52386	0.52392	84
2025.07.11 14:02	0.52392	0.52392	0.5238	0.5238	79
2025.07.11 14:03	0.52379	0.52391	0.52378	0.5239	80
2025.07.11 14:04	0.5239	0.52398	0.52388	0.52398	69
2025.07.11 14:05	0.52398	0.524	0.52391	0.52399	46
2025.07.11 14:06	0.52399	0.52399	0.52394	0.52397	39
2025.07.11 14:07	0.52397	0.52405	0.52397	0.52405	57
2025.07.11 14:08	0.52406	0.5241	0.52405	0.52408	20
2025.07.11 14:09	0.52409	0.52414	0.52407	0.52412	48
2025.07.11 14:10	0.52413	0.52414	0.52404	0.52406	42
2025.07.11 14:11	0.52406	0.5242	0.52405	0.52419	57
2025.07.11 14:12	0.52419	0.52421	0.52409	0.5241	40
2025.07.11 14:13	0.52411	0.52415	0.52408	0.52411	21
2025.07.11 14:14	0.52411	0.52419	0.52411	0.52417	44
2025.07.11 14:15	0.52417	0.52428	0.52415	0.52426	60
2025.07.11 14:16	0.52425	0.52426	0.5242	0.52422	56
2025.07.11 14:17	0.52421	0.52428	0.52419	0.52428	68
2025.07.11 14:18	0.52428	0.52437	0.52428	0.52437	52
2025.07.11 14:19	0.52437	0.52438	0.52432	0.52436	62
2025.07.11 14:20	0.52436	0.5244	0.52435	0.52436	25
2025.07.11 14:21	0.52435	0.52435	0.52431	0.52432	39
2025.07.11 14:22	0.52432	0.52436	0.52429	0.52433	47
2025.07.11 14:23	0.52434	0.52435	0.52426	0.52427	47
2025.07.11 14:24	0.52426	0.52429	0.52424	0.52426	70
2025.07.11 14:25	0.52426	0.52443	0.52426	0.52438	71
2025.07.11 14:26	0.52437	0.5245	0.52437	0.52448	63
2025.07.11 14:27	0.52447	0.52454	0.52439	0.52441	57
2025.07.11 14:28	0.5244	0.52446	0.52439	0.52442	48
2025.07.11 14:29	0.52442	0.52444	0.52437	0.5244	34
2025.07.11 14:30	0.5244	0.5244	0.5243	0.52434	35
2025.07.11 14:31	0.52433	0.52435	0.52426	0.52434	44
2025.07.11 14:32	0.52436	0.52448	0.52434	0.52442	46
2025.07.11 14:33	0.52442	0.52442	0.5243	0.52436	40
2025.07.11 14:34	0.52434	0.5244	0.52431	0.52431	41
2025.07.11 14:35	0.52432	0.52434	0.52428	0.5243	35
2025.07.11 14:36	0.5243	0.5244	0.5243	0.52438	37
2025.07.11 14:37	0.52438	0.52438	0.52433	0.52436	39
2025.07.11 14:38	0.52437	0.5244	0.52434	0.52436	21
2025.07.11 14:39	0.52436	0.52436	0.52433	0.52435	23
2025.07.11 14:40	0.52435	0.52442	0.52435	0.52438	54
2025.07.11 14:41	0.52438	0.52444	0.52438	0.52443	52
2025.07.11 14:42	0.5244	0.52456	0.5244	0.52448	38
2025.07.11 14:43	0.52448	0.52451	0.52441	0.52441	24
2025.07.11 14:44	0.52441	0.52442	0.52436	0.52441	28
2025.07.11 14:45	0.52441	0.52444	0.52438	0.5244	33
2025.07.11 14:46	0.52439	0.52444	0.52439	0.52439	43
2025.07.11 14:47	0.5244	0.5244	0.52429	0.5243	28
2025.07.11 14:48	0.52429	0.52431	0.52411	0.52411	30
2025.07.11 14:49	0.52411	0.52415	0.52411	0.52414	15
2025.07.11 14:50	0.52413	0.5242	0.5241	0.5242	30
2025.07.11 14:51	0.52419	0.52422	0.524	0.52403	51
2025.07.11 14:52	0.52404	0.52411	0.52399	0.52411	51
2025.07.11 14:53	0.52412	0.52415	0.52411	0.52414	32
2025.07.11 14:54	0.52414	0.52414	0.52405	0.52411	37
2025.07.11 14:55	0.5241	0.52417	0.52403	0.52405	56
2025.07.11 14:56	0.52406	0.52408	0.52394	0.52395	51
2025.07.11 14:57	0.52395	0.52396	0.52367	0.52369	71
2025.07.11 14:58	0.52369	0.52384	0.52368	0.52381	62
2025.07.11 14:59	0.52381	0.52384	0.52378	0.52381	44
2025.07.11 15:00	0.5238	0.5238	0.52367	0.52367	54
2025.07.11 15:01	0.52368	0.52369	0.52358	0.52364	50
2025.07.11 15:02	0.52364	0.52368	0.5236	0.52362	40
2025.07.11 15:03	0.52362	0.52372	0.52361	0.52364	47
2025.07.11 15:04	0.52362	0.52366	0.52358	0.52365	34
2025.07.11 15:05	0.52365	0.52367	0.52353	0.52356	63
2025.07.11 15:06	0.52355	0.52371	0.52355	0.52367	55
2025.07.11 15:07	0.52367	0.52374	0.52364	0.52365	54
2025.07.11 15:08	0.52364	0.52364	0.52354	0.5236	57
2025.07.11 15:09	0.52361	0.52363	0.52352	0.52354	66
2025.07.11 15:10	0.52353	0.52357	0.52337	0.52344	88
2025.07.11 15:11	0.52347	0.52349	0.52341	0.52342	72
2025.07.11 15:12	0.52343	0.52348	0.52341	0.52346	46
2025.07.11 15:13	0.52346	0.52346	0.52339	0.52343	38
2025.07.11 15:14	0.52342	0.52346	0.5234	0.52344	51
2025.07.11 15:15	0.52345	0.52346	0.52338	0.52346	47
2025.07.11 15:16	0.52345	0.52348	0.5234	0.52341	47
2025.07.11 15:17	0.52342	0.52355	0.5234	0.52349	55
2025.07.11 15:18	0.52352	0.52356	0.52349	0.52353	54
2025.07.11 15:19	0.52353	0.52363	0.52353	0.52359	43
2025.07.11 15:20	0.52357	0.52362	0.52344	0.52344	74
2025.07.11 15:21	0.52343	0.52348	0.52336	0.52347	88
2025.07.11 15:22	0.52346	0.52349	0.52344	0.52348	75
2025.07.11 15:23	0.52348	0.52356	0.52348	0.52355	41
2025.07.11 15:24	0.52355	0.52358	0.52353	0.52353	69
2025.07.11 15:25	0.52356	0.52363	0.52351	0.52357	62
2025.07.11 15:26	0.52357	0.52371	0.52356	0.5237	62
2025.07.11 15:27	0.5237	0.52372	0.52364	0.52368	54
2025.07.11 15:28	0.52367	0.52377	0.52364	0.52375	42
2025.07.11 15:29	0.52377	0.52389	0.52377	0.52388	33
2025.07.11 15:30	0.52387	0.52398	0.52375	0.52379	135
2025.07.11 15:31	0.52381	0.5239	0.5238	0.52388	81
2025.07.11 15:32	0.52388	0.52401	0.52388	0.52398	64
2025.07.11 15:33	0.52398	0.52416	0.52394	0.52412	86
2025.07.11 15:34	0.52412	0.52417	0.52406	0.52411	84
2025.07.11 15:35	0.52413	0.52422	0.52401	0.5242	104
2025.07.11 15:36	0.52421	0.52431	0.52417	0.52423	115
2025.07.11 15:37	0.52424	0.52428	0.52421	0.52423	64
2025.07.11 15:38	0.52423	0.52436	0.52423	0.52435	54
2025.07.11 15:39	0.52433	0.52437	0.52418	0.5242	61
2025.07.11 15:40	0.5242	0.5242	0.52409	0.52415	51
2025.07.11 15:41	0.52413	0.52422	0.52413	0.52417	74
2025.07.11 15:42	0.52417	0.52417	0.524	0.52411	67
2025.07.11 15:43	0.52412	0.52412	0.52394	0.52397	74
2025.07.11 15:44	0.52396	0.52404	0.52393	0.52404	82
2025.07.11 15:45	0.52402	0.52406	0.52398	0.52401	59
2025.07.11 15:46	0.52402	0.52409	0.52401	0.52406	60
2025.07.11 15:47	0.52407	0.52418	0.52404	0.52417	77
2025.07.11 15:48	0.52418	0.5242	0.52409	0.52416	84
2025.07.11 15:49	0.52416	0.52422	0.52411	0.52418	51
2025.07.11 15:50	0.52418	0.52419	0.52409	0.52411	54
2025.07.11 15:51	0.52412	0.52415	0.5241	0.52411	61
2025.07.11 15:52	0.5241	0.5241	0.524	0.52405	59
2025.07.11 15:53	0.52406	0.52409	0.52396	0.524	84
2025.07.11 15:54	0.52401	0.5241	0.524	0.52405	91
2025.07.11 15:55	0.52405	0.52405	0.5239	0.52393	59
2025.07.11 15:56	0.52393	0.52394	0.52384	0.52384	75
2025.07.11 15:57	0.52384	0.52392	0.5238	0.52392	65
2025.07.11 15:58	0.52391	0.52394	0.52387	0.52391	54
2025.07.11 15:59	0.5239	0.52391	0.52382	0.52382	44
2025.07.11 16:00	0.52381	0.52388	0.52373	0.52386	99
2025.07.11 16:01	0.52385	0.52389	0.52373	0.52373	88
2025.07.11 16:02	0.52374	0.52386	0.52372	0.52384	69
2025.07.11 16:03	0.52385	0.524	0.52384	0.52395	80
2025.07.11 16:04	0.52396	0.52406	0.52393	0.52405	67
2025.07.11 16:05	0.52404	0.52404	0.52385	0.52389	71
2025.07.11 16:06	0.52389	0.52399	0.52389	0.52394	92
2025.07.11 16:07	0.52393	0.52395	0.52381	0.52385	56
2025.07.11 16:08	0.52386	0.52392	0.52383	0.52385	69
2025.07.11 16:09	0.52386	0.52388	0.52379	0.5238	58
2025.07.11 16:10	0.5238	0.52383	0.52364	0.52365	70
2025.07.11 16:11	0.52366	0.52374	0.52362	0.52367	88
2025.07.11 16:12	0.52367	0.52367	0.52352	0.52352	50
2025.07.11 16:13	0.52352	0.52353	0.52337	0.52341	48
2025.07.11 16:14	0.5234	0.52347	0.52336	0.52345	78
2025.07.11 16:15	0.52345	0.52355	0.52344	0.52355	55
2025.07.11 16:16	0.52353	0.52361	0.52351	0.52361	57
2025.07.11 16:17	0.5236	0.52369	0.52357	0.52368	56
2025.07.11 16:18	0.52368	0.52372	0.52362	0.52367	64
2025.07.11 16:19	0.52368	0.52383	0.52367	0.52382	59
2025.07.11 16:20	0.52382	0.5239	0.52382	0.52387	75
2025.07.11 16:21	0.52386	0.52392	0.52381	0.52392	61
2025.07.11 16:22	0.5239	0.52395	0.52387	0.52394	71
2025.07.11 16:23	0.52395	0.52398	0.52391	0.52394	65
2025.07.11 16:24	0.52394	0.52405	0.52393	0.52403	88
2025.07.11 16:25	0.52404	0.52408	0.52398	0.52401	74
2025.07.11 16:26	0.52401	0.52407	0.52396	0.52407	57
2025.07.11 16:27	0.52405	0.5241	0.52405	0.52409	48
2025.07.11 16:28	0.52409	0.5241	0.52404	0.52409	67
2025.07.11 16:29	0.52408	0.52421	0.52406	0.5242	81
2025.07.11 16:30	0.52421	0.52431	0.52408	0.5241	104
2025.07.11 16:31	0.52411	0.52415	0.52405	0.52405	82
2025.07.11 16:32	0.52406	0.52413	0.52401	0.52405	102
2025.07.11 16:33	0.52405	0.52409	0.52395	0.52408	95
2025.07.11 16:34	0.52407	0.52427	0.52407	0.52419	77
2025.07.11 16:35	0.52419	0.52424	0.52413	0.52415	89
2025.07.11 16:36	0.52415	0.52418	0.52406	0.52418	85
2025.07.11 16:37	0.52419	0.52419	0.52407	0.52411	121
2025.07.11 16:38	0.52411	0.52414	0.52406	0.52411	80
2025.07.11 16:39	0.52411	0.52413	0.52403	0.52412	102
2025.07.11 16:40	0.52413	0.52414	0.52405	0.52408	110
2025.07.11 16:41	0.52409	0.52413	0.52397	0.524	127
2025.07.11 16:42	0.52399	0.52401	0.52388	0.52393	87
2025.07.11 16:43	0.52392	0.52399	0.52387	0.52387	82
2025.07.11 16:44	0.52387	0.524	0.52387	0.52395	86
2025.07.11 16:45	0.52394	0.52395	0.52379	0.52387	92
2025.07.11 16:46	0.52386	0.52387	0.52378	0.5238	84
2025.07.11 16:47	0.52379	0.52393	0.52376	0.52385	94
2025.07.11 16:48	0.52385	0.52399	0.52381	0.52391	90
2025.07.11 16:49	0.52392	0.52395	0.52376	0.52383	94
2025.07.11 16:50	0.5238	0.52381	0.52367	0.52371	100
2025.07.11 16:51	0.52369	0.52371	0.52359	0.52361	95
2025.07.11 16:52	0.52364	0.52369	0.52358	0.52366	87
2025.07.11 16:53	0.52365	0.52369	0.52351	0.52352	127
2025.07.11 16:54	0.52353	0.52354	0.52344	0.52348	76
2025.07.11 16:55	0.52345	0.52362	0.52341	0.52358	95
2025.07.11 16:56	0.52359	0.52366	0.52356	0.52362	77
2025.07.11 16:57	0.5236	0.52361	0.52341	0.52343	97
2025.07.11 16:58	0.52344	0.52348	0.52338	0.52348	103
2025.07.11 16:59	0.52348	0.5235	0.52335	0.52338	94
2025.07.11 17:00	0.52338	0.52338	0.52319	0.52326	108
2025.07.11 17:01	0.52324	0.52325	0.52315	0.52319	104
2025.07.11 17:02	0.52319	0.52335	0.52313	0.52328	103
2025.07.11 17:03	0.52329	0.52336	0.52327	0.52334	78
2025.07.11 17:04	0.52334	0.52337	0.52325	0.52325	57
2025.07.11 17:05	0.52326	0.52337	0.52324	0.52334	71
2025.07.11 17:06	0.52333	0.52347	0.52328	0.52346	70
2025.07.11 17:07	0.52347	0.52353	0.52345	0.5235	83
2025.07.11 17:08	0.52349	0.5235	0.52341	0.52345	98
2025.07.11 17:09	0.52347	0.52347	0.52336	0.52339	65
2025.07.11 17:10	0.52339	0.52351	0.52339	0.52348	88
2025.07.11 17:11	0.52349	0.52352	0.52344	0.52349	65
2025.07.11 17:12	0.52348	0.52355	0.52348	0.52351	79
2025.07.11 17:13	0.52352	0.52363	0.5235	0.52355	90
2025.07.11 17:14	0.52356	0.52375	0.5235	0.52373	84
2025.07.11 17:15	0.52373	0.52377	0.52363	0.5237	102
2025.07.11 17:16	0.52369	0.5237	0.52358	0.52361	85
2025.07.11 17:17	0.52362	0.5238	0.5236	0.52375	89
2025.07.11 17:18	0.52375	0.52384	0.52372	0.52374	88
2025.07.11 17:19	0.52372	0.52386	0.52369	0.52377	101
2025.07.11 17:20	0.52377	0.52414	0.52377	0.52413	92
2025.07.11 17:21	0.52413	0.52416	0.52404	0.52416	100
2025.07.11 17:22	0.52417	0.52435	0.52415	0.52434	79
2025.07.11 17:23	0.52433	0.52439	0.52426	0.52438	86
2025.07.11 17:24	0.52438	0.52449	0.52437	0.52447	85
2025.07.11 17:25	0.52447	0.52457	0.52445	0.52446	92
2025.07.11 17:26	0.52445	0.5246	0.52442	0.52458	81
2025.07.11 17:27	0.52458	0.52466	0.52453	0.52463	62
2025.07.11 17:28	0.52464	0.52469	0.52463	0.52467	56
2025.07.11 17:29	0.52467	0.52468	0.52451	0.52451	71
2025.07.11 17:30	0.5245	0.52454	0.52448	0.52453	74
2025.07.11 17:31	0.52454	0.5246	0.5245	0.5245	66
2025.07.11 17:32	0.5245	0.52455	0.52446	0.52447	82
2025.07.11 17:33	0.52446	0.52452	0.52442	0.52442	77
2025.07.11 17:34	0.52443	0.52456	0.5244	0.52445	97
2025.07.11 17:35	0.52445	0.52448	0.52441	0.52447	73
2025.07.11 17:36	0.52447	0.52463	0.52445	0.52462	75
2025.07.11 17:37	0.5246	0.52468	0.52451	0.52457	74
2025.07.11 17:38	0.52456	0.52461	0.5245	0.52451	49
2025.07.11 17:39	0.52451	0.52452	0.52442	0.52443	52
2025.07.11 17:40	0.52442	0.52442	0.52431	0.52433	68
2025.07.11 17:41	0.52435	0.52435	0.52421	0.52422	64
2025.07.11 17:42	0.52423	0.52424	0.52411	0.52414	66
2025.07.11 17:43	0.52414	0.52423	0.52413	0.52423	65
2025.07.11 17:44	0.52423	0.52434	0.52423	0.52426	81
2025.07.11 17:45	0.52424	0.52425	0.5241	0.52419	85
2025.07.11 17:46	0.52419	0.52419	0.52392	0.52394	59
2025.07.11 17:47	0.52394	0.52396	0.52383	0.52383	52
2025.07.11 17:48	0.52384	0.52391	0.52384	0.52389	47
2025.07.11 17:49	0.5239	0.52394	0.5238	0.52381	66
2025.07.11 17:50	0.52383	0.52386	0.52375	0.52384	65
2025.07.11 17:51	0.52385	0.52388	0.52377	0.52381	76
2025.07.11 17:52	0.52381	0.52382	0.52349	0.5235	94
2025.07.11 17:53	0.52352	0.52352	0.52328	0.5233	102
2025.07.11 17:54	0.5233	0.52332	0.52321	0.52327	101
2025.07.11 17:55	0.52327	0.52327	0.52311	0.52321	93
2025.07.11 17:56	0.5232	0.52323	0.52315	0.52318	69
2025.07.11 17:57	0.52318	0.5233	0.52316	0.52317	103
2025.07.11 17:58	0.52316	0.52333	0.52316	0.52331	75
2025.07.11 17:59	0.52329	0.52344	0.52326	0.52344	60
2025.07.11 18:00	0.52344	0.52344	0.52328	0.52337	84
2025.07.11 18:01	0.52338	0.52338	0.52329	0.52334	73
2025.07.11 18:02	0.52334	0.52351	0.52329	0.5235	85
2025.07.11 18:03	0.52351	0.52367	0.5235	0.52366	67
2025.07.11 18:04	0.52366	0.52377	0.52365	0.52372	72
2025.07.11 18:05	0.52373	0.52377	0.52369	0.52377	50
2025.07.11 18:06	0.52377	0.52379	0.52362	0.52365	54
2025.07.11 18:07	0.52365	0.52366	0.52351	0.52352	37
2025.07.11 18:08	0.52351	0.52355	0.52348	0.52354	38
2025.07.11 18:09	0.52353	0.52362	0.52343	0.52362	58
2025.07.11 18:10	0.52362	0.52362	0.52352	0.52352	39
2025.07.11 18:11	0.52352	0.52368	0.5235	0.52366	62
2025.07.11 18:12	0.52367	0.52367	0.52357	0.52362	58
2025.07.11 18:13	0.52361	0.52365	0.52359	0.5236	66
2025.07.11 18:14	0.52362	0.52363	0.52352	0.52358	44
2025.07.11 18:15	0.52358	0.5236	0.52353	0.52359	56
2025.07.11 18:16	0.5236	0.52363	0.52356	0.52363	44
2025.07.11 18:17	0.52363	0.52363	0.52357	0.5236	46
2025.07.11 18:18	0.5236	0.52364	0.52359	0.52361	45
2025.07.11 18:19	0.5236	0.52368	0.52359	0.52367	51
2025.07.11 18:20	0.52366	0.52379	0.52366	0.52378	56
2025.07.11 18:21	0.52377	0.52385	0.52372	0.52373	47
2025.07.11 18:22	0.52373	0.52382	0.52367	0.52369	63
2025.07.11 18:23	0.52369	0.52373	0.52367	0.52372	53
2025.07.11 18:24	0.52374	0.52378	0.52373	0.52377	51
2025.07.11 18:25	0.52376	0.52377	0.5237	0.52374	49
2025.07.11 18:26	0.52374	0.52378	0.52368	0.5237	60
2025.07.11 18:27	0.5237	0.5237	0.52354	0.52358	49
2025.07.11 18:28	0.52359	0.5236	0.5235	0.5235	65
2025.07.11 18:29	0.52352	0.52352	0.52342	0.52345	57
2025.07.11 18:30	0.52345	0.52349	0.52337	0.52342	102
2025.07.11 18:31	0.52341	0.52346	0.52338	0.52339	89
2025.07.11 18:32	0.52339	0.52342	0.5233	0.52337	61
2025.07.11 18:33	0.52338	0.52341	0.52329	0.52334	60
2025.07.11 18:34	0.52333	0.52341	0.52331	0.52331	59
2025.07.11 18:35	0.5233	0.52339	0.52328	0.52337	59
2025.07.11 18:36	0.52337	0.52342	0.52336	0.52338	34
2025.07.11 18:37	0.52338	0.52338	0.52327	0.52332	75
2025.07.11 18:38	0.52333	0.5234	0.5233	0.52338	65
2025.07.11 18:39	0.52338	0.52351	0.52338	0.52351	71
2025.07.11 18:40	0.52351	0.52358	0.52349	0.52357	71
2025.07.11 18:41	0.52356	0.52363	0.52356	0.52362	58
2025.07.11 18:42	0.52362	0.5237	0.52361	0.52367	72
2025.07.11 18:43	0.52367	0.52368	0.52352	0.52354	59
2025.07.11 18:44	0.52353	0.52354	0.5234	0.52344	50
2025.07.11 18:45	0.52343	0.52346	0.5234	0.52344	67
2025.07.11 18:46	0.52344	0.52345	0.52339	0.52343	58
2025.07.11 18:47	0.52343	0.52354	0.52342	0.5235	59
2025.07.11 18:48	0.52351	0.52361	0.52349	0.5236	57
2025.07.11 18:49	0.52359	0.52364	0.52355	0.52361	76
2025.07.11 18:50	0.52362	0.52367	0.52358	0.52364	69
2025.07.11 18:51	0.52364	0.52369	0.52359	0.52365	45
2025.07.11 18:52	0.52364	0.52368	0.52362	0.52363	44
2025.07.11 18:53	0.52364	0.52368	0.52351	0.52353	71
2025.07.11 18:54	0.52351	0.52359	0.52345	0.52359	41
2025.07.11 18:55	0.52357	0.52366	0.52357	0.52362	40
2025.07.11 18:56	0.52363	0.52364	0.5235	0.52352	50
2025.07.11 18:57	0.52352	0.52358	0.52349	0.52358	49
2025.07.11 18:58	0.52358	0.52358	0.52348	0.52353	56
2025.07.11 18:59	0.52353	0.52354	0.52346	0.52353	67
2025.07.11 19:00	0.5235	0.52362	0.52347	0.52359	67
2025.07.11 19:01	0.52359	0.52359	0.52342	0.52344	73
2025.07.11 19:02	0.52345	0.52345	0.52335	0.52344	58
2025.07.11 19:03	0.52343	0.52343	0.5233	0.52336	84
2025.07.11 19:04	0.52336	0.52342	0.52329	0.5233	58
2025.07.11 19:05	0.5233	0.52334	0.52322	0.52323	45
2025.07.11 19:06	0.52323	0.52323	0.52315	0.5232	39
2025.07.11 19:07	0.5232	0.5232	0.5231	0.52317	51
2025.07.11 19:08	0.52315	0.52318	0.52311	0.52317	46
2025.07.11 19:09	0.52316	0.52322	0.52313	0.52318	53
2025.07.11 19:10	0.52317	0.52317	0.52301	0.52303	75
2025.07.11 19:11	0.52302	0.52312	0.52302	0.52306	44
2025.07.11 19:12	0.52308	0.52308	0.52301	0.52305	41
2025.07.11 19:13	0.52305	0.52309	0.52302	0.52309	36
2025.07.11 19:14	0.52308	0.5232	0.52308	0.5232	45
2025.07.11 19:15	0.52319	0.52332	0.52318	0.52332	57
2025.07.11 19:16	0.5233	0.52341	0.52326	0.5234	53
2025.07.11 19:17	0.52337	0.52339	0.52328	0.52332	53
2025.07.11 19:18	0.52333	0.52341	0.52331	0.52339	61
2025.07.11 19:19	0.52339	0.5234	0.52328	0.52335	44
2025.07.11 19:20	0.52333	0.52339	0.52333	0.52339	34
2025.07.11 19:21	0.52339	0.52345	0.52336	0.52344	49
2025.07.11 19:22	0.52338	0.52342	0.52335	0.52335	58
2025.07.11 19:23	0.52337	0.5234	0.52334	0.52337	54
2025.07.11 19:24	0.52337	0.52343	0.52329	0.52331	45
2025.07.11 19:25	0.52331	0.5234	0.52329	0.5234	36
2025.07.11 19:26	0.5234	0.52344	0.5233	0.52336	59
2025.07.11 19:27	0.52336	0.52341	0.52332	0.52338	55
2025.07.11 19:28	0.52339	0.52345	0.52337	0.52345	56
2025.07.11 19:29	0.52346	0.5235	0.52342	0.52348	60
2025.07.11 19:30	0.52348	0.52354	0.52343	0.52352	60
2025.07.11 19:31	0.52352	0.52353	0.52345	0.52349	60
2025.07.11 19:32	0.5235	0.52354	0.52348	0.52349	31
2025.07.11 19:33	0.5235	0.52353	0.52348	0.52353	38
2025.07.11 19:34	0.52354	0.52364	0.52352	0.52364	26
2025.07.11 19:35	0.52364	0.52369	0.52364	0.52364	22
2025.07.11 19:36	0.52364	0.52368	0.52361	0.52362	23
2025.07.11 19:37	0.52362	0.5237	0.52362	0.5237	24
2025.07.11 19:38	0.52371	0.52374	0.52366	0.52373	39
2025.07.11 19:39	0.52375	0.52375	0.5237	0.52373	43
2025.07.11 19:40	0.52374	0.52378	0.52371	0.52378	35
2025.07.11 19:41	0.52379	0.52379	0.52372	0.52372	40
2025.07.11 19:42	0.52373	0.52376	0.52369	0.52372	49
2025.07.11 19:43	0.52373	0.52373	0.52365	0.52367	30
2025.07.11 19:44	0.52366	0.52369	0.52362	0.52366	61
2025.07.11 19:45	0.52366	0.52374	0.52365	0.52374	46
2025.07.11 19:46	0.52375	0.52375	0.52364	0.52367	55
2025.07.11 19:47	0.52367	0.52372	0.52364	0.52366	63
2025.07.11 19:48	0.52368	0.52373	0.52365	0.52372	78
2025.07.11 19:49	0.52373	0.52375	0.52364	0.52369	68
2025.07.11 19:50	0.5237	0.5238	0.5237	0.52379	35
2025.07.11 19:51	0.5238	0.52382	0.52375	0.52376	48
2025.07.11 19:52	0.52376	0.52382	0.52373	0.5238	57
2025.07.11 19:53	0.5238	0.52382	0.52375	0.52376	45
2025.07.11 19:54	0.52376	0.52385	0.52376	0.52381	57
2025.07.11 19:55	0.52381	0.52387	0.52381	0.52387	40
2025.07.11 19:56	0.52387	0.52391	0.52381	0.52383	48
2025.07.11 19:57	0.52386	0.52387	0.52373	0.52374	50
2025.07.11 19:58	0.52375	0.52376	0.52371	0.52372	41
2025.07.11 19:59	0.52372	0.52373	0.52366	0.52369	41
2025.07.11 20:00	0.5237	0.52374	0.52364	0.52373	49
2025.07.11 20:01	0.52373	0.52386	0.5237	0.52381	53
2025.07.11 20:02	0.52382	0.52387	0.52381	0.52384	30
2025.07.11 20:03	0.52385	0.52392	0.52384	0.52391	27
2025.07.11 20:04	0.52392	0.52393	0.52385	0.52391	35
2025.07.11 20:05	0.52391	0.52398	0.52389	0.52394	26
2025.07.11 20:06	0.52394	0.52399	0.52394	0.52397	35
2025.07.11 20:07	0.52397	0.52398	0.52393	0.52396	35
2025.07.11 20:08	0.52394	0.52394	0.52387	0.52391	32
2025.07.11 20:09	0.5239	0.52393	0.52387	0.52389	29
2025.07.11 20:10	0.5239	0.52391	0.52384	0.52387	40
2025.07.11 20:11	0.52388	0.52388	0.52382	0.52386	34
2025.07.11 20:12	0.52386	0.52386	0.52374	0.52379	36
2025.07.11 20:13	0.52377	0.52379	0.52372	0.52372	46
2025.07.11 20:14	0.52372	0.52377	0.52368	0.52368	45
2025.07.11 20:15	0.52369	0.52378	0.52369	0.52376	38
2025.07.11 20:16	0.52378	0.52381	0.52376	0.52378	48
2025.07.11 20:17	0.52378	0.5238	0.52373	0.52379	46
2025.07.11 20:18	0.52379	0.52385	0.52378	0.52384	19
2025.07.11 20:19	0.52384	0.52389	0.52384	0.52387	27
2025.07.11 20:20	0.52387	0.52392	0.52387	0.52389	20
2025.07.11 20:21	0.52388	0.5239	0.52385	0.52387	21
2025.07.11 20:22	0.52387	0.52392	0.52386	0.52391	24
2025.07.11 20:23	0.52392	0.52392	0.52386	0.52388	23
2025.07.11 20:24	0.52386	0.52387	0.52379	0.52381	48
2025.07.11 20:25	0.52381	0.52392	0.5238	0.52391	61
2025.07.11 20:26	0.52391	0.52395	0.52389	0.52391	41
2025.07.11 20:27	0.5239	0.52395	0.5239	0.52394	29
2025.07.11 20:28	0.52393	0.52397	0.5239	0.52396	48
2025.07.11 20:29	0.52396	0.52398	0.52392	0.52395	51
2025.07.11 20:30	0.52394	0.52399	0.52393	0.52397	39
2025.07.11 20:31	0.52396	0.52399	0.52393	0.52394	31
2025.07.11 20:32	0.52393	0.52402	0.52388	0.524	42
2025.07.11 20:33	0.52401	0.52407	0.524	0.52407	43
2025.07.11 20:34	0.52406	0.52411	0.52404	0.52404	36
2025.07.11 20:35	0.52404	0.52409	0.52403	0.52409	33
2025.07.11 20:36	0.52408	0.52415	0.52407	0.52413	41
2025.07.11 20:37	0.52412	0.52412	0.52401	0.52408	42
2025.07.11 20:38	0.52407	0.52407	0.52397	0.52403	42
2025.07.11 20:39	0.52404	0.52404	0.52392	0.52398	62
2025.07.11 20:40	0.52399	0.52405	0.52398	0.524	63
2025.07.11 20:41	0.524	0.52403	0.52396	0.524	34
2025.07.11 20:42	0.52401	0.52401	0.52394	0.52394	17
2025.07.11 20:43	0.52395	0.52399	0.52393	0.52393	49
2025.07.11 20:44	0.52393	0.52397	0.52393	0.52396	29
2025.07.11 20:45	0.52395	0.52399	0.52393	0.52397	41
2025.07.11 20:46	0.52398	0.524	0.52394	0.52395	24
2025.07.11 20:47	0.52395	0.524	0.52395	0.52399	34
2025.07.11 20:48	0.52398	0.52403	0.52397	0.52403	39
2025.07.11 20:49	0.52402	0.52404	0.52399	0.52403	28
2025.07.11 20:50	0.52402	0.52408	0.52402	0.52407	28
2025.07.11 20:51	0.52404	0.52407	0.52399	0.52407	37
2025.07.11 20:52	0.52406	0.52412	0.52404	0.52411	36
2025.07.11 20:53	0.5241	0.5241	0.52406	0.52407	21
2025.07.11 20:54	0.52409	0.52412	0.52406	0.52406	30
2025.07.11 20:55	0.52407	0.52409	0.524	0.52408	35
2025.07.11 20:56	0.52407	0.52411	0.52406	0.52409	28
2025.07.11 20:57	0.52408	0.52409	0.52404	0.52408	33
2025.07.11 20:58	0.5241	0.52416	0.52409	0.52414	31
2025.07.11 20:59	0.52413	0.52415	0.52409	0.52413	51
2025.07.11 21:00	0.52414	0.5242	0.52409	0.52411	51
2025.07.11 21:01	0.5241	0.52419	0.52409	0.52419	46
2025.07.11 21:02	0.52417	0.52417	0.52411	0.52413	46
2025.07.11 21:03	0.52411	0.52412	0.52406	0.52408	34
2025.07.11 21:04	0.52409	0.52411	0.52405	0.52408	41
2025.07.11 21:05	0.52407	0.52411	0.524	0.52403	66
2025.07.11 21:06	0.52403	0.52406	0.52399	0.524	41
2025.07.11 21:07	0.524	0.5241	0.52399	0.52409	45
2025.07.11 21:08	0.52408	0.52417	0.52407	0.52415	37
2025.07.11 21:09	0.52414	0.52418	0.52411	0.52411	42
2025.07.11 21:10	0.52411	0.52419	0.52411	0.52417	55
2025.07.11 21:11	0.52417	0.52419	0.52414	0.52419	15
2025.07.11 21:12	0.5242	0.52424	0.52419	0.5242	21
2025.07.11 21:13	0.52421	0.52427	0.5242	0.52421	29
2025.07.11 21:14	0.52421	0.52424	0.52416	0.52416	15
2025.07.11 21:15	0.52416	0.5242	0.52411	0.52414	53
2025.07.11 21:16	0.52415	0.52418	0.52412	0.52418	48
2025.07.11 21:17	0.52417	0.52422	0.52415	0.52417	59
2025.07.11 21:18	0.52416	0.5242	0.52415	0.52417	33
2025.07.11 21:19	0.52417	0.5242	0.52416	0.52417	44
2025.07.11 21:20	0.52416	0.52419	0.5241	0.52413	57
2025.07.11 21:21	0.52413	0.52416	0.52411	0.52414	24
2025.07.11 21:22	0.52414	0.5242	0.52413	0.52415	38
2025.07.11 21:23	0.52416	0.52417	0.52411	0.52413	44
2025.07.11 21:24	0.52414	0.52415	0.52406	0.52407	33
2025.07.11 21:25	0.52408	0.5241	0.52399	0.52409	53
2025.07.11 21:26	0.5241	0.52419	0.52409	0.52418	28
2025.07.11 21:27	0.52419	0.52419	0.52414	0.52418	41
2025.07.11 21:28	0.52419	0.5243	0.52415	0.52428	47
2025.07.11 21:29	0.52428	0.52429	0.52422	0.52423	44
2025.07.11 21:30	0.52423	0.52426	0.5242	0.52426	43
2025.07.11 21:31	0.52427	0.5243	0.52424	0.5243	37
2025.07.11 21:32	0.52431	0.52432	0.52425	0.52431	21
2025.07.11 21:33	0.5243	0.52434	0.52429	0.52432	36
2025.07.11 21:34	0.52432	0.5244	0.52432	0.52438	12
2025.07.11 21:35	0.52438	0.5244	0.52435	0.52436	33
2025.07.11 21:36	0.52437	0.52442	0.52435	0.52435	51
2025.07.11 21:37	0.52435	0.52438	0.52432	0.52437	49
2025.07.11 21:38	0.52438	0.52438	0.52431	0.52434	20
2025.07.11 21:39	0.52434	0.52439	0.52432	0.52436	22
2025.07.11 21:40	0.52436	0.5245	0.52436	0.52448	26
2025.07.11 21:41	0.5245	0.52457	0.52446	0.52449	37
2025.07.11 21:42	0.52449	0.52449	0.52441	0.52444	50
2025.07.11 21:43	0.52443	0.52447	0.5244	0.52444	42
2025.07.11 21:44	0.52443	0.5245	0.52443	0.52447	31
2025.07.11 21:45	0.52448	0.52448	0.52442	0.52447	34
2025.07.11 21:46	0.52446	0.52446	0.52441	0.52445	35
2025.07.11 21:47	0.52444	0.52448	0.5244	0.52442	58
2025.07.11 21:48	0.52439	0.52446	0.52439	0.52443	45
2025.07.11 21:49	0.52444	0.52448	0.52443	0.52448	48
2025.07.11 21:50	0.52447	0.5245	0.52444	0.52447	45
2025.07.11 21:51	0.52448	0.52448	0.52439	0.52442	61
2025.07.11 21:52	0.52442	0.52447	0.52439	0.52442	68
2025.07.11 21:53	0.52442	0.52446	0.52441	0.52445	40
2025.07.11 21:54	0.52443	0.52445	0.52436	0.5244	57
2025.07.11 21:55	0.52439	0.52449	0.52438	0.52447	68
2025.07.11 21:56	0.52448	0.5245	0.52446	0.52449	45
2025.07.11 21:57	0.52449	0.52449	0.52435	0.52443	74
2025.07.11 21:58	0.52444	0.52445	0.52433	0.52438	68
2025.07.11 21:59	0.5244	0.52441	0.52432	0.52441	53
2025.07.11 22:00	0.52441	0.52441	0.52426	0.52432	50
2025.07.11 22:01	0.52431	0.52435	0.52428	0.52433	30
2025.07.11 22:02	0.52433	0.52435	0.52428	0.52435	35
2025.07.11 22:03	0.52434	0.52437	0.52429	0.52429	28
2025.07.11 22:04	0.52428	0.5243	0.52422	0.52423	36
2025.07.11 22:05	0.52423	0.52425	0.52415	0.5242	40
2025.07.11 22:06	0.52418	0.52421	0.52413	0.52417	41
2025.07.11 22:07	0.52417	0.52419	0.52414	0.52417	26
2025.07.11 22:08	0.52418	0.5242	0.52412	0.5242	24
2025.07.11 22:09	0.5242	0.52422	0.52418	0.52421	25
2025.07.11 22:10	0.52422	0.52423	0.52414	0.52415	14
2025.07.11 22:11	0.52416	0.52422	0.52415	0.52422	31
2025.07.11 22:12	0.52421	0.52422	0.52419	0.5242	15
2025.07.11 22:13	0.52419	0.52426	0.52417	0.52425	25
2025.07.11 22:14	0.52427	0.52431	0.52425	0.52426	30
2025.07.11 22:15	0.52426	0.52432	0.52425	0.52431	24
2025.07.11 22:16	0.52433	0.52436	0.52428	0.5243	30
2025.07.11 22:17	0.52429	0.5243	0.52424	0.52425	20
2025.07.11 22:18	0.52426	0.52428	0.52423	0.52424	32
2025.07.11 22:19	0.52424	0.52425	0.52417	0.52418	32
2025.07.11 22:20	0.52419	0.52424	0.52418	0.5242	26
2025.07.11 22:21	0.5242	0.52422	0.52417	0.52419	24
2025.07.11 22:22	0.52418	0.52427	0.52418	0.52426	48
2025.07.11 22:23	0.52425	0.52427	0.52421	0.52423	26
2025.07.11 22:24	0.52424	0.52427	0.52423	0.52425	28
2025.07.11 22:25	0.52425	0.52427	0.52423	0.52426	18
2025.07.11 22:26	0.52424	0.5243	0.52424	0.52428	29
2025.07.11 22:27	0.52428	0.52429	0.52425	0.52427	21
2025.07.11 22:28	0.52426	0.52429	0.52425	0.52425	20
2025.07.11 22:29	0.52425	0.52426	0.5242	0.52422	17
2025.07.11 22:30	0.5242	0.52421	0.52413	0.52416	43
2025.07.11 22:31	0.52414	0.52417	0.5241	0.52412	31
2025.07.11 22:32	0.52413	0.52419	0.52409	0.52413	36
2025.07.11 22:33	0.52412	0.52413	0.52407	0.52408	27
2025.07.11 22:34	0.52408	0.52415	0.52408	0.52415	27
2025.07.11 22:35	0.52414	0.52417	0.5241	0.52414	34
2025.07.11 22:36	0.52414	0.52418	0.52412	0.52413	23
2025.07.11 22:37	0.52414	0.52414	0.5241	0.52411	12
2025.07.11 22:38	0.52411	0.52415	0.52407	0.52408	37
2025.07.11 22:39	0.52408	0.52411	0.52408	0.52411	14
2025.07.11 22:40	0.52412	0.52413	0.52409	0.52412	25
2025.07.11 22:41	0.52413	0.52414	0.52407	0.52408	21
2025.07.11 22:42	0.52407	0.52408	0.52404	0.52406	23
2025.07.11 22:43	0.52406	0.52407	0.52401	0.52402	12
2025.07.11 22:44	0.52402	0.52404	0.52397	0.52397	19
2025.07.11 22:45	0.52397	0.524	0.52395	0.52399	17
2025.07.11 22:46	0.52397	0.524	0.52393	0.52396	22
2025.07.11 22:47	0.52395	0.52399	0.52394	0.52396	23
2025.07.11 22:48	0.52397	0.52401	0.52396	0.52399	24
2025.07.11 22:49	0.524	0.52406	0.52399	0.52405	21
2025.07.11 22:50	0.52403	0.52403	0.52398	0.524	34
2025.07.11 22:51	0.52398	0.524	0.52391	0.52393	20
2025.07.11 22:52	0.52391	0.52393	0.52388	0.52393	46
2025.07.11 22:53	0.52394	0.52398	0.52393	0.52396	24
2025.07.11 22:54	0.52395	0.52396	0.52388	0.52392	33
2025.07.11 22:55	0.52394	0.524	0.52393	0.52398	33
2025.07.11 22:56	0.52399	0.524	0.52394	0.52395	25
2025.07.11 22:57	0.52394	0.52397	0.52388	0.52391	37
2025.07.11 22:58	0.52392	0.52399	0.52392	0.52397	36
2025.07.11 22:59	0.52399	0.524	0.52394	0.52398	45
2025.07.11 23:00	0.52397	0.524	0.52392	0.52398	39
2025.07.11 23:01	0.52396	0.52402	0.52391	0.52402	48
2025.07.11 23:02	0.52402	0.52404	0.52396	0.524	24
2025.07.11 23:03	0.52401	0.52405	0.52401	0.52405	14
2025.07.11 23:04	0.52404	0.52406	0.524	0.52406	21
2025.07.11 23:05	0.52406	0.52408	0.52404	0.52405	11
2025.07.11 23:06	0.52406	0.52408	0.52405	0.52406	21
2025.07.11 23:07	0.52405	0.52407	0.52405	0.52405	15
2025.07.11 23:08	0.52404	0.52406	0.52403	0.52405	22
2025.07.11 23:09	0.52405	0.5241	0.52405	0.52406	16
2025.07.11 23:10	0.52407	0.52407	0.52402	0.52404	8
2025.07.11 23:11	0.52404	0.52406	0.52393	0.52399	21
2025.07.11 23:12	0.52399	0.52406	0.52399	0.52406	18
2025.07.11 23:13	0.52406	0.52409	0.52405	0.52407	13
2025.07.11 23:14	0.52407	0.52408	0.52402	0.52404	14
2025.07.11 23:15	0.52405	0.52405	0.52401	0.52402	6
2025.07.11 23:16	0.52402	0.52403	0.524	0.52402	8
2025.07.11 23:17	0.52402	0.52403	0.524	0.52401	15
2025.07.11 23:18	0.52401	0.52405	0.524	0.52405	8
2025.07.11 23:19	0.52405	0.52406	0.52392	0.52395	21
2025.07.11 23:20	0.52396	0.52396	0.5239	0.52392	12
2025.07.11 23:21	0.5239	0.52391	0.52387	0.52388	11
2025.07.11 23:22	0.52388	0.52392	0.52382	0.52385	19
2025.07.11 23:23	0.52385	0.52392	0.52385	0.5239	15
2025.07.11 23:24	0.52388	0.52395	0.52386	0.52394	21
2025.07.11 23:25	0.52392	0.52394	0.5239	0.52393	10
2025.07.11 23:26	0.52394	0.52396	0.52387	0.52395	28
2025.07.11 23:27	0.52394	0.52394	0.52388	0.52391	24
2025.07.11 23:28	0.52391	0.52395	0.52386	0.52387	18
2025.07.11 23:29	0.52387	0.52388	0.52383	0.52385	40
2025.07.11 23:30	0.52386	0.52391	0.5238	0.5238	28
2025.07.11 23:31	0.5238	0.52387	0.5238	0.52385	19
2025.07.11 23:32	0.52385	0.52388	0.52385	0.52386	17
2025.07.11 23:33	0.52385	0.52385	0.52381	0.52383	11
2025.07.11 23:34	0.52383	0.52384	0.52381	0.52382	11
2025.07.11 23:35	0.52382	0.52382	0.52377	0.52381	16
2025.07.11 23:36	0.52382	0.52382	0.5238	0.5238	7
2025.07.11 23:37	0.52381	0.52382	0.52377	0.52378	23
2025.07.11 23:38	0.52376	0.52384	0.52374	0.52383	29
2025.07.11 23:39	0.52384	0.52387	0.52382	0.52387	24
2025.07.11 23:40	0.52387	0.52387	0.52311	0.52315	26
2025.07.11 23:41	0.52314	0.52319	0.52313	0.52314	45
2025.07.11 23:42	0.52314	0.52318	0.52311	0.52312	26
2025.07.11 23:43	0.52312	0.52318	0.52312	0.52317	12
2025.07.11 23:44	0.52317	0.52323	0.52316	0.52323	16
2025.07.11 23:45	0.52323	0.52328	0.52322	0.52322	44
2025.07.11 23:46	0.52323	0.52325	0.52315	0.52316	47
2025.07.11 23:47	0.52316	0.52318	0.52309	0.5231	58
2025.07.11 23:48	0.52314	0.52314	0.5231	0.52314	59
2025.07.11 23:49	0.52311	0.52314	0.52307	0.5231	37
2025.07.11 23:50	0.52309	0.52321	0.52306	0.52312	44
2025.07.11 23:51	0.52312	0.52313	0.52307	0.5231	76
2025.07.11 23:52	0.52311	0.52311	0.52307	0.52309	26
2025.07.11 23:53	0.5231	0.52313	0.52308	0.52309	21
2025.07.11 23:54	0.52309	0.52317	0.52309	0.52317	5
2025.07.11 23:55	0.52316	0.52316	0.52307	0.52312	29
2025.07.11 23:56	0.5231	0.52327	0.5224	0.52271	97
2025.07.11 23:57	0.52269	0.52271	0.52256	0.52259	29
2025.07.11 23:58	0.52259	0.52262	0.52259	0.52262	5
2025.07.11 23:59	ERROR	ERROR	ERROR	ERROR	ERROR
